GLOBAL CALL COUNT,OP CODE,OP TYPE,DEVICE ID,DEVICE ARCH,ATTRIBUTES,MATH FIDELITY,CORE COUNT,AVAILABLE WORKER CORE COUNT,SUB DEVICE ID,PARALLELIZATION STRATEGY,HOST START TS,HOST END TS,HOST DURATION [ns],DEVICE FW START CYCLE,DEVICE FW END CYCLE,OP TO OP LATENCY [ns],OP TO OP LATENCY BR/NRISC START [ns],DEVICE FW DURATION [ns],DEVICE KERNEL DURATION DM START [ns],DEVICE KERNEL DURATION PER CORE MIN [ns],DEVICE KERNEL DURATION PER CORE MAX [ns],DEVICE KERNEL DURATION PER CORE AVG [ns],DEVICE KERNEL FIRST TO LAST START [ns],DEVICE BRISC KERNEL DURATION [ns],DEVICE NCRISC KERNEL DURATION [ns],DEVICE TRISC0 KERNEL DURATION [ns],DEVICE TRISC1 KERNEL DURATION [ns],DEVICE TRISC2 KERNEL DURATION [ns],DEVICE ERISC KERNEL DURATION [ns],DEVICE COMPUTE CB WAIT FRONT [ns],DEVICE COMPUTE CB RESERVE BACK [ns],DISPATCH TOTAL CQ CMD OP TIME [ns],DISPATCH GO SEND WAIT TIME [ns],INPUT_0_W_PAD[LOGICAL],INPUT_0_Z_PAD[LOGICAL],INPUT_0_Y_PAD[LOGICAL],INPUT_0_X_PAD[LOGICAL],INPUT_0_LAYOUT,INPUT_0_DATATYPE,INPUT_0_MEMORY,INPUT_1_W_PAD[LOGICAL],INPUT_1_Z_PAD[LOGICAL],INPUT_1_Y_PAD[LOGICAL],INPUT_1_X_PAD[LOGICAL],INPUT_1_LAYOUT,INPUT_1_DATATYPE,INPUT_1_MEMORY,INPUT_2_W_PAD[LOGICAL],INPUT_2_Z_PAD[LOGICAL],INPUT_2_Y_PAD[LOGICAL],INPUT_2_X_PAD[LOGICAL],INPUT_2_LAYOUT,INPUT_2_DATATYPE,INPUT_2_MEMORY,OUTPUT_0_W_PAD[LOGICAL],OUTPUT_0_Z_PAD[LOGICAL],OUTPUT_0_Y_PAD[LOGICAL],OUTPUT_0_X_PAD[LOGICAL],OUTPUT_0_LAYOUT,OUTPUT_0_DATATYPE,OUTPUT_0_MEMORY,METAL TRACE ID,METAL TRACE REPLAY SESSION ID,COMPUTE KERNEL SOURCE,COMPUTE KERNEL HASH,DATA MOVEMENT KERNEL SOURCE,DATA MOVEMENT KERNEL HASH,PROGRAM HASH,PROGRAM CACHE HIT,TENSIX DM 0 MAX KERNEL SIZE [B],TENSIX DM 1 MAX KERNEL SIZE [B],TENSIX COMPUTE 0 MAX KERNEL SIZE [B],TENSIX COMPUTE 1 MAX KERNEL SIZE [B],TENSIX COMPUTE 2 MAX KERNEL SIZE [B],ACTIVE ETH DM 0 MAX KERNEL SIZE [B],ACTIVE ETH DM 1 MAX KERNEL SIZE [B],IDLE ETH DM 0 MAX KERNEL SIZE [B],IDLE ETH DM 1 MAX KERNEL SIZE [B],PM IDEAL [ns],PM COMPUTE [ns],PM BANDWIDTH [ns],PM REQ I BW,PM REQ O BW,PM FPU UTIL (%),DRAM BW UTIL PER CTRL (%),TT_DNN_DEVICE_OP_TT_HOST_FUNC [ns],DEVICE KERNEL DURATION [ns],DEVICE KERNEL DURATION [ms],DEVICE KERNEL DURATION [ns]_noctrace,DEVICE KERNEL DURATION [ms]_noctrace,MemTraffic_noctrace,NOC UTIL (%)_noctrace,MULTICAST NOC UTIL (%)_noctrace,ETH BW UTIL (%)_noctrace,NPE CONG IMPACT (%)_noctrace,DRAM BW UTIL (%)_noctrace,DEVICE KERNEL DURATION [ns]_fpuutil,DEVICE KERNEL DURATION [ms]_fpuutil,FPU Util Median (%)_fpuutil,SFPU Util Median (%)_fpuutil,SFPU Util Min (%),SFPU Util Median (%),SFPU Util Max (%),Avg SFPU util on full grid (%),FPU Util Min (%),FPU Util Median (%),FPU Util Max (%),Avg FPU util on full grid (%),MATH Util Min (%),MATH Util Median (%),MATH Util Max (%),Avg Math util on full grid (%),Unpacker0 Write Efficiency Min (%),Unpacker0 Write Efficiency Median (%),Unpacker0 Write Efficiency Max (%),Unpacker0 Write Efficiency Avg (%),Unpacker1 Write Efficiency Min (%),Unpacker1 Write Efficiency Median (%),Unpacker1 Write Efficiency Max (%),Unpacker1 Write Efficiency Avg (%),Unpacker Write Efficiency Min (%),Unpacker Write Efficiency Median (%),Unpacker Write Efficiency Max (%),Unpacker Write Efficiency Avg (%),Packer Efficiency Min (%),Packer Efficiency Median (%),Packer Efficiency Max (%),Packer Efficiency Avg (%),FPU Execution Efficiency Min (%),FPU Execution Efficiency Median (%),FPU Execution Efficiency Max (%),FPU Execution Efficiency Avg (%),Math Pipeline Utilization Min (%),Math Pipeline Utilization Median (%),Math Pipeline Utilization Max (%),Math Pipeline Utilization Avg (%),Math-to-Pack Handoff Efficiency Min (%),Math-to-Pack Handoff Efficiency Median (%),Math-to-Pack Handoff Efficiency Max (%),Math-to-Pack Handoff Efficiency Avg (%),Unpacker-to-Math Data Flow Min (%),Unpacker-to-Math Data Flow Median (%),Unpacker-to-Math Data Flow Max (%),Unpacker-to-Math Data Flow Avg (%),FPUUtil/Raw,MemUtil/Raw
1024,PadDeviceOperation,tt_dnn_device,0,blackhole,"{'input_tensor_start': 'Shape([0; 0; 3; 0])'; 'output_logical_shape': 'Shape([16; 4; 256; 224])'; 'output_mem_config': 'MemoryConfig(memory_layout=TensorMemoryLayout::HEIGHT_SHARDED;buffer_type=BufferType::L1;shard_spec=ShardSpec{grid=[{""start"":{""x"":0;""y"":0};""end"":{""x"":7;""y"":7}]; shape=[256; 224]; orientation=ShardOrientation::ROW_MAJOR};nd_shard_spec=std::nullopt;created_with_nd_shard_spec=0)'; 'output_padded_shape': 'Shape([16; 4; 256; 224])'; 'pad_value': '0'; 'sub_core_grids': 'std::nullopt'; 'use_multicore': 'false'}",,64,110,,,46137305995,46137430764,124769,128272141274,128272151141,0,0,7309,6727,,,,236,6644,1705,,,,,,,,,16[16],3[3],224[224],224[224],ROW_MAJOR,BFLOAT16,DEV_1_L1_HEIGHT_SHARDED,,,,,,,,,,,,,,,16[16],4[4],256[256],224[224],ROW_MAJOR,BFLOAT16,DEV_1_L1_HEIGHT_SHARDED,,,[],[],['ttnn/cpp/ttnn/operations/data_movement/pad/device/kernels/dataflow/writer_pad_dims_rm_sharded.cpp'; 'ttnn/cpp/ttnn/operations/data_movement/pad/device/kernels/dataflow/reader_pad_dims_rm_sharded.cpp'],['writer_pad_dims_rm_sharded/10437312555042485803/'; 'reader_pad_dims_rm_sharded/5971008289287677832/'],14653828338328256001,False,788,1052,0,0,0,0,0,0,0,1,1,1,[],[],0.015,,124769,6727,0.006727,23552,0.023552,0,0.0,0.0,-,0.0,0.0,6754,0.006754,0.0,0.0,0.0,0.0,0.0,0.0,0.0,0.0,0.0,0.0,0.0,0.0,0.0,0.0,nan,nan,nan,nan,nan,nan,nan,nan,nan,nan,nan,nan,nan,nan,nan,nan,nan,nan,nan,nan,nan,nan,nan,nan,nan,nan,nan,nan,nan,nan,nan,nan,1.0040136762301173,3.5011149100639214
2048,TransposeDeviceOperation,tt_dnn_device,0,blackhole,"{'dim': 'TransposeOpDim::WH'; 'output_mem_config': 'MemoryConfig(memory_layout=TensorMemoryLayout::HEIGHT_SHARDED;buffer_type=BufferType::L1;shard_spec=ShardSpec{grid=[{""start"":{""x"":0;""y"":0};""end"":{""x"":7;""y"":7}]; shape=[224; 256]; orientation=ShardOrientation::ROW_MAJOR};nd_shard_spec=std::nullopt;created_with_nd_shard_spec=0)'; 'pad_value': '0'}",HiFi4,64,110,,,46388994352,46389152591,158239,128611908566,128611920326,251665845,251679736,8711,8058,,,,341,171,4111,7111,6764,7934,,,,,,16[16],4[4],256[256],224[224],ROW_MAJOR,BFLOAT16,DEV_1_L1_HEIGHT_SHARDED,,,,,,,,,,,,,,,16[16],4[4],224[224],256[256],ROW_MAJOR,BFLOAT16,DEV_1_L1_HEIGHT_SHARDED,,,['ttnn/cpp/ttnn/operations/data_movement/transpose/device/kernels/compute/transpose_wh_rm.cpp'],['transpose_wh_rm/10415097874227003449/'],['ttnn/cpp/ttnn/operations/data_movement/transpose/device/kernels/dataflow/writer_unary_transpose_wh_sharded_rm.cpp'; 'ttnn/cpp/ttnn/operations/data_movement/transpose/device/kernels/dataflow/reader_unary_transpose_wh_sharded_rm.cpp'],['writer_unary_transpose_wh_sharded_rm/16124889997737749660/'; 'reader_unary_transpose_wh_sharded_rm/18162447672461791641/'],15412644925698430877,False,340,624,2176,1352,3692,0,0,0,0,2260,2260,1,[3247.8017578125],[3247.8017578125],27.826,,158239,8122,0.008122,15878,0.015878,0,0.0,0.0,-,0.0,0.0,8052,0.008052,10.104313536494985,0.0,0.0,0.0,0.0,0.0,9.942299156679981,10.104313536494985,10.152974504249292,4.396197485433916,9.942299156679981,10.104313536494985,10.152974504249292,4.396197485433916,nan,nan,nan,nan,nan,nan,nan,nan,nan,nan,nan,nan,nan,nan,nan,nan,nan,nan,nan,nan,nan,nan,nan,nan,nan,nan,nan,nan,nan,nan,nan,nan,0.9913814331445456,1.9549372075843385
3072,PadDeviceOperation,tt_dnn_device,0,blackhole,"{'input_tensor_start': 'Shape([0; 0; 3; 0])'; 'output_logical_shape': 'Shape([16; 4; 256; 256])'; 'output_mem_config': 'MemoryConfig(memory_layout=TensorMemoryLayout::HEIGHT_SHARDED;buffer_type=BufferType::L1;shard_spec=ShardSpec{grid=[{""start"":{""x"":0;""y"":0};""end"":{""x"":7;""y"":7}]; shape=[256; 256]; orientation=ShardOrientation::ROW_MAJOR};nd_shard_spec=std::nullopt;created_with_nd_shard_spec=0)'; 'output_padded_shape': 'Shape([16; 4; 256; 256])'; 'pad_value': '0'; 'sub_core_grids': 'std::nullopt'; 'use_multicore': 'false'}",,64,110,,,46507627743,46507732803,105060,128772061799,128772068700,118630737,118630737,5112,4521,,,,173,4479,1736,,,,,,,,,16[16],4[4],224[224],256[256],ROW_MAJOR,BFLOAT16,DEV_1_L1_HEIGHT_SHARDED,,,,,,,,,,,,,,,16[16],4[4],256[256],256[256],ROW_MAJOR,BFLOAT16,DEV_1_L1_HEIGHT_SHARDED,,,[],[],['ttnn/cpp/ttnn/operations/data_movement/pad/device/kernels/dataflow/writer_pad_dims_rm_sharded.cpp'; 'ttnn/cpp/ttnn/operations/data_movement/pad/device/kernels/dataflow/reader_pad_dims_rm_sharded.cpp'],['writer_pad_dims_rm_sharded/2627306619806877398/'; 'reader_pad_dims_rm_sharded/11346066765240645249/'],5789546145756465834,False,800,908,0,0,0,0,0,0,0,1,1,1,[],[],0.022,,105060,4521,0.004521,6604,0.006604,0,0.0,0.0,-,0.0,0.0,4497,0.004497,0.0,0.0,0.0,0.0,0.0,0.0,0.0,0.0,0.0,0.0,0.0,0.0,0.0,0.0,nan,nan,nan,nan,nan,nan,nan,nan,nan,nan,nan,nan,nan,nan,nan,nan,nan,nan,nan,nan,nan,nan,nan,nan,nan,nan,nan,nan,nan,nan,nan,nan,0.9946914399469144,1.4607387746073877
4096,TransposeDeviceOperation,tt_dnn_device,0,blackhole,"{'dim': 'TransposeOpDim::HC'; 'output_mem_config': 'MemoryConfig(memory_layout=TensorMemoryLayout::HEIGHT_SHARDED;buffer_type=BufferType::L1;shard_spec=ShardSpec{grid=[{""start"":{""x"":0;""y"":0};""end"":{""x"":7;""y"":7}]; shape=[256; 256]; orientation=ShardOrientation::ROW_MAJOR};nd_shard_spec={""shard_shape"":[256; 256];""grid"":[{""start"":{""x"":0;""y"":0};""end"":{""x"":7;""y"":7}}];""orientation"":""ShardOrientation::ROW_MAJOR"";""shard_distribution_strategy"":""ShardDistributionStrategy::ROUND_ROBIN_1D""};created_with_nd_shard_spec=0)'; 'pad_value': '0'}",,64,110,,,46629581223,46629685212,103989,128936696908,128936704976,121948229,121948229,5976,5403,,,,178,5349,4840,,,,,,,,,16[16],4[4],256[256],256[256],ROW_MAJOR,BFLOAT16,DEV_1_L1_HEIGHT_SHARDED,,,,,,,,,,,,,,,16[16],256[256],4[4],256[256],ROW_MAJOR,BFLOAT16,DEV_1_L1_HEIGHT_SHARDED,,,[],[],['ttnn/cpp/ttnn/operations/data_movement/transpose/device/kernels/dataflow/writer_unary_transpose_hc_sharded_rm.cpp'; 'ttnn/cpp/ttnn/operations/data_movement/transpose/device/kernels/dataflow/reader_unary_transpose_hc_sharded_rm.cpp'],['writer_unary_transpose_hc_sharded_rm/3695176992334433535/'; 'reader_unary_transpose_hc_sharded_rm/15977181360788720031/'],6546073521232275264,False,1052,988,0,0,0,0,0,0,0,2574,2574,1,[3258.9775390625],[3258.9775390625],47.64,,103989,5403,0.005403,9044,0.009044,0,19.7,0.0,-,0.0,0.0,5393,0.005393,0.0,0.0,0.0,0.0,0.0,0.0,0.0,0.0,0.0,0.0,0.0,0.0,0.0,0.0,nan,nan,nan,nan,nan,nan,nan,nan,nan,nan,nan,nan,nan,nan,nan,nan,nan,nan,nan,nan,nan,nan,nan,nan,nan,nan,nan,nan,nan,nan,nan,nan,0.9981491763834908,1.6738848787710532
5120,TransposeDeviceOperation,tt_dnn_device,0,blackhole,"{'dim': 'TransposeOpDim::WH'; 'output_mem_config': 'MemoryConfig(memory_layout=TensorMemoryLayout::HEIGHT_SHARDED;buffer_type=BufferType::L1;shard_spec=ShardSpec{grid=[{""start"":{""x"":0;""y"":0};""end"":{""x"":7;""y"":7}]; shape=[8192; 8]; orientation=ShardOrientation::ROW_MAJOR};nd_shard_spec=std::nullopt;created_with_nd_shard_spec=0)'; 'pad_value': '0'}",HiFi4,64,110,,,46836437398,46836573867,136469,129215950941,129216025246,206850149,206851175,55041,54396,,,,296,183,49606,53481,53656,54315,,,,,,16[16],128[128],8[8],256[256],ROW_MAJOR,BFLOAT16,DEV_1_L1_HEIGHT_SHARDED,,,,,,,,,,,,,,,16[16],128[128],256[256],8[8],ROW_MAJOR,BFLOAT16,DEV_1_L1_HEIGHT_SHARDED,,,['ttnn/cpp/ttnn/operations/data_movement/transpose/device/kernels/compute/transpose_wh_rm.cpp'],['transpose_wh_rm/14474720578716484984/'],['ttnn/cpp/ttnn/operations/data_movement/transpose/device/kernels/dataflow/writer_unary_transpose_wh_sharded_rm.cpp'; 'ttnn/cpp/ttnn/operations/data_movement/transpose/device/kernels/dataflow/reader_unary_transpose_wh_sharded_rm.cpp'],['writer_unary_transpose_wh_sharded_rm/12774052930341016748/'; 'reader_unary_transpose_wh_sharded_rm/11621101012974064446/'],11690284133823055356,False,340,604,1856,1416,3920,0,0,0,0,2574,2574,1,[3258.9775390625],[3258.9775390625],4.729,,136469,54435,0.054435,54624,0.054624,0,0.0,0.0,-,0.0,0.0,54408,0.054408,5.639108166498249,0.0,0.0,0.0,0.0,0.0,5.62702964140123,5.639108166498249,5.651160208726546,2.9567103692711236,5.62702964140123,5.639108166498249,5.651160208726546,2.9567103692711236,nan,nan,nan,nan,nan,nan,nan,nan,nan,nan,nan,nan,nan,nan,nan,nan,nan,nan,nan,nan,nan,nan,nan,nan,nan,nan,nan,nan,nan,nan,nan,nan,0.999503995591072,1.0034720308624965
6144,TransposeDeviceOperation,tt_dnn_device,0,blackhole,"{'dim': 'TransposeOpDim::HC'; 'output_mem_config': 'MemoryConfig(memory_layout=TensorMemoryLayout::HEIGHT_SHARDED;buffer_type=BufferType::L1;shard_spec=ShardSpec{grid=[{""start"":{""x"":0;""y"":0};""end"":{""x"":7;""y"":7}]; shape=[4096; 16]; orientation=ShardOrientation::ROW_MAJOR};nd_shard_spec={""shard_shape"":[4096; 16];""grid"":[{""start"":{""x"":0;""y"":0};""end"":{""x"":7;""y"":7}}];""orientation"":""ShardOrientation::ROW_MAJOR"";""shard_distribution_strategy"":""ShardDistributionStrategy::ROUND_ROBIN_1D""};created_with_nd_shard_spec=0)'; 'pad_value': '0'}",,64,110,,,46990447044,46990520933,73889,129423865414,129423909229,153954331,153954331,32456,31847,,,,173,31647,31847,,,,,,,,,16[16],128[128],128[128],16[16],ROW_MAJOR,BFLOAT16,DEV_1_L1_HEIGHT_SHARDED,,,,,,,,,,,,,,,16[16],128[128],128[128],16[16],ROW_MAJOR,BFLOAT16,DEV_1_L1_HEIGHT_SHARDED,,,[],[],['ttnn/cpp/ttnn/operations/data_movement/transpose/device/kernels/dataflow/writer_unary_transpose_hc_sharded_rm.cpp'; 'ttnn/cpp/ttnn/operations/data_movement/transpose/device/kernels/dataflow/reader_unary_transpose_hc_sharded_rm.cpp'],['writer_unary_transpose_hc_sharded_rm/11679250006430135953/'; 'reader_unary_transpose_hc_sharded_rm/9053040016854926614/'],9070691763310163820,False,1052,988,0,0,0,0,0,0,0,2574,2574,1,[3258.9775390625],[3258.9775390625],8.082,,73889,31847,0.031847,93521,0.093521,0,21.2,0.0,-,0.0,0.0,32921,0.032921,0.0,0.0,0.0,0.0,0.0,0.0,0.0,0.0,0.0,0.0,0.0,0.0,0.0,0.0,nan,nan,nan,nan,nan,nan,nan,nan,nan,nan,nan,nan,nan,nan,nan,nan,nan,nan,nan,nan,nan,nan,nan,nan,nan,nan,nan,nan,nan,nan,nan,nan,1.033723741639715,2.9365717336012813
7168,SliceDeviceOperation,tt_dnn_device,0,blackhole,"{'num_devices': 'std::nullopt'; 'output_mem_config': 'MemoryConfig(memory_layout=TensorMemoryLayout::HEIGHT_SHARDED;buffer_type=BufferType::L1;shard_spec=ShardSpec{grid=[{""start"":{""x"":0;""y"":0};""end"":{""x"":10;""y"":7}; {""start"":{""x"":0;""y"":8};""end"":{""x"":9;""y"":8}]; shape=[2160; 16]; orientation=ShardOrientation::ROW_MAJOR};nd_shard_spec=std::nullopt;created_with_nd_shard_spec=0)'; 'slice_dim': 'std::nullopt'; 'slice_end': 'Shape([16; 115; 115; 16])'; 'slice_start': 'Shape([0; 0; 0; 0])'; 'step': 'Shape([1; 1; 1; 1])'; 'sub_core_grids': 'std::nullopt'; 'use_tensor_args': 'false'}",,98,110,,,47169790442,47169874981,84539,129665979057,129665993847,179318768,179318768,10956,9890,,,,328,,9890,,,,,,,,,16[16],128[128],128[128],16[16],ROW_MAJOR,BFLOAT16,DEV_1_L1_HEIGHT_SHARDED,,,,,,,,,,,,,,,16[16],115[115],115[115],16[16],ROW_MAJOR,BFLOAT16,DEV_1_L1_HEIGHT_SHARDED,,,[],[],['ttnn/cpp/ttnn/operations/data_movement/slice/device/kernels/dataflow/slice_reader_unary_unpad_dims_rm_sharded.cpp'],['slice_reader_unary_unpad_dims_rm_sharded/1779069670911340067/'],13535071810478159768,False,0,880,0,0,0,0,0,0,0,5951,5951,1,[1409.6131591796875],[1137.8255615234375],60.172,,84539,9890,0.00989,9952,0.009952,0,14.7,0.0,-,57.45,0.0,11098,0.011098,0.0,0.0,0.0,0.0,0.0,0.0,0.0,0.0,0.0,0.0,0.0,0.0,0.0,0.0,nan,nan,nan,nan,nan,nan,nan,nan,nan,nan,nan,nan,nan,nan,nan,nan,nan,nan,nan,nan,nan,nan,nan,nan,nan,nan,nan,nan,nan,nan,nan,nan,1.1221435793731043,1.006268958543984
8192,HaloDeviceOperation,tt_dnn_device,0,blackhole,{'compute_kernel_config': 'ComputeKernelConfig(math_fidelity=LoFi;math_approx_mode=1;fp32_dest_acc_en=0;packer_l1_acc=1;dst_full_sync_en=0;throttle_level=ThrottleLevel::NO_THROTTLE)'; 'config': 'SlidingWindowConfig(batch_size=16; input_hw=(115;115); window_hw=(4;4); stride_hw=(1;1); padding=((0; 0); (0; 0)); output_padding = (0; 0); ceil_pad_hw=(0;0); dilation_hw=(1;1); scale_h=1; scale_w=1; num_cores_nhw=98; num_cores_c=1; core_range_set_={[0-0 - 10-7]; [0-8 - 9-8]}; is_transpose=false)'; 'config_tensors_in_dram': 'false'; 'in_nsticks_per_core': '2160'; 'is_out_tiled': 'true'; 'max_out_nsticks_per_core': '2798'; 'output_memory_config': 'MemoryConfig(memory_layout=TensorMemoryLayout::INTERLEAVED;buffer_type=BufferType::DRAM;shard_spec=std::nullopt;nd_shard_spec=std::nullopt;created_with_nd_shard_spec=0)'; 'pad_val': '0'; 'parallel_config': 'ParallelConfig(grid={[0-0 - 10-7]; [0-8 - 9-8]}; shard_scheme=HEIGHT_SHARDED; shard_orientation=ROW_MAJOR)'; 'remote_read': 'false'; 'transpose_mcast': 'false'},,98,110,,,47321073606,47321182636,109030,129870202994,129870206523,151256389,151256389,2614,1571,,,,301,1571,600,,,,,,,,,1[1],1[1],211600[211600],16[16],ROW_MAJOR,BFLOAT16,DEV_1_L1_HEIGHT_SHARDED,,,,,,,,,,,,,,,1[1],1[1],274204[274204],16[16],ROW_MAJOR,BFLOAT16,DEV_1_L1_HEIGHT_SHARDED,,,[],[],['ttnn/cpp/ttnn/operations/sliding_window/halo/device/kernels/dataflow/halo_gather.cpp'],['halo_gather/15552419561773788716/'],12296388362216439377,False,1116,924,0,0,0,0,0,0,0,1,1,1,[],[],0.064,,109030,1571,0.001571,1676,0.001676,0,2.8,0.0,-,0.0,0.0,1573,0.001573,0.0,0.0,0.0,0.0,0.0,0.0,0.0,0.0,0.0,0.0,0.0,0.0,0.0,0.0,nan,nan,nan,nan,nan,nan,nan,nan,nan,nan,nan,nan,nan,nan,nan,nan,nan,nan,nan,nan,nan,nan,nan,nan,nan,nan,nan,nan,nan,nan,nan,nan,1.0012730744748568,1.066836409929981
9216,Conv2dDeviceOperation,tt_dnn_device,0,blackhole,"{'activation': 'BasicUnaryWithParam<float>(op_type=UnaryOpType::RELU;param={})'; 'block_config': 'Conv2dBlockConfig(act_block_h_ntiles=64;act_block_w_ntiles=8;out_subblock_h_ntiles=4;out_subblock_w_ntiles=2)'; 'compute_kernel_config': 'ComputeKernelConfig(math_fidelity=LoFi;math_approx_mode=1;fp32_dest_acc_en=0;packer_l1_acc=1;dst_full_sync_en=0;throttle_level=ThrottleLevel::NO_THROTTLE)'; 'config_tensors_in_dram': 'false'; 'dtype': 'DataType::BFLOAT8_B'; 'enable_act_double_buffer': 'false'; 'enable_activation_reuse': 'true'; 'enable_weights_double_buffer': 'false'; 'force_split_reader': 'std::nullopt'; 'full_inner_dim': 'false'; 'groups': '1'; 'has_bias': 'true'; 'input_tensor_shape': '{16; 115; 115; 16}'; 'memory_config': 'MemoryConfig(memory_layout=TensorMemoryLayout::HEIGHT_SHARDED;buffer_type=BufferType::L1;shard_spec=ShardSpec{grid=[{""start"":{""x"":0;""y"":0};""end"":{""x"":10;""y"":7}; {""start"":{""x"":0;""y"":8};""end"":{""x"":9;""y"":8}]; shape=[2048; 64]; orientation=ShardOrientation::ROW_MAJOR};nd_shard_spec=std::nullopt;created_with_nd_shard_spec=0)'; 'output_channels': '64'; 'parallelization_config': 'Conv2dParallelizationConfig(grid_size=11-9;num_cores_nhw=98;num_cores_c_in=1;num_cores_c_out=1;per_core_out_matrix_height_ntile=64;per_core_out_matrix_width_ntile=2)'; 'sliding_window_config': 'SlidingWindowConfig(batch_size=16; input_hw=(115;115); window_hw=(4;4); stride_hw=(1;1); padding=((0; 0); (0; 0)); output_padding = (0; 0); ceil_pad_hw=(0;0); dilation_hw=(1;1); scale_h=1; scale_w=1; num_cores_nhw=98; num_cores_c=1; core_range_set_={[0-0 - 10-7]; [0-8 - 9-8]}; is_transpose=false)'; 'untilize_out': 'false'}",LoFi,99,110,,,47591537329,47591752627,215298,130235325012,130235421885,270461730,270460719,71758,69283,,,,419,53691,50689,69160,68953,69284,,,,,,1[1],1[1],274204[274204],16[16],ROW_MAJOR,BFLOAT16,DEV_1_L1_HEIGHT_SHARDED,1[1],1[1],256[256],64[64],TILE,BFLOAT8_B,DEV_1_DRAM_INTERLEAVED,1[1],1[1],32[1],64[64],TILE,BFLOAT8_B,DEV_1_DRAM_INTERLEAVED,1[1],1[1],200704[200704],64[64],TILE,BFLOAT8_B,DEV_1_L1_HEIGHT_SHARDED,,,['ttnn/cpp/ttnn/operations/conv/conv2d/device/kernels/conv_bmm_tilize.cpp'],['conv_bmm_tilize/3689708692630248223/'],['ttnn/cpp/ttnn/operations/conv/conv2d/device/kernels/reader_conv_activations_padded_with_halo_3x3_weights_v2.cpp'; 'ttnn/cpp/ttnn/operations/conv/conv2d/device/kernels/reader_writer_tiled_out_1d_mcast_receiver_conv_weights_tiled_col_to_rm_blocks.cpp'; 'ttnn/cpp/ttnn/operations/conv/conv2d/device/kernels/reader_writer_tiled_out_1d_mcast_sender_conv_weights_tiled_col_to_rm_blocks.cpp'],['reader_conv_activations_padded_with_halo_3x3_weights_v2/2167239607318082618/'; 'reader_writer_tiled_out_1d_mcast_receiver_conv_weights_tiled_col_to_rm_blocks/6347995949404930456/'; 'reader_writer_tiled_out_1d_mcast_sender_conv_weights_tiled_col_to_rm_blocks/13964656555503502826/'],1363403937580168788,False,3416,1956,3236,2980,4480,0,0,0,0,10813,10813,29,[811.4794921875; 1.515213131904602; 0.18940164148807526],[1187.9271240234375],15.607,,215298,69284,0.069284,148186,0.148186,0,0.0,0.0,-,0.0,0.0,69310,0.06931,23.091542439223332,0.0,0.0,0.0,0.0,0.0,23.04179649726013,23.091542439223332,23.255435666648594,18.717702087942232,23.04179649726013,23.091542439223332,23.255435666648594,18.717702087942232,nan,nan,nan,nan,nan,nan,nan,nan,nan,nan,nan,nan,nan,nan,nan,nan,nan,nan,nan,nan,nan,nan,nan,nan,nan,nan,nan,nan,nan,nan,nan,nan,1.000375267016916,2.1388199295652677
10240,HaloDeviceOperation,tt_dnn_device,0,blackhole,{'compute_kernel_config': 'ComputeKernelConfig(math_fidelity=HiFi4;math_approx_mode=1;fp32_dest_acc_en=0;packer_l1_acc=0;dst_full_sync_en=0;throttle_level=ThrottleLevel::NO_THROTTLE)'; 'config': 'SlidingWindowConfig(batch_size=16; input_hw=(112;112); window_hw=(3;3); stride_hw=(2;2); padding=((1; 1); (1; 1)); output_padding = (0; 0); ceil_pad_hw=(0;0); dilation_hw=(1;1); scale_h=1; scale_w=1; num_cores_nhw=98; num_cores_c=1; core_range_set_={[0-0 - 10-7]; [0-8 - 9-8]}; is_transpose=false)'; 'config_tensors_in_dram': 'false'; 'in_nsticks_per_core': '2048'; 'is_out_tiled': 'false'; 'max_out_nsticks_per_core': '2525'; 'output_memory_config': 'MemoryConfig(memory_layout=TensorMemoryLayout::INTERLEAVED;buffer_type=BufferType::DRAM;shard_spec=std::nullopt;nd_shard_spec=std::nullopt;created_with_nd_shard_spec=0)'; 'pad_val': '65408'; 'parallel_config': 'ParallelConfig(grid={[0-0 - 10-7]; [0-8 - 9-8]}; shard_scheme=HEIGHT_SHARDED; shard_orientation=ROW_MAJOR)'; 'remote_read': 'false'; 'transpose_mcast': 'false'},HiFi4,98,110,,,47822293825,47822455144,161319,130546842716,130546862266,230674905,230674905,14481,13421,,,,298,13219,13419,12481,12647,13079,,,,,,1[1],1[1],200704[200704],64[64],TILE,BFLOAT8_B,DEV_1_L1_HEIGHT_SHARDED,,,,,,,,,,,,,,,1[1],1[1],247450[247450],64[64],ROW_MAJOR,BFLOAT16,DEV_1_L1_HEIGHT_SHARDED,,,['ttnn/cpp/ttnn/operations/sliding_window/halo/device/kernels/compute/pack_untilize.cpp'],['pack_untilize/87650940516562488/'],['ttnn/cpp/ttnn/operations/sliding_window/halo/device/kernels/dataflow/halo_gather.cpp'],['halo_gather/3157550056272391993/'],13604142956653952647,False,1436,1336,1448,1056,3076,0,0,0,0,1,1,1,[],[],0.007,,161319,13421,0.013421,19846,0.019846,0,2.7,0.0,-,0.0,0.0,13349,0.013349,9.855631874600956,0.0,0.0,0.0,0.0,0.0,6.071746219982212,9.855631874600956,10.476775117659095,4.6405119952647835,6.071746219982212,9.855631874600956,10.476775117659095,4.6405119952647835,nan,nan,nan,nan,nan,nan,nan,nan,nan,nan,nan,nan,nan,nan,nan,nan,nan,nan,nan,nan,nan,nan,nan,nan,nan,nan,nan,nan,nan,nan,nan,nan,0.9946352730795022,1.478727367558304
11264,Pool2D,tt_dnn_device,0,blackhole,"{'compute_kernel_config_': 'std::nullopt'; 'config_tensor_in_dram': 'false'; 'count_include_pad_': 'true'; 'divisor_override_': 'std::nullopt'; 'memory_config_': 'MemoryConfig(memory_layout=TensorMemoryLayout::HEIGHT_SHARDED;buffer_type=BufferType::L1;shard_spec=ShardSpec{grid=[{""start"":{""x"":0;""y"":0};""end"":{""x"":10;""y"":7}; {""start"":{""x"":0;""y"":8};""end"":{""x"":9;""y"":8}]; shape=[512; 64]; orientation=ShardOrientation::ROW_MAJOR};nd_shard_spec=std::nullopt;created_with_nd_shard_spec=0)'; 'memory_used': '462464'; 'output_dtype_': 'DataType::BFLOAT16'; 'output_layout_': 'Layout::ROW_MAJOR'; 'pool_type_': 'Pool2DType::MAX_POOL2D'; 'return_indices_': 'false'; 'sliding_window_config_': 'SlidingWindowConfig(batch_size=16; input_hw=(112;112); window_hw=(3;3); stride_hw=(2;2); padding=((1; 1); (1; 1)); output_padding = (0; 0); ceil_pad_hw=(0;0); dilation_hw=(1;1); scale_h=1; scale_w=1; num_cores_nhw=98; num_cores_c=1; core_range_set_={[0-0 - 10-7]; [0-8 - 9-8]}; is_transpose=false)'}",HiFi4,98,110,,,48055915622,48056073781,158159,130862223690,130862385435,233601686,233601686,119811,118702,,,,421,117723,117966,118701,118342,118541,,,,,,1[1],1[1],247450[247450],64[64],ROW_MAJOR,BFLOAT16,DEV_1_L1_HEIGHT_SHARDED,,,,,,,,,,,,,,,1[1],1[1],50176[50176],64[64],ROW_MAJOR,BFLOAT16,DEV_1_L1_HEIGHT_SHARDED,,,['ttnn/cpp/ttnn/operations/pool/generic/device/kernels/compute/compute_pool_2d.cpp'],['compute_pool_2d/8001238842340069133/'],['ttnn/cpp/ttnn/operations/pool/generic/device/kernels/dataflow/reader_pool_2d.cpp'],['reader_pool_2d/3114412167245001588/'],17909866499051649656,False,864,776,2048,840,2172,0,0,0,0,107,107,1,[296014.96875],[60023.625],0.09,,158159,118702,0.118702,119616,0.119616,0,0.0,0.0,-,0.0,0.0,118733,0.118733,1.2823694619012764,0.0,0.0,0.0,0.0,0.0,1.2781013213100383,1.2823694619012764,1.2827603544717492,1.0398756420654232,1.2781013213100383,1.2823694619012764,1.2827603544717492,1.0398756420654232,nan,nan,nan,nan,nan,nan,nan,nan,nan,nan,nan,nan,nan,nan,nan,nan,nan,nan,nan,nan,nan,nan,nan,nan,nan,nan,nan,nan,nan,nan,nan,nan,1.0002611581944703,1.0076999545079275
12288,ReshardDeviceOperation,tt_dnn_device,0,blackhole,"{'output_mem_config': 'MemoryConfig(memory_layout=TensorMemoryLayout::HEIGHT_SHARDED;buffer_type=BufferType::L1;shard_spec=ShardSpec{grid=[{""start"":{""x"":0;""y"":0};""end"":{""x"":10;""y"":8}; {""start"":{""x"":0;""y"":9};""end"":{""x"":5;""y"":9}]; shape=[480; 64]; orientation=ShardOrientation::ROW_MAJOR};nd_shard_spec=std::nullopt;created_with_nd_shard_spec=0)'}",,105,110,,,48226159850,48226233060,73210,131092055265,131092065717,170122180,170122180,7742,6765,,,,262,6765,4075,,,,,,,,,1[1],1[1],50176[50176],64[64],ROW_MAJOR,BFLOAT16,DEV_1_L1_HEIGHT_SHARDED,1[1],1[1],50176[50176],64[64],ROW_MAJOR,BFLOAT16,DEV_1_L1_HEIGHT_SHARDED,,,,,,,,1[1],1[1],50176[50176],64[64],ROW_MAJOR,BFLOAT16,DEV_1_L1_HEIGHT_SHARDED,,,[],[],['ttnn/cpp/ttnn/operations/data_movement/sharded/device/kernels/dataflow/reshard_same_width_reader.cpp'],['reshard_same_width_reader/486213361256840826/'],7278127177539551952,False,680,668,0,0,0,0,0,0,0,1,1,1,[],[],0.015,,73210,6765,0.006765,6458,0.006458,0,25.4,0.0,-,62.59,0.0,6359,0.006359,0.0,0.0,0.0,0.0,0.0,0.0,0.0,0.0,0.0,0.0,0.0,0.0,0.0,0.0,nan,nan,nan,nan,nan,nan,nan,nan,nan,nan,nan,nan,nan,nan,nan,nan,nan,nan,nan,nan,nan,nan,nan,nan,nan,nan,nan,nan,nan,nan,nan,nan,0.9399852180339985,0.9546193643754619
13312,TilizeDeviceOperation,tt_dnn_device,0,blackhole,"{'enough_space_height': 'true'; 'enough_space_width': 'false'; 'output_dtype': 'DataType::BFLOAT16'; 'output_mem_config': 'MemoryConfig(memory_layout=TensorMemoryLayout::HEIGHT_SHARDED;buffer_type=BufferType::L1;shard_spec=ShardSpec{grid=[{""start"":{""x"":0;""y"":0};""end"":{""x"":10;""y"":8}; {""start"":{""x"":0;""y"":9};""end"":{""x"":5;""y"":9}]; shape=[480; 64]; orientation=ShardOrientation::ROW_MAJOR};nd_shard_spec={""shard_shape"":[480; 64];""grid"":[{""start"":{""x"":0;""y"":0};""end"":{""x"":10;""y"":8}}; {""start"":{""x"":0;""y"":9};""end"":{""x"":5;""y"":9}}];""orientation"":""ShardOrientation::ROW_MAJOR"";""shard_distribution_strategy"":""ShardDistributionStrategy::ROUND_ROBIN_1D""};created_with_nd_shard_spec=0)'; 'sub_core_grids': 'std::nullopt'; 'tile': 'Tile(tile_shape={32; 32};face_shape={16; 16};num_faces=4)'; 'use_low_perf': 'false'; 'use_multicore': 'true'}",HiFi4,105,110,,,48441193261,48441277020,83759,131382346538,131382350047,214999302,214999302,2599,1625,,,,251,1625,225,1379,1287,1565,,,,,,1[1],1[1],50176[50176],64[64],ROW_MAJOR,BFLOAT16,DEV_1_L1_HEIGHT_SHARDED,,,,,,,,,,,,,,,1[1],1[1],50176[50176],64[64],TILE,BFLOAT16,DEV_1_L1_HEIGHT_SHARDED,,,['ttnn/cpp/ttnn/kernel/compute/tilize.cpp'],['tilize/4234461907621290811/'],['ttnn/cpp/ttnn/operations/data_movement/sharded/device/kernels/dataflow/writer_unary_sharded.cpp'; 'ttnn/cpp/ttnn/operations/eltwise/unary/device/kernels/dataflow/reader_unary_sharded.cpp'],['writer_unary_sharded/7378574531543656037/'; 'reader_unary_sharded/9248258980191238085/'],15016040529601549381,False,444,404,1252,1216,2120,0,0,0,0,1,1,1,[],[],0.062,,83759,1625,0.001625,1670,0.00167,0,nan,nan,-,0.0,0.0,1632,0.001632,27.150916784203105,0.0,0.0,0.0,0.0,0.0,23.371880706025564,27.150916784203105,27.448177269478197,15.269329701921622,23.371880706025564,27.150916784203105,27.448177269478197,15.269329701921622,nan,nan,nan,nan,nan,nan,nan,nan,nan,nan,nan,nan,nan,nan,nan,nan,nan,nan,nan,nan,nan,nan,nan,nan,nan,nan,nan,nan,nan,nan,nan,nan,1.0043076923076923,1.0276923076923077
14336,MatmulDeviceOperation,tt_dnn_device,0,blackhole,"{'bcast_batch': 'true'; 'compute_kernel_config': 'ComputeKernelConfig(math_fidelity=LoFi;math_approx_mode=1;fp32_dest_acc_en=0;packer_l1_acc=1;dst_full_sync_en=0;throttle_level=ThrottleLevel::NO_THROTTLE)'; 'global_cb': 'std::nullopt'; 'output_dtype': 'DataType::BFLOAT8_B'; 'output_mem_config': 'MemoryConfig(memory_layout=TensorMemoryLayout::HEIGHT_SHARDED;buffer_type=BufferType::L1;shard_spec=ShardSpec{grid=[{""start"":{""x"":0;""y"":0};""end"":{""x"":10;""y"":8}; {""start"":{""x"":0;""y"":9};""end"":{""x"":5;""y"":9}]; shape=[480; 64]; orientation=ShardOrientation::ROW_MAJOR};nd_shard_spec=std::nullopt;created_with_nd_shard_spec=0)'; 'output_tile': 'Tile(tile_shape={32; 32};face_shape={16; 16};num_faces=4)'; 'program_config': 'MatmulMultiCoreReuseMultiCast1DProgramConfig(compute_with_storage_grid_size=11-10;in0_block_w=2;out_subblock_h=3;out_subblock_w=2;out_block_h=15;out_block_w=2;per_core_M=15;per_core_N=2;fuse_batch=1;fused_activation=BasicUnaryWithParam<float>(op_type=UnaryOpType::RELU;param={});mcast_in0=0;gather_in0=0;hop_cores={};num_global_cb_receivers=0;untilize_out=0;allowed_worker_cores={[0-0 - 10-9]};stream_in1=0)'; 'sub_device_id': 'std::nullopt'; 'transpose_a': 'false'; 'transpose_b': 'false'; 'untilize_out': 'false'; 'user_core_coord': 'std::nullopt'; 'user_fused_activation': 'std::nullopt'; 'user_run_batched': 'false'}",LoFi,105,110,,,48679839115,48679983924,144809,131704516477,131704524781,238629120,238670825,6151,4239,,,,281,4239,245,4095,3859,4161,,,,,,1[1],1[1],50176[50176],64[64],TILE,BFLOAT16,DEV_1_L1_HEIGHT_SHARDED,1[1],1[1],64[64],64[64],TILE,BFLOAT8_B,DEV_1_DRAM_INTERLEAVED,1[1],1[1],32[1],64[64],TILE,BFLOAT8_B,DEV_1_DRAM_INTERLEAVED,1[1],1[1],50176[50176],64[64],TILE,BFLOAT8_B,DEV_1_L1_HEIGHT_SHARDED,,,['ttnn/cpp/ttnn/operations/matmul/device/kernels/compute/bmm_large_block_zm_fused_bias_activation.cpp'],['bmm_large_block_zm_fused_bias_activation/16874922404187214346/'],['ttnn/cpp/ttnn/operations/matmul/device/kernels/dataflow/reader_bmm_tile_layout_in1_receiver_writer_padding.cpp'; 'ttnn/cpp/ttnn/operations/matmul/device/kernels/dataflow/reader_bmm_tile_layout_in1_sender_writer_padding.cpp'; 'ttnn/cpp/ttnn/operations/matmul/device/kernels/dataflow/reader_bmm_tile_layout_in0_sender_padding.cpp'],['reader_bmm_tile_layout_in1_receiver_writer_padding/9440793713688991431/'; 'reader_bmm_tile_layout_in1_sender_writer_padding/16051883049000065541/'; 'reader_bmm_tile_layout_in0_sender_padding/9260194966456810285/'],1884888429868194399,False,2220,468,2140,2272,2576,0,0,0,0,677,677,7,[9486.7470703125; 6.0502214431762695],[4743.37353515625],15.971,,144809,4239,0.004239,5170,0.00517,6948,0.6,0.6,-,0.0,0.3,4243,0.004243,23.063063063063062,0.0,0.0,0.0,0.0,0.0,22.22650974339186,23.063063063063062,23.786908940739213,17.59776536312849,22.22650974339186,23.063063063063062,23.786908940739213,17.59776536312849,nan,nan,nan,nan,nan,nan,nan,nan,nan,nan,nan,nan,nan,nan,nan,nan,nan,nan,nan,nan,nan,nan,nan,nan,nan,nan,nan,nan,nan,nan,nan,nan,1.0009436187780139,1.2196272705826847
15360,HaloDeviceOperation,tt_dnn_device,0,blackhole,{'compute_kernel_config': 'ComputeKernelConfig(math_fidelity=LoFi;math_approx_mode=1;fp32_dest_acc_en=0;packer_l1_acc=1;dst_full_sync_en=0;throttle_level=ThrottleLevel::NO_THROTTLE)'; 'config': 'SlidingWindowConfig(batch_size=16; input_hw=(56;56); window_hw=(3;3); stride_hw=(1;1); padding=((1; 1); (1; 1)); output_padding = (0; 0); ceil_pad_hw=(0;0); dilation_hw=(1;1); scale_h=1; scale_w=1; num_cores_nhw=105; num_cores_c=1; core_range_set_={[0-0 - 10-8]; [0-9 - 5-9]}; is_transpose=false)'; 'config_tensors_in_dram': 'false'; 'in_nsticks_per_core': '480'; 'is_out_tiled': 'true'; 'max_out_nsticks_per_core': '732'; 'output_memory_config': 'MemoryConfig(memory_layout=TensorMemoryLayout::INTERLEAVED;buffer_type=BufferType::DRAM;shard_spec=std::nullopt;nd_shard_spec=std::nullopt;created_with_nd_shard_spec=0)'; 'pad_val': '0'; 'parallel_config': 'ParallelConfig(grid={[0-0 - 10-8]; [0-9 - 5-9]}; shard_scheme=HEIGHT_SHARDED; shard_orientation=ROW_MAJOR)'; 'remote_read': 'false'; 'transpose_mcast': 'false'},LoFi,105,110,,,48900288319,48900381969,93650,132002116427,132002122632,220455110,220455110,4596,3601,,,,256,3601,3401,2772,2953,3346,,,,,,1[1],1[1],50176[50176],64[64],TILE,BFLOAT8_B,DEV_1_L1_HEIGHT_SHARDED,,,,,,,,,,,,,,,1[1],1[1],76860[76860],64[64],ROW_MAJOR,BFLOAT16,DEV_1_L1_HEIGHT_SHARDED,,,['ttnn/cpp/ttnn/operations/sliding_window/halo/device/kernels/compute/pack_untilize.cpp'],['pack_untilize/2118482223586392099/'],['ttnn/cpp/ttnn/operations/sliding_window/halo/device/kernels/dataflow/halo_gather.cpp'],['halo_gather/4375147083814125334/'],16301679892078625953,False,1532,1428,1448,1056,3076,0,0,0,0,1,1,1,[],[],0.028,,93650,3601,0.003601,5360,0.00536,0,5.9,0.0,-,0.0,0.0,3569,0.003569,8.224811514736121,0.0,0.0,0.0,0.0,0.0,6.4498790647675355,8.224811514736121,9.704811969268096,4.339283243392832,6.4498790647675355,8.224811514736121,9.704811969268096,4.339283243392832,nan,nan,nan,nan,nan,nan,nan,nan,nan,nan,nan,nan,nan,nan,nan,nan,nan,nan,nan,nan,nan,nan,nan,nan,nan,nan,nan,nan,nan,nan,nan,nan,0.991113579561233,1.488475423493474
16384,Conv2dDeviceOperation,tt_dnn_device,0,blackhole,"{'activation': 'BasicUnaryWithParam<float>(op_type=UnaryOpType::RELU;param={})'; 'block_config': 'Conv2dBlockConfig(act_block_h_ntiles=15;act_block_w_ntiles=18;out_subblock_h_ntiles=3;out_subblock_w_ntiles=2)'; 'compute_kernel_config': 'ComputeKernelConfig(math_fidelity=LoFi;math_approx_mode=1;fp32_dest_acc_en=0;packer_l1_acc=1;dst_full_sync_en=0;throttle_level=ThrottleLevel::NO_THROTTLE)'; 'config_tensors_in_dram': 'false'; 'dtype': 'DataType::BFLOAT8_B'; 'enable_act_double_buffer': 'false'; 'enable_activation_reuse': 'true'; 'enable_weights_double_buffer': 'false'; 'force_split_reader': 'std::nullopt'; 'full_inner_dim': 'true'; 'groups': '1'; 'has_bias': 'true'; 'input_tensor_shape': '{16; 56; 56; 64}'; 'memory_config': 'MemoryConfig(memory_layout=TensorMemoryLayout::HEIGHT_SHARDED;buffer_type=BufferType::L1;shard_spec=ShardSpec{grid=[{""start"":{""x"":0;""y"":0};""end"":{""x"":10;""y"":8}; {""start"":{""x"":0;""y"":9};""end"":{""x"":5;""y"":9}]; shape=[480; 64]; orientation=ShardOrientation::ROW_MAJOR};nd_shard_spec=std::nullopt;created_with_nd_shard_spec=0)'; 'output_channels': '64'; 'parallelization_config': 'Conv2dParallelizationConfig(grid_size=11-10;num_cores_nhw=105;num_cores_c_in=1;num_cores_c_out=1;per_core_out_matrix_height_ntile=15;per_core_out_matrix_width_ntile=2)'; 'sliding_window_config': 'SlidingWindowConfig(batch_size=16; input_hw=(56;56); window_hw=(3;3); stride_hw=(1;1); padding=((1; 1); (1; 1)); output_padding = (0; 0); ceil_pad_hw=(0;0); dilation_hw=(1;1); scale_h=1; scale_w=1; num_cores_nhw=105; num_cores_c=1; core_range_set_={[0-0 - 10-8]; [0-9 - 5-9]}; is_transpose=false)'; 'untilize_out': 'false'}",LoFi,110,110,,,49139386300,49139528369,142069,132324891709,132324927077,239090618,239090618,26199,23760,,,,375,17191,15410,23663,23477,23753,,,,,,1[1],1[1],76860[76860],64[64],ROW_MAJOR,BFLOAT16,DEV_1_L1_HEIGHT_SHARDED,1[1],1[1],576[576],64[64],TILE,BFLOAT8_B,DEV_1_DRAM_INTERLEAVED,1[1],1[1],32[1],64[64],TILE,BFLOAT8_B,DEV_1_DRAM_INTERLEAVED,1[1],1[1],50176[50176],64[64],TILE,BFLOAT8_B,DEV_1_L1_HEIGHT_SHARDED,,,['ttnn/cpp/ttnn/operations/conv/conv2d/device/kernels/conv_bmm_tilize.cpp'],['conv_bmm_tilize/12779811740985025423/'],['ttnn/cpp/ttnn/operations/conv/conv2d/device/kernels/reader_conv_activations_padded_with_halo_3x3_weights_v2.cpp'; 'ttnn/cpp/ttnn/operations/conv/conv2d/device/kernels/reader_writer_tiled_out_1d_mcast_receiver_conv_weights_tiled_col_to_rm_blocks.cpp'; 'ttnn/cpp/ttnn/operations/conv/conv2d/device/kernels/reader_writer_tiled_out_1d_mcast_sender_conv_weights_tiled_col_to_rm_blocks.cpp'],['reader_conv_activations_padded_with_halo_3x3_weights_v2/7527696452989515356/'; 'reader_writer_tiled_out_1d_mcast_receiver_conv_weights_tiled_col_to_rm_blocks/9459348801107011798/'; 'reader_writer_tiled_out_1d_mcast_sender_conv_weights_tiled_col_to_rm_blocks/8328387655333742567/'],4048051138202935983,False,3576,2088,4048,3156,4916,0,0,0,0,6083,6083,67,[1617.3072509765625; 6.0601677894592285; 0.3366759717464447],[527.907958984375],25.602,,142069,23760,0.02376,45067,0.045067,60570,0.1,0.1,-,0.0,0.3,23741,0.023741,35.734283532705525,0.0,0.0,0.0,0.0,0.0,35.49151578348659,35.734283532705525,36.323653062544466,30.66458658346334,35.49151578348659,35.734283532705525,36.323653062544466,30.66458658346334,nan,nan,nan,nan,nan,nan,nan,nan,nan,nan,nan,nan,nan,nan,nan,nan,nan,nan,nan,nan,nan,nan,nan,nan,nan,nan,nan,nan,nan,nan,nan,nan,0.9992003367003368,1.8967592592592595
17408,MatmulDeviceOperation,tt_dnn_device,0,blackhole,"{'bcast_batch': 'true'; 'compute_kernel_config': 'ComputeKernelConfig(math_fidelity=LoFi;math_approx_mode=1;fp32_dest_acc_en=0;packer_l1_acc=1;dst_full_sync_en=0;throttle_level=ThrottleLevel::NO_THROTTLE)'; 'global_cb': 'std::nullopt'; 'output_dtype': 'DataType::BFLOAT8_B'; 'output_mem_config': 'MemoryConfig(memory_layout=TensorMemoryLayout::HEIGHT_SHARDED;buffer_type=BufferType::L1;shard_spec=ShardSpec{grid=[{""start"":{""x"":0;""y"":0};""end"":{""x"":10;""y"":8}; {""start"":{""x"":0;""y"":9};""end"":{""x"":5;""y"":9}]; shape=[480; 256]; orientation=ShardOrientation::ROW_MAJOR};nd_shard_spec=std::nullopt;created_with_nd_shard_spec=0)'; 'output_tile': 'Tile(tile_shape={32; 32};face_shape={16; 16};num_faces=4)'; 'program_config': 'MatmulMultiCoreReuseMultiCast1DProgramConfig(compute_with_storage_grid_size=11-10;in0_block_w=2;out_subblock_h=1;out_subblock_w=8;out_block_h=15;out_block_w=8;per_core_M=15;per_core_N=8;fuse_batch=1;fused_activation=std::nullopt;mcast_in0=0;gather_in0=0;hop_cores={};num_global_cb_receivers=0;untilize_out=0;allowed_worker_cores={[0-0 - 10-9]};stream_in1=0)'; 'sub_device_id': 'std::nullopt'; 'transpose_a': 'false'; 'transpose_b': 'false'; 'untilize_out': 'false'; 'user_core_coord': 'std::nullopt'; 'user_fused_activation': 'std::nullopt'; 'user_run_batched': 'false'}",LoFi,105,110,,,49371606746,49371747295,140549,132638388965,132638403345,232199862,232185122,10652,8747,,,,277,8745,241,8581,8336,8693,,,,,,1[1],1[1],50176[50176],64[64],TILE,BFLOAT8_B,DEV_1_L1_HEIGHT_SHARDED,1[1],1[1],64[64],256[256],TILE,BFLOAT8_B,DEV_1_DRAM_INTERLEAVED,1[1],1[1],32[1],256[256],TILE,BFLOAT8_B,DEV_1_DRAM_INTERLEAVED,1[1],1[1],50176[50176],256[256],TILE,BFLOAT8_B,DEV_1_L1_HEIGHT_SHARDED,,,['ttnn/cpp/ttnn/operations/matmul/device/kernels/compute/bmm_large_block_zm_fused_bias_activation.cpp'],['bmm_large_block_zm_fused_bias_activation/230600861566440002/'],['ttnn/cpp/ttnn/operations/matmul/device/kernels/dataflow/reader_bmm_tile_layout_in1_receiver_writer_padding.cpp'; 'ttnn/cpp/ttnn/operations/matmul/device/kernels/dataflow/reader_bmm_tile_layout_in1_sender_writer_padding.cpp'; 'ttnn/cpp/ttnn/operations/matmul/device/kernels/dataflow/reader_bmm_tile_layout_in0_sender_padding.cpp'],['reader_bmm_tile_layout_in1_receiver_writer_padding/2027052260717154577/'; 'reader_bmm_tile_layout_in1_sender_writer_padding/4360141635369180773/'; 'reader_bmm_tile_layout_in0_sender_padding/14459558849547516760/'],10835667957917526273,False,2368,468,1968,1844,2856,0,0,0,0,2704,2704,29,[1187.59765625; 6.059171676635742],[4750.390625],30.896,,140549,8752,0.008752,10088,0.010088,31636,0.9,0.8,-,0.0,0.7,8759,0.008759,43.00362976406534,0.0,0.0,0.0,0.0,0.0,42.25829468426686,43.00362976406534,43.6199594918063,35.06385317997294,42.25829468426686,43.00362976406534,43.6199594918063,35.06385317997294,nan,nan,nan,nan,nan,nan,nan,nan,nan,nan,nan,nan,nan,nan,nan,nan,nan,nan,nan,nan,nan,nan,nan,nan,nan,nan,nan,nan,nan,nan,nan,nan,1.0007998171846435,1.1526508226691043
18432,ReshardDeviceOperation,tt_dnn_device,0,blackhole,"{'output_mem_config': 'MemoryConfig(memory_layout=TensorMemoryLayout::HEIGHT_SHARDED;buffer_type=BufferType::L1;shard_spec=ShardSpec{grid=[{""start"":{""x"":0;""y"":0};""end"":{""x"":10;""y"":8}; {""start"":{""x"":0;""y"":9};""end"":{""x"":5;""y"":9}]; shape=[480; 64]; orientation=ShardOrientation::ROW_MAJOR};nd_shard_spec=std::nullopt;created_with_nd_shard_spec=0)'}",,105,110,,,49373055107,49373065127,10020,132640335940,132640345728,1432622,1432622,7250,6273,,,,171,6272,4122,,,,,,,,,1[1],1[1],50176[50176],64[64],ROW_MAJOR,BFLOAT16,DEV_1_L1_HEIGHT_SHARDED,1[1],1[1],50176[50176],64[64],ROW_MAJOR,BFLOAT16,DEV_1_L1_HEIGHT_SHARDED,,,,,,,,1[1],1[1],50176[50176],64[64],ROW_MAJOR,BFLOAT16,DEV_1_L1_HEIGHT_SHARDED,,,[],[],['ttnn/cpp/ttnn/operations/data_movement/sharded/device/kernels/dataflow/reshard_same_width_reader.cpp'],['reshard_same_width_reader/486213361256840826/'],7278127177539551952,False,680,668,0,0,0,0,0,0,0,1,1,1,[],[],0.016,,10020,6273,0.006273,6624,0.006624,0,25.3,0.0,-,64.3,0.0,6483,0.006483,0.0,0.0,0.0,0.0,0.0,0.0,0.0,0.0,0.0,0.0,0.0,0.0,0.0,0.0,nan,nan,nan,nan,nan,nan,nan,nan,nan,nan,nan,nan,nan,nan,nan,nan,nan,nan,nan,nan,nan,nan,nan,nan,nan,nan,nan,nan,nan,nan,nan,nan,1.0334768053562888,1.0559540889526542
19456,MoveDeviceOperation,tt_dnn_device,0,blackhole,"{'backwards': 'false'; 'move_op_parallelization_strategy': 'MoveOpParallelizationStrategy::MULTI_CORE_SHARDED'; 'output_mem_config': 'MemoryConfig(memory_layout=TensorMemoryLayout::HEIGHT_SHARDED;buffer_type=BufferType::L1;shard_spec=ShardSpec{grid=[{""start"":{""x"":0;""y"":0};""end"":{""x"":10;""y"":8}; {""start"":{""x"":0;""y"":9};""end"":{""x"":5;""y"":9}]; shape=[480; 64]; orientation=ShardOrientation::ROW_MAJOR};nd_shard_spec={""shard_shape"":[480; 64];""grid"":[{""start"":{""x"":0;""y"":0};""end"":{""x"":10;""y"":8}}; {""start"":{""x"":0;""y"":9};""end"":{""x"":5;""y"":9}}];""orientation"":""ShardOrientation::ROW_MAJOR"";""shard_distribution_strategy"":""ShardDistributionStrategy::ROUND_ROBIN_1D""};created_with_nd_shard_spec=0)'}",,105,110,,,49480439733,49480525642,85909,132785308422,132785311178,107369391,107369391,2041,1051,,,,170,,1051,,,,,,,,,1[1],1[1],50176[50176],64[64],ROW_MAJOR,BFLOAT16,DEV_1_L1_HEIGHT_SHARDED,1[1],1[1],50176[50176],64[64],ROW_MAJOR,BFLOAT16,DEV_1_L1_HEIGHT_SHARDED,,,,,,,,1[1],1[1],50176[50176],64[64],ROW_MAJOR,BFLOAT16,DEV_1_L1_HEIGHT_SHARDED,,,[],[],['ttnn/cpp/ttnn/operations/data_movement/move/device/kernels/dataflow/reader_unary_local_l1_copy_backwards.cpp'],['reader_unary_local_l1_copy_backwards/16917253477851697287/'],10041558041791198784,False,0,1168,0,0,0,0,0,0,0,1242,1242,1,[5171.11767578125],[5171.11767578125],118.173,,85909,1051,0.001051,1160,0.00116,0,0.0,0.0,-,0.0,0.0,1054,0.001054,0.0,0.0,0.0,0.0,0.0,0.0,0.0,0.0,0.0,0.0,0.0,0.0,0.0,0.0,nan,nan,nan,nan,nan,nan,nan,nan,nan,nan,nan,nan,nan,nan,nan,nan,nan,nan,nan,nan,nan,nan,nan,nan,nan,nan,nan,nan,nan,nan,nan,nan,1.0028544243577544,1.1037107516650808
20480,TilizeDeviceOperation,tt_dnn_device,0,blackhole,"{'enough_space_height': 'true'; 'enough_space_width': 'false'; 'output_dtype': 'DataType::BFLOAT16'; 'output_mem_config': 'MemoryConfig(memory_layout=TensorMemoryLayout::HEIGHT_SHARDED;buffer_type=BufferType::L1;shard_spec=ShardSpec{grid=[{""start"":{""x"":0;""y"":0};""end"":{""x"":10;""y"":8}; {""start"":{""x"":0;""y"":9};""end"":{""x"":5;""y"":9}]; shape=[480; 64]; orientation=ShardOrientation::ROW_MAJOR};nd_shard_spec={""shard_shape"":[480; 64];""grid"":[{""start"":{""x"":0;""y"":0};""end"":{""x"":10;""y"":8}}; {""start"":{""x"":0;""y"":9};""end"":{""x"":5;""y"":9}}];""orientation"":""ShardOrientation::ROW_MAJOR"";""shard_distribution_strategy"":""ShardDistributionStrategy::ROUND_ROBIN_1D""};created_with_nd_shard_spec=0)'; 'sub_core_grids': 'std::nullopt'; 'tile': 'Tile(tile_shape={32; 32};face_shape={16; 16};num_faces=4)'; 'use_low_perf': 'false'; 'use_multicore': 'true'}",HiFi4,105,110,,,49483966770,49483971449,4679,132790065138,132790068600,3523005,3522928,2564,1598,,,,242,1598,207,1363,1268,1554,,,,,,1[1],1[1],50176[50176],64[64],ROW_MAJOR,BFLOAT16,DEV_1_L1_HEIGHT_SHARDED,,,,,,,,,,,,,,,1[1],1[1],50176[50176],64[64],TILE,BFLOAT16,DEV_1_L1_HEIGHT_SHARDED,,,['ttnn/cpp/ttnn/kernel/compute/tilize.cpp'],['tilize/4234461907621290811/'],['ttnn/cpp/ttnn/operations/data_movement/sharded/device/kernels/dataflow/writer_unary_sharded.cpp'; 'ttnn/cpp/ttnn/operations/eltwise/unary/device/kernels/dataflow/reader_unary_sharded.cpp'],['writer_unary_sharded/7378574531543656037/'; 'reader_unary_sharded/9248258980191238085/'],15016040529601549381,False,444,404,1252,1216,2120,0,0,0,0,1,1,1,[],[],0.062,,4679,1601,0.001601,1603,0.001603,0,nan,nan,-,0.0,0.0,1627,0.001627,25.46419098143236,0.0,0.0,0.0,0.0,0.0,23.674475955610358,25.46419098143236,26.373626373626376,15.293582157487485,23.674475955610358,25.46419098143236,26.373626373626376,15.293582157487485,nan,nan,nan,nan,nan,nan,nan,nan,nan,nan,nan,nan,nan,nan,nan,nan,nan,nan,nan,nan,nan,nan,nan,nan,nan,nan,nan,nan,nan,nan,nan,nan,1.0162398500936913,1.0012492192379763
21504,MatmulDeviceOperation,tt_dnn_device,0,blackhole,"{'bcast_batch': 'true'; 'compute_kernel_config': 'ComputeKernelConfig(math_fidelity=LoFi;math_approx_mode=1;fp32_dest_acc_en=0;packer_l1_acc=1;dst_full_sync_en=0;throttle_level=ThrottleLevel::NO_THROTTLE)'; 'global_cb': 'std::nullopt'; 'output_dtype': 'DataType::BFLOAT8_B'; 'output_mem_config': 'MemoryConfig(memory_layout=TensorMemoryLayout::HEIGHT_SHARDED;buffer_type=BufferType::L1;shard_spec=ShardSpec{grid=[{""start"":{""x"":0;""y"":0};""end"":{""x"":10;""y"":8}; {""start"":{""x"":0;""y"":9};""end"":{""x"":5;""y"":9}]; shape=[480; 256]; orientation=ShardOrientation::ROW_MAJOR};nd_shard_spec=std::nullopt;created_with_nd_shard_spec=0)'; 'output_tile': 'Tile(tile_shape={32; 32};face_shape={16; 16};num_faces=4)'; 'program_config': 'MatmulMultiCoreReuseMultiCast1DProgramConfig(compute_with_storage_grid_size=11-10;in0_block_w=2;out_subblock_h=1;out_subblock_w=8;out_block_h=15;out_block_w=8;per_core_M=15;per_core_N=8;fuse_batch=1;fused_activation=std::nullopt;mcast_in0=0;gather_in0=0;hop_cores={};num_global_cb_receivers=0;untilize_out=0;allowed_worker_cores={[0-0 - 10-9]};stream_in1=0)'; 'sub_device_id': 'std::nullopt'; 'transpose_a': 'false'; 'transpose_b': 'false'; 'untilize_out': 'false'; 'user_core_coord': 'std::nullopt'; 'user_fused_activation': 'std::nullopt'; 'user_run_batched': 'false'}",LoFi,105,110,,,49711690266,49711843665,153399,133097495290,133097509696,227737859,227737859,10671,8779,,,,281,8767,250,8611,8358,8705,,,,,,1[1],1[1],50176[50176],64[64],TILE,BFLOAT16,DEV_1_L1_HEIGHT_SHARDED,1[1],1[1],64[64],256[256],TILE,BFLOAT8_B,DEV_1_DRAM_INTERLEAVED,1[1],1[1],32[1],256[256],TILE,BFLOAT8_B,DEV_1_DRAM_INTERLEAVED,1[1],1[1],50176[50176],256[256],TILE,BFLOAT8_B,DEV_1_L1_HEIGHT_SHARDED,,,['ttnn/cpp/ttnn/operations/matmul/device/kernels/compute/bmm_large_block_zm_fused_bias_activation.cpp'],['bmm_large_block_zm_fused_bias_activation/5439951059790613493/'],['ttnn/cpp/ttnn/operations/matmul/device/kernels/dataflow/reader_bmm_tile_layout_in1_receiver_writer_padding.cpp'; 'ttnn/cpp/ttnn/operations/matmul/device/kernels/dataflow/reader_bmm_tile_layout_in1_sender_writer_padding.cpp'; 'ttnn/cpp/ttnn/operations/matmul/device/kernels/dataflow/reader_bmm_tile_layout_in0_sender_padding.cpp'],['reader_bmm_tile_layout_in1_receiver_writer_padding/12397889233054321428/'; 'reader_bmm_tile_layout_in1_sender_writer_padding/6387710933736128992/'; 'reader_bmm_tile_layout_in0_sender_padding/9260194966456810285/'],1305874107400945015,False,2368,468,2060,1972,2856,0,0,0,0,2704,2704,29,[2375.1953125; 6.059171676635742],[4750.390625],30.801,,153399,8779,0.008779,10214,0.010214,32031,0.9,0.8,-,0.0,0.7,8771,0.008771,42.92833197426837,0.0,0.0,0.0,0.0,0.0,42.16052678412529,42.92833197426837,43.51180089999082,35.01337161838809,42.16052678412529,42.92833197426837,43.51180089999082,35.01337161838809,nan,nan,nan,nan,nan,nan,nan,nan,nan,nan,nan,nan,nan,nan,nan,nan,nan,nan,nan,nan,nan,nan,nan,nan,nan,nan,nan,nan,nan,nan,nan,nan,0.999088734480009,1.1634582526483654
22528,BinaryNgDeviceOperation,tt_dnn_device,0,blackhole,"{'a_shard_volume': '120'; 'b_shard_volume': '120'; 'binary_op_type': 'BinaryOpType::ADD'; 'c_shard_volume': '120'; 'compute_kernel_config': 'std::nullopt'; 'dtype': 'DataType::BFLOAT8_B'; 'equal_nan': 'false'; 'input_layout_a': 'Layout::TILE'; 'input_layout_b': 'Layout::TILE'; 'is_quant_op': 'false'; 'is_sfpu': 'false'; 'is_where_op': 'false'; 'lhs_activations': '{}'; 'memory_config': 'MemoryConfig(memory_layout=TensorMemoryLayout::HEIGHT_SHARDED;buffer_type=BufferType::L1;shard_spec=ShardSpec{grid=[{""start"":{""x"":0;""y"":0};""end"":{""x"":10;""y"":8}; {""start"":{""x"":0;""y"":9};""end"":{""x"":5;""y"":9}]; shape=[480; 256]; orientation=ShardOrientation::ROW_MAJOR};nd_shard_spec={""shard_shape"":[480; 256];""grid"":[{""start"":{""x"":0;""y"":0};""end"":{""x"":10;""y"":8}}; {""start"":{""x"":0;""y"":9};""end"":{""x"":5;""y"":9}}];""orientation"":""ShardOrientation::ROW_MAJOR"";""shard_distribution_strategy"":""ShardDistributionStrategy::ROUND_ROBIN_1D""};created_with_nd_shard_spec=0)'; 'output_layout': 'Layout::TILE'; 'post_activations': '{BasicUnaryWithParam<float; int; unsigned int>(base=BasicUnaryWithParam<float>(op_type=UnaryOpType::RELU;param={}))}'; 'rhs_activations': '{}'; 'sub_core_grids': 'std::nullopt'; 'subtile_broadcast_type': 'SubtileBroadcastType::NONE'}",HiFi4,110,110,,,49915488621,49915709310,220689,133372608742,133372614127,203768649,203768649,3989,3348,,,,176,159,258,3236,3040,3341,,,,,,1[1],1[1],50176[50176],256[256],TILE,BFLOAT8_B,DEV_1_L1_HEIGHT_SHARDED,1[1],1[1],50176[50176],256[256],TILE,BFLOAT8_B,DEV_1_L1_HEIGHT_SHARDED,1[1],1[1],50176[50176],256[256],TILE,BFLOAT8_B,DEV_1_L1_HEIGHT_SHARDED,1[1],1[1],50176[50176],256[256],TILE,BFLOAT8_B,DEV_1_L1_HEIGHT_SHARDED,,,['ttnn/cpp/ttnn/operations/eltwise/binary_ng/device/kernels/compute/eltwise_binary_no_bcast.cpp'],['eltwise_binary_no_bcast/2250846161256338320/'],['ttnn/cpp/ttnn/operations/eltwise/binary_ng/device/kernels_ng/dataflow/writer_interleaved_no_bcast.cpp'; 'ttnn/cpp/ttnn/operations/eltwise/binary_ng/device/kernels_ng/dataflow/reader_interleaved_no_bcast.cpp'],['writer_interleaved_no_bcast/16250247509294428975/'; 'reader_interleaved_no_bcast/13096760455738417324/'],10520855324243487797,False,340,532,1836,1200,2824,0,0,0,0,1,1,1,[],[],0.03,,220689,3348,0.003348,3327,0.003327,0,nan,nan,-,0.0,0.0,3359,0.003359,22.95670148137567,0.0,0.0,0.0,0.0,0.0,0.0,22.95670148137567,23.152454780361754,17.287761852260196,0.0,22.95670148137567,23.152454780361754,17.287761852260196,nan,nan,nan,nan,nan,nan,nan,nan,nan,nan,nan,nan,nan,nan,nan,nan,nan,nan,nan,nan,nan,nan,nan,nan,nan,nan,nan,nan,nan,nan,nan,nan,1.0032855436081243,0.9937275985663083
23552,MatmulDeviceOperation,tt_dnn_device,0,blackhole,"{'bcast_batch': 'true'; 'compute_kernel_config': 'ComputeKernelConfig(math_fidelity=LoFi;math_approx_mode=1;fp32_dest_acc_en=0;packer_l1_acc=1;dst_full_sync_en=0;throttle_level=ThrottleLevel::NO_THROTTLE)'; 'global_cb': 'std::nullopt'; 'output_dtype': 'DataType::BFLOAT8_B'; 'output_mem_config': 'MemoryConfig(memory_layout=TensorMemoryLayout::HEIGHT_SHARDED;buffer_type=BufferType::L1;shard_spec=ShardSpec{grid=[{""start"":{""x"":0;""y"":0};""end"":{""x"":10;""y"":8}; {""start"":{""x"":0;""y"":9};""end"":{""x"":5;""y"":9}]; shape=[480; 64]; orientation=ShardOrientation::ROW_MAJOR};nd_shard_spec=std::nullopt;created_with_nd_shard_spec=0)'; 'output_tile': 'Tile(tile_shape={32; 32};face_shape={16; 16};num_faces=4)'; 'program_config': 'MatmulMultiCoreReuseMultiCast1DProgramConfig(compute_with_storage_grid_size=11-10;in0_block_w=8;out_subblock_h=3;out_subblock_w=2;out_block_h=15;out_block_w=2;per_core_M=15;per_core_N=2;fuse_batch=1;fused_activation=BasicUnaryWithParam<float>(op_type=UnaryOpType::RELU;param={});mcast_in0=0;gather_in0=0;hop_cores={};num_global_cb_receivers=0;untilize_out=0;allowed_worker_cores={[0-0 - 10-9]};stream_in1=0)'; 'sub_device_id': 'std::nullopt'; 'transpose_a': 'false'; 'transpose_b': 'false'; 'untilize_out': 'false'; 'user_core_coord': 'std::nullopt'; 'user_fused_activation': 'std::nullopt'; 'user_run_batched': 'false'}",LoFi,105,110,,,50131879163,50132008452,129289,133664740371,133664751298,216396936,216387876,8094,6191,,,,274,6191,221,6051,5819,6113,,,,,,1[1],1[1],50176[50176],256[256],TILE,BFLOAT8_B,DEV_1_L1_HEIGHT_SHARDED,1[1],1[1],256[256],64[64],TILE,BFLOAT8_B,DEV_1_DRAM_INTERLEAVED,1[1],1[1],32[1],64[64],TILE,BFLOAT8_B,DEV_1_DRAM_INTERLEAVED,1[1],1[1],50176[50176],64[64],TILE,BFLOAT8_B,DEV_1_L1_HEIGHT_SHARDED,,,['ttnn/cpp/ttnn/operations/matmul/device/kernels/compute/bmm_large_block_zm_fused_bias_activation.cpp'],['bmm_large_block_zm_fused_bias_activation/3890015080755185195/'],['ttnn/cpp/ttnn/operations/matmul/device/kernels/dataflow/reader_bmm_tile_layout_in1_receiver_writer_padding.cpp'; 'ttnn/cpp/ttnn/operations/matmul/device/kernels/dataflow/reader_bmm_tile_layout_in1_sender_writer_padding.cpp'; 'ttnn/cpp/ttnn/operations/matmul/device/kernels/dataflow/reader_bmm_tile_layout_in0_sender_padding.cpp'],['reader_bmm_tile_layout_in1_receiver_writer_padding/11057817606845490211/'; 'reader_bmm_tile_layout_in1_sender_writer_padding/3784372371605407320/'; 'reader_bmm_tile_layout_in0_sender_padding/17642096901872356833/'],2693444818193551706,False,2328,468,2064,2144,2576,0,0,0,0,2704,2704,29,[4750.390625; 6.059171676635742],[1187.59765625],43.669,,129289,6192,0.006192,7691,0.007691,24119,0.7,0.6,-,0.0,0.7,6180,0.00618,53.15220258506991,0.0,0.0,0.0,0.0,0.0,51.72635091772558,53.15220258506991,54.26878534877457,42.26597147309121,51.72635091772558,53.15220258506991,54.26878534877457,42.26597147309121,nan,nan,nan,nan,nan,nan,nan,nan,nan,nan,nan,nan,nan,nan,nan,nan,nan,nan,nan,nan,nan,nan,nan,nan,nan,nan,nan,nan,nan,nan,nan,nan,0.998062015503876,1.2420865633074936
24576,HaloDeviceOperation,tt_dnn_device,0,blackhole,{'compute_kernel_config': 'ComputeKernelConfig(math_fidelity=LoFi;math_approx_mode=1;fp32_dest_acc_en=0;packer_l1_acc=1;dst_full_sync_en=0;throttle_level=ThrottleLevel::NO_THROTTLE)'; 'config': 'SlidingWindowConfig(batch_size=16; input_hw=(56;56); window_hw=(3;3); stride_hw=(1;1); padding=((1; 1); (1; 1)); output_padding = (0; 0); ceil_pad_hw=(0;0); dilation_hw=(1;1); scale_h=1; scale_w=1; num_cores_nhw=105; num_cores_c=1; core_range_set_={[0-0 - 10-8]; [0-9 - 5-9]}; is_transpose=false)'; 'config_tensors_in_dram': 'false'; 'in_nsticks_per_core': '480'; 'is_out_tiled': 'true'; 'max_out_nsticks_per_core': '732'; 'output_memory_config': 'MemoryConfig(memory_layout=TensorMemoryLayout::INTERLEAVED;buffer_type=BufferType::DRAM;shard_spec=std::nullopt;nd_shard_spec=std::nullopt;created_with_nd_shard_spec=0)'; 'pad_val': '0'; 'parallel_config': 'ParallelConfig(grid={[0-0 - 10-8]; [0-9 - 5-9]}; shard_scheme=HEIGHT_SHARDED; shard_orientation=ROW_MAJOR)'; 'remote_read': 'false'; 'transpose_mcast': 'false'},LoFi,105,110,,,50135336520,50135349590,13070,133669399471,133669405653,3443957,3444421,4579,3590,,,,295,3588,3399,2761,2936,3333,,,,,,1[1],1[1],50176[50176],64[64],TILE,BFLOAT8_B,DEV_1_L1_HEIGHT_SHARDED,,,,,,,,,,,,,,,1[1],1[1],76860[76860],64[64],ROW_MAJOR,BFLOAT16,DEV_1_L1_HEIGHT_SHARDED,,,['ttnn/cpp/ttnn/operations/sliding_window/halo/device/kernels/compute/pack_untilize.cpp'],['pack_untilize/2118482223586392099/'],['ttnn/cpp/ttnn/operations/sliding_window/halo/device/kernels/dataflow/halo_gather.cpp'],['halo_gather/4375147083814125334/'],16301679892078625953,False,1532,1428,1448,1056,3076,0,0,0,0,1,1,1,[],[],0.028,,13070,3591,0.003591,5457,0.005457,0,6.0,0.0,-,0.0,0.0,3527,0.003527,8.29875518672199,0.0,0.0,0.0,0.0,0.0,6.541291905151267,8.29875518672199,9.70873786407767,4.39123433452356,6.541291905151267,8.29875518672199,9.70873786407767,4.39123433452356,nan,nan,nan,nan,nan,nan,nan,nan,nan,nan,nan,nan,nan,nan,nan,nan,nan,nan,nan,nan,nan,nan,nan,nan,nan,nan,nan,nan,nan,nan,nan,nan,0.9821776663881927,1.5196324143692566
25600,Conv2dDeviceOperation,tt_dnn_device,0,blackhole,"{'activation': 'BasicUnaryWithParam<float>(op_type=UnaryOpType::RELU;param={})'; 'block_config': 'Conv2dBlockConfig(act_block_h_ntiles=15;act_block_w_ntiles=6;out_subblock_h_ntiles=3;out_subblock_w_ntiles=2)'; 'compute_kernel_config': 'ComputeKernelConfig(math_fidelity=LoFi;math_approx_mode=1;fp32_dest_acc_en=0;packer_l1_acc=1;dst_full_sync_en=0;throttle_level=ThrottleLevel::NO_THROTTLE)'; 'config_tensors_in_dram': 'false'; 'dtype': 'DataType::BFLOAT8_B'; 'enable_act_double_buffer': 'true'; 'enable_activation_reuse': 'false'; 'enable_weights_double_buffer': 'true'; 'force_split_reader': 'std::nullopt'; 'full_inner_dim': 'true'; 'groups': '1'; 'has_bias': 'true'; 'input_tensor_shape': '{16; 56; 56; 64}'; 'memory_config': 'MemoryConfig(memory_layout=TensorMemoryLayout::HEIGHT_SHARDED;buffer_type=BufferType::L1;shard_spec=ShardSpec{grid=[{""start"":{""x"":0;""y"":0};""end"":{""x"":10;""y"":8}; {""start"":{""x"":0;""y"":9};""end"":{""x"":5;""y"":9}]; shape=[480; 64]; orientation=ShardOrientation::ROW_MAJOR};nd_shard_spec=std::nullopt;created_with_nd_shard_spec=0)'; 'output_channels': '64'; 'parallelization_config': 'Conv2dParallelizationConfig(grid_size=11-10;num_cores_nhw=105;num_cores_c_in=1;num_cores_c_out=1;per_core_out_matrix_height_ntile=15;per_core_out_matrix_width_ntile=2)'; 'sliding_window_config': 'SlidingWindowConfig(batch_size=16; input_hw=(56;56); window_hw=(3;3); stride_hw=(1;1); padding=((1; 1); (1; 1)); output_padding = (0; 0); ceil_pad_hw=(0;0); dilation_hw=(1;1); scale_h=1; scale_w=1; num_cores_nhw=105; num_cores_c=1; core_range_set_={[0-0 - 10-8]; [0-9 - 5-9]}; is_transpose=false)'; 'untilize_out': 'false'}",LoFi,110,110,,,50396003407,50396163926,160519,134021304774,134021336274,260665647,260662415,23333,20901,,,,353,17317,12292,20807,20621,20898,,,,,,1[1],1[1],76860[76860],64[64],ROW_MAJOR,BFLOAT16,DEV_1_L1_HEIGHT_SHARDED,1[1],1[1],576[576],64[64],TILE,BFLOAT8_B,DEV_1_DRAM_INTERLEAVED,1[1],1[1],32[1],64[64],TILE,BFLOAT8_B,DEV_1_DRAM_INTERLEAVED,1[1],1[1],50176[50176],64[64],TILE,BFLOAT8_B,DEV_1_L1_HEIGHT_SHARDED,,,['ttnn/cpp/ttnn/operations/conv/conv2d/device/kernels/conv_bmm_tilize.cpp'],['conv_bmm_tilize/491601951806577913/'],['ttnn/cpp/ttnn/operations/conv/conv2d/device/kernels/reader_conv_activations_padded_with_halo_3x3_weights_v2.cpp'; 'ttnn/cpp/ttnn/operations/conv/conv2d/device/kernels/reader_writer_tiled_out_1d_mcast_receiver_conv_weights_tiled_col_to_rm_blocks.cpp'; 'ttnn/cpp/ttnn/operations/conv/conv2d/device/kernels/reader_writer_tiled_out_1d_mcast_sender_conv_weights_tiled_col_to_rm_blocks.cpp'],['reader_conv_activations_padded_with_halo_3x3_weights_v2/182103422000810214/'; 'reader_writer_tiled_out_1d_mcast_receiver_conv_weights_tiled_col_to_rm_blocks/4779177981952355260/'; 'reader_writer_tiled_out_1d_mcast_sender_conv_weights_tiled_col_to_rm_blocks/6951082242113170163/'],14750626073075263353,False,2172,788,3684,3116,5460,0,0,0,0,6083,6083,67,[1617.3072509765625; 6.0601677894592285; 0.3366759717464447],[527.907958984375],29.102,,160519,20902,0.020902,40203,0.040203,18011,0.1,0.1,-,0.0,0.1,20888,0.020888,42.593737498636216,0.0,0.0,0.0,0.0,0.0,0.0,42.593737498636216,42.65734265734265,36.341714245186004,0.0,42.593737498636216,42.65734265734265,36.341714245186004,nan,nan,nan,nan,nan,nan,nan,nan,nan,nan,nan,nan,nan,nan,nan,nan,nan,nan,nan,nan,nan,nan,nan,nan,nan,nan,nan,nan,nan,nan,nan,nan,0.999330207635633,1.9234044589034542
26624,MatmulDeviceOperation,tt_dnn_device,0,blackhole,"{'bcast_batch': 'true'; 'compute_kernel_config': 'ComputeKernelConfig(math_fidelity=LoFi;math_approx_mode=1;fp32_dest_acc_en=0;packer_l1_acc=1;dst_full_sync_en=0;throttle_level=ThrottleLevel::NO_THROTTLE)'; 'global_cb': 'std::nullopt'; 'output_dtype': 'DataType::BFLOAT8_B'; 'output_mem_config': 'MemoryConfig(memory_layout=TensorMemoryLayout::HEIGHT_SHARDED;buffer_type=BufferType::L1;shard_spec=ShardSpec{grid=[{""start"":{""x"":0;""y"":0};""end"":{""x"":10;""y"":8}; {""start"":{""x"":0;""y"":9};""end"":{""x"":5;""y"":9}]; shape=[480; 256]; orientation=ShardOrientation::ROW_MAJOR};nd_shard_spec=std::nullopt;created_with_nd_shard_spec=0)'; 'output_tile': 'Tile(tile_shape={32; 32};face_shape={16; 16};num_faces=4)'; 'program_config': 'MatmulMultiCoreReuseMultiCast1DProgramConfig(compute_with_storage_grid_size=11-10;in0_block_w=2;out_subblock_h=1;out_subblock_w=8;out_block_h=15;out_block_w=8;per_core_M=15;per_core_N=8;fuse_batch=1;fused_activation=std::nullopt;mcast_in0=0;gather_in0=0;hop_cores={};num_global_cb_receivers=0;untilize_out=0;allowed_worker_cores={[0-0 - 10-9]};stream_in1=0)'; 'sub_device_id': 'std::nullopt'; 'transpose_a': 'false'; 'transpose_b': 'false'; 'untilize_out': 'false'; 'user_core_coord': 'std::nullopt'; 'user_fused_activation': 'std::nullopt'; 'user_run_batched': 'false'}",LoFi,105,110,,,50400975544,50400980544,5000,134028010144,134028024583,4945295,4945295,10696,8781,,,,289,8780,246,8607,8368,8713,,,,,,1[1],1[1],50176[50176],64[64],TILE,BFLOAT8_B,DEV_1_L1_HEIGHT_SHARDED,1[1],1[1],64[64],256[256],TILE,BFLOAT8_B,DEV_1_DRAM_INTERLEAVED,1[1],1[1],32[1],256[256],TILE,BFLOAT8_B,DEV_1_DRAM_INTERLEAVED,1[1],1[1],50176[50176],256[256],TILE,BFLOAT8_B,DEV_1_L1_HEIGHT_SHARDED,,,['ttnn/cpp/ttnn/operations/matmul/device/kernels/compute/bmm_large_block_zm_fused_bias_activation.cpp'],['bmm_large_block_zm_fused_bias_activation/230600861566440002/'],['ttnn/cpp/ttnn/operations/matmul/device/kernels/dataflow/reader_bmm_tile_layout_in1_receiver_writer_padding.cpp'; 'ttnn/cpp/ttnn/operations/matmul/device/kernels/dataflow/reader_bmm_tile_layout_in1_sender_writer_padding.cpp'; 'ttnn/cpp/ttnn/operations/matmul/device/kernels/dataflow/reader_bmm_tile_layout_in0_sender_padding.cpp'],['reader_bmm_tile_layout_in1_receiver_writer_padding/2027052260717154577/'; 'reader_bmm_tile_layout_in1_sender_writer_padding/4360141635369180773/'; 'reader_bmm_tile_layout_in0_sender_padding/14459558849547516760/'],10835667957917526273,False,2368,468,1968,1844,2856,0,0,0,0,2704,2704,29,[1187.59765625; 6.059171676635742],[4750.390625],30.794,,5000,8781,0.008781,10204,0.010204,32000,0.9,0.8,-,0.0,0.7,8763,0.008763,42.99582652876066,0.0,0.0,0.0,0.0,0.0,42.16427872207885,42.99582652876066,43.601067255497284,35.04783037475345,42.16427872207885,42.99582652876066,43.601067255497284,35.04783037475345,nan,nan,nan,nan,nan,nan,nan,nan,nan,nan,nan,nan,nan,nan,nan,nan,nan,nan,nan,nan,nan,nan,nan,nan,nan,nan,nan,nan,nan,nan,nan,nan,0.9979501195763579,1.1620544357134721
27648,BinaryNgDeviceOperation,tt_dnn_device,0,blackhole,"{'a_shard_volume': '120'; 'b_shard_volume': '120'; 'binary_op_type': 'BinaryOpType::ADD'; 'c_shard_volume': '120'; 'compute_kernel_config': 'std::nullopt'; 'dtype': 'DataType::BFLOAT8_B'; 'equal_nan': 'false'; 'input_layout_a': 'Layout::TILE'; 'input_layout_b': 'Layout::TILE'; 'is_quant_op': 'false'; 'is_sfpu': 'false'; 'is_where_op': 'false'; 'lhs_activations': '{}'; 'memory_config': 'MemoryConfig(memory_layout=TensorMemoryLayout::HEIGHT_SHARDED;buffer_type=BufferType::L1;shard_spec=ShardSpec{grid=[{""start"":{""x"":0;""y"":0};""end"":{""x"":10;""y"":8}; {""start"":{""x"":0;""y"":9};""end"":{""x"":5;""y"":9}]; shape=[480; 256]; orientation=ShardOrientation::ROW_MAJOR};nd_shard_spec={""shard_shape"":[480; 256];""grid"":[{""start"":{""x"":0;""y"":0};""end"":{""x"":10;""y"":8}}; {""start"":{""x"":0;""y"":9};""end"":{""x"":5;""y"":9}}];""orientation"":""ShardOrientation::ROW_MAJOR"";""shard_distribution_strategy"":""ShardDistributionStrategy::ROUND_ROBIN_1D""};created_with_nd_shard_spec=0)'; 'output_layout': 'Layout::TILE'; 'post_activations': '{BasicUnaryWithParam<float; int; unsigned int>(base=BasicUnaryWithParam<float>(op_type=UnaryOpType::RELU;param={}))}'; 'rhs_activations': '{}'; 'sub_core_grids': 'std::nullopt'; 'subtile_broadcast_type': 'SubtileBroadcastType::NONE'}",HiFi4,110,110,,,50402018767,50402023797,5030,134029415852,134029421180,1031148,1031148,3947,3343,,,,191,148,259,3208,3021,3323,,,,,,1[1],1[1],50176[50176],256[256],TILE,BFLOAT8_B,DEV_1_L1_HEIGHT_SHARDED,1[1],1[1],50176[50176],256[256],TILE,BFLOAT8_B,DEV_1_L1_HEIGHT_SHARDED,1[1],1[1],50176[50176],256[256],TILE,BFLOAT8_B,DEV_1_L1_HEIGHT_SHARDED,1[1],1[1],50176[50176],256[256],TILE,BFLOAT8_B,DEV_1_L1_HEIGHT_SHARDED,,,['ttnn/cpp/ttnn/operations/eltwise/binary_ng/device/kernels/compute/eltwise_binary_no_bcast.cpp'],['eltwise_binary_no_bcast/2250846161256338320/'],['ttnn/cpp/ttnn/operations/eltwise/binary_ng/device/kernels_ng/dataflow/writer_interleaved_no_bcast.cpp'; 'ttnn/cpp/ttnn/operations/eltwise/binary_ng/device/kernels_ng/dataflow/reader_interleaved_no_bcast.cpp'],['writer_interleaved_no_bcast/16250247509294428975/'; 'reader_interleaved_no_bcast/13096760455738417324/'],10520855324243487797,False,340,532,1836,1200,2824,0,0,0,0,1,1,1,[],[],0.03,,5030,3343,0.003343,3336,0.003336,0,nan,nan,-,0.0,0.0,3331,0.003331,23.254606799896184,0.0,0.0,0.0,0.0,0.0,0.0,23.254606799896184,23.375945734411687,17.433844785412496,0.0,23.254606799896184,23.375945734411687,17.433844785412496,nan,nan,nan,nan,nan,nan,nan,nan,nan,nan,nan,nan,nan,nan,nan,nan,nan,nan,nan,nan,nan,nan,nan,nan,nan,nan,nan,nan,nan,nan,nan,nan,0.9964104098115466,0.9979060723900688
28672,MatmulDeviceOperation,tt_dnn_device,0,blackhole,"{'bcast_batch': 'true'; 'compute_kernel_config': 'ComputeKernelConfig(math_fidelity=LoFi;math_approx_mode=1;fp32_dest_acc_en=0;packer_l1_acc=1;dst_full_sync_en=0;throttle_level=ThrottleLevel::NO_THROTTLE)'; 'global_cb': 'std::nullopt'; 'output_dtype': 'DataType::BFLOAT8_B'; 'output_mem_config': 'MemoryConfig(memory_layout=TensorMemoryLayout::HEIGHT_SHARDED;buffer_type=BufferType::L1;shard_spec=ShardSpec{grid=[{""start"":{""x"":0;""y"":0};""end"":{""x"":10;""y"":8}; {""start"":{""x"":0;""y"":9};""end"":{""x"":5;""y"":9}]; shape=[480; 64]; orientation=ShardOrientation::ROW_MAJOR};nd_shard_spec=std::nullopt;created_with_nd_shard_spec=0)'; 'output_tile': 'Tile(tile_shape={32; 32};face_shape={16; 16};num_faces=4)'; 'program_config': 'MatmulMultiCoreReuseMultiCast1DProgramConfig(compute_with_storage_grid_size=11-10;in0_block_w=8;out_subblock_h=3;out_subblock_w=2;out_block_h=15;out_block_w=2;per_core_M=15;per_core_N=2;fuse_batch=1;fused_activation=BasicUnaryWithParam<float>(op_type=UnaryOpType::RELU;param={});mcast_in0=0;gather_in0=0;hop_cores={};num_global_cb_receivers=0;untilize_out=0;allowed_worker_cores={[0-0 - 10-9]};stream_in1=0)'; 'sub_device_id': 'std::nullopt'; 'transpose_a': 'false'; 'transpose_b': 'false'; 'untilize_out': 'false'; 'user_core_coord': 'std::nullopt'; 'user_fused_activation': 'std::nullopt'; 'user_run_batched': 'false'}",LoFi,105,110,,,50406340739,50406345298,4559,134035253264,134035264168,4322201,4321998,8077,6180,,,,287,6164,242,6046,5806,6101,,,,,,1[1],1[1],50176[50176],256[256],TILE,BFLOAT8_B,DEV_1_L1_HEIGHT_SHARDED,1[1],1[1],256[256],64[64],TILE,BFLOAT8_B,DEV_1_DRAM_INTERLEAVED,1[1],1[1],32[1],64[64],TILE,BFLOAT8_B,DEV_1_DRAM_INTERLEAVED,1[1],1[1],50176[50176],64[64],TILE,BFLOAT8_B,DEV_1_L1_HEIGHT_SHARDED,,,['ttnn/cpp/ttnn/operations/matmul/device/kernels/compute/bmm_large_block_zm_fused_bias_activation.cpp'],['bmm_large_block_zm_fused_bias_activation/3890015080755185195/'],['ttnn/cpp/ttnn/operations/matmul/device/kernels/dataflow/reader_bmm_tile_layout_in1_receiver_writer_padding.cpp'; 'ttnn/cpp/ttnn/operations/matmul/device/kernels/dataflow/reader_bmm_tile_layout_in1_sender_writer_padding.cpp'; 'ttnn/cpp/ttnn/operations/matmul/device/kernels/dataflow/reader_bmm_tile_layout_in0_sender_padding.cpp'],['reader_bmm_tile_layout_in1_receiver_writer_padding/11057817606845490211/'; 'reader_bmm_tile_layout_in1_sender_writer_padding/3784372371605407320/'; 'reader_bmm_tile_layout_in0_sender_padding/17642096901872356833/'],2693444818193551706,False,2328,468,2064,2144,2576,0,0,0,0,2704,2704,29,[4750.390625; 6.059171676635742],[1187.59765625],43.726,,4559,6184,0.006184,7708,0.007708,24172,0.6,0.5,-,0.0,0.7,6195,0.006195,52.970557308096744,0.0,0.0,0.0,0.0,0.0,51.65342219943604,52.970557308096744,54.20309347679893,42.165092271513416,51.65342219943604,52.970557308096744,54.20309347679893,42.165092271513416,nan,nan,nan,nan,nan,nan,nan,nan,nan,nan,nan,nan,nan,nan,nan,nan,nan,nan,nan,nan,nan,nan,nan,nan,nan,nan,nan,nan,nan,nan,nan,nan,1.0017787839586028,1.2464424320827943
29696,HaloDeviceOperation,tt_dnn_device,0,blackhole,{'compute_kernel_config': 'ComputeKernelConfig(math_fidelity=LoFi;math_approx_mode=1;fp32_dest_acc_en=0;packer_l1_acc=1;dst_full_sync_en=0;throttle_level=ThrottleLevel::NO_THROTTLE)'; 'config': 'SlidingWindowConfig(batch_size=16; input_hw=(56;56); window_hw=(3;3); stride_hw=(1;1); padding=((1; 1); (1; 1)); output_padding = (0; 0); ceil_pad_hw=(0;0); dilation_hw=(1;1); scale_h=1; scale_w=1; num_cores_nhw=105; num_cores_c=1; core_range_set_={[0-0 - 10-8]; [0-9 - 5-9]}; is_transpose=false)'; 'config_tensors_in_dram': 'false'; 'in_nsticks_per_core': '480'; 'is_out_tiled': 'true'; 'max_out_nsticks_per_core': '732'; 'output_memory_config': 'MemoryConfig(memory_layout=TensorMemoryLayout::INTERLEAVED;buffer_type=BufferType::DRAM;shard_spec=std::nullopt;nd_shard_spec=std::nullopt;created_with_nd_shard_spec=0)'; 'pad_val': '0'; 'parallel_config': 'ParallelConfig(grid={[0-0 - 10-8]; [0-9 - 5-9]}; shard_scheme=HEIGHT_SHARDED; shard_orientation=ROW_MAJOR)'; 'remote_read': 'false'; 'transpose_mcast': 'false'},LoFi,105,110,,,50409542117,50409548727,6610,134039565850,134039572049,3187688,3187688,4592,3607,,,,287,3607,3350,2781,2942,3347,,,,,,1[1],1[1],50176[50176],64[64],TILE,BFLOAT8_B,DEV_1_L1_HEIGHT_SHARDED,,,,,,,,,,,,,,,1[1],1[1],76860[76860],64[64],ROW_MAJOR,BFLOAT16,DEV_1_L1_HEIGHT_SHARDED,,,['ttnn/cpp/ttnn/operations/sliding_window/halo/device/kernels/compute/pack_untilize.cpp'],['pack_untilize/2118482223586392099/'],['ttnn/cpp/ttnn/operations/sliding_window/halo/device/kernels/dataflow/halo_gather.cpp'],['halo_gather/4375147083814125334/'],16301679892078625953,False,1532,1428,1448,1056,3076,0,0,0,0,1,1,1,[],[],0.028,,6610,3607,0.003607,5530,0.00553,0,6.0,0.0,-,0.0,0.0,3644,0.003644,8.132836326668926,0.0,0.0,0.0,0.0,0.0,6.281078251766553,8.132836326668926,9.538950715421304,4.250186352239615,6.281078251766553,8.132836326668926,9.538950715421304,4.250186352239615,nan,nan,nan,nan,nan,nan,nan,nan,nan,nan,nan,nan,nan,nan,nan,nan,nan,nan,nan,nan,nan,nan,nan,nan,nan,nan,nan,nan,nan,nan,nan,nan,1.0102578319933464,1.5331300249514832
30720,Conv2dDeviceOperation,tt_dnn_device,0,blackhole,"{'activation': 'BasicUnaryWithParam<float>(op_type=UnaryOpType::RELU;param={})'; 'block_config': 'Conv2dBlockConfig(act_block_h_ntiles=15;act_block_w_ntiles=6;out_subblock_h_ntiles=3;out_subblock_w_ntiles=2)'; 'compute_kernel_config': 'ComputeKernelConfig(math_fidelity=LoFi;math_approx_mode=1;fp32_dest_acc_en=0;packer_l1_acc=1;dst_full_sync_en=0;throttle_level=ThrottleLevel::NO_THROTTLE)'; 'config_tensors_in_dram': 'false'; 'dtype': 'DataType::BFLOAT8_B'; 'enable_act_double_buffer': 'true'; 'enable_activation_reuse': 'false'; 'enable_weights_double_buffer': 'true'; 'force_split_reader': 'std::nullopt'; 'full_inner_dim': 'true'; 'groups': '1'; 'has_bias': 'true'; 'input_tensor_shape': '{16; 56; 56; 64}'; 'memory_config': 'MemoryConfig(memory_layout=TensorMemoryLayout::HEIGHT_SHARDED;buffer_type=BufferType::L1;shard_spec=ShardSpec{grid=[{""start"":{""x"":0;""y"":0};""end"":{""x"":10;""y"":8}; {""start"":{""x"":0;""y"":9};""end"":{""x"":5;""y"":9}]; shape=[480; 64]; orientation=ShardOrientation::ROW_MAJOR};nd_shard_spec=std::nullopt;created_with_nd_shard_spec=0)'; 'output_channels': '64'; 'parallelization_config': 'Conv2dParallelizationConfig(grid_size=11-10;num_cores_nhw=105;num_cores_c_in=1;num_cores_c_out=1;per_core_out_matrix_height_ntile=15;per_core_out_matrix_width_ntile=2)'; 'sliding_window_config': 'SlidingWindowConfig(batch_size=16; input_hw=(56;56); window_hw=(3;3); stride_hw=(1;1); padding=((1; 1); (1; 1)); output_padding = (0; 0); ceil_pad_hw=(0;0); dilation_hw=(1;1); scale_h=1; scale_w=1; num_cores_nhw=105; num_cores_c=1; core_range_set_={[0-0 - 10-8]; [0-9 - 5-9]}; is_transpose=false)'; 'untilize_out': 'false'}",LoFi,110,110,,,50409754216,50409759896,5680,134039865186,134039896710,219568,219566,23351,20898,,,,377,17327,12264,20803,20620,20893,,,,,,1[1],1[1],76860[76860],64[64],ROW_MAJOR,BFLOAT16,DEV_1_L1_HEIGHT_SHARDED,1[1],1[1],576[576],64[64],TILE,BFLOAT8_B,DEV_1_DRAM_INTERLEAVED,1[1],1[1],32[1],64[64],TILE,BFLOAT8_B,DEV_1_DRAM_INTERLEAVED,1[1],1[1],50176[50176],64[64],TILE,BFLOAT8_B,DEV_1_L1_HEIGHT_SHARDED,,,['ttnn/cpp/ttnn/operations/conv/conv2d/device/kernels/conv_bmm_tilize.cpp'],['conv_bmm_tilize/491601951806577913/'],['ttnn/cpp/ttnn/operations/conv/conv2d/device/kernels/reader_conv_activations_padded_with_halo_3x3_weights_v2.cpp'; 'ttnn/cpp/ttnn/operations/conv/conv2d/device/kernels/reader_writer_tiled_out_1d_mcast_receiver_conv_weights_tiled_col_to_rm_blocks.cpp'; 'ttnn/cpp/ttnn/operations/conv/conv2d/device/kernels/reader_writer_tiled_out_1d_mcast_sender_conv_weights_tiled_col_to_rm_blocks.cpp'],['reader_conv_activations_padded_with_halo_3x3_weights_v2/182103422000810214/'; 'reader_writer_tiled_out_1d_mcast_receiver_conv_weights_tiled_col_to_rm_blocks/4779177981952355260/'; 'reader_writer_tiled_out_1d_mcast_sender_conv_weights_tiled_col_to_rm_blocks/6951082242113170163/'],14750626073075263353,False,2172,788,3684,3116,5460,0,0,0,0,6083,6083,67,[1617.3072509765625; 6.0601677894592285; 0.3366759717464447],[527.907958984375],29.107,,5680,20899,0.020899,40290,0.04029,18050,0.1,0.1,-,0.0,0.1,20879,0.020879,42.59218852280166,0.0,0.0,0.0,0.0,0.0,0.0,42.59218852280166,42.67910502149989,36.358475839069044,0.0,42.59218852280166,42.67910502149989,36.358475839069044,nan,nan,nan,nan,nan,nan,nan,nan,nan,nan,nan,nan,nan,nan,nan,nan,nan,nan,nan,nan,nan,nan,nan,nan,nan,nan,nan,nan,nan,nan,nan,nan,0.9990430164122686,1.927843437485047
31744,MatmulDeviceOperation,tt_dnn_device,0,blackhole,"{'bcast_batch': 'true'; 'compute_kernel_config': 'ComputeKernelConfig(math_fidelity=LoFi;math_approx_mode=1;fp32_dest_acc_en=0;packer_l1_acc=1;dst_full_sync_en=0;throttle_level=ThrottleLevel::NO_THROTTLE)'; 'global_cb': 'std::nullopt'; 'output_dtype': 'DataType::BFLOAT8_B'; 'output_mem_config': 'MemoryConfig(memory_layout=TensorMemoryLayout::HEIGHT_SHARDED;buffer_type=BufferType::L1;shard_spec=ShardSpec{grid=[{""start"":{""x"":0;""y"":0};""end"":{""x"":10;""y"":8}; {""start"":{""x"":0;""y"":9};""end"":{""x"":5;""y"":9}]; shape=[480; 256]; orientation=ShardOrientation::ROW_MAJOR};nd_shard_spec=std::nullopt;created_with_nd_shard_spec=0)'; 'output_tile': 'Tile(tile_shape={32; 32};face_shape={16; 16};num_faces=4)'; 'program_config': 'MatmulMultiCoreReuseMultiCast1DProgramConfig(compute_with_storage_grid_size=11-10;in0_block_w=2;out_subblock_h=1;out_subblock_w=8;out_block_h=15;out_block_w=8;per_core_M=15;per_core_N=8;fuse_batch=1;fused_activation=std::nullopt;mcast_in0=0;gather_in0=0;hop_cores={};num_global_cb_receivers=0;untilize_out=0;allowed_worker_cores={[0-0 - 10-9]};stream_in1=0)'; 'sub_device_id': 'std::nullopt'; 'transpose_a': 'false'; 'transpose_b': 'false'; 'untilize_out': 'false'; 'user_core_coord': 'std::nullopt'; 'user_fused_activation': 'std::nullopt'; 'user_run_batched': 'false'}",LoFi,105,110,,,50414258866,50414264126,5260,134045943295,134045957643,4481070,4481070,10628,8750,,,,276,8750,228,8586,8333,8680,,,,,,1[1],1[1],50176[50176],64[64],TILE,BFLOAT8_B,DEV_1_L1_HEIGHT_SHARDED,1[1],1[1],64[64],256[256],TILE,BFLOAT8_B,DEV_1_DRAM_INTERLEAVED,1[1],1[1],32[1],256[256],TILE,BFLOAT8_B,DEV_1_DRAM_INTERLEAVED,1[1],1[1],50176[50176],256[256],TILE,BFLOAT8_B,DEV_1_L1_HEIGHT_SHARDED,,,['ttnn/cpp/ttnn/operations/matmul/device/kernels/compute/bmm_large_block_zm_fused_bias_activation.cpp'],['bmm_large_block_zm_fused_bias_activation/230600861566440002/'],['ttnn/cpp/ttnn/operations/matmul/device/kernels/dataflow/reader_bmm_tile_layout_in1_receiver_writer_padding.cpp'; 'ttnn/cpp/ttnn/operations/matmul/device/kernels/dataflow/reader_bmm_tile_layout_in1_sender_writer_padding.cpp'; 'ttnn/cpp/ttnn/operations/matmul/device/kernels/dataflow/reader_bmm_tile_layout_in0_sender_padding.cpp'],['reader_bmm_tile_layout_in1_receiver_writer_padding/2027052260717154577/'; 'reader_bmm_tile_layout_in1_sender_writer_padding/4360141635369180773/'; 'reader_bmm_tile_layout_in0_sender_padding/14459558849547516760/'],10835667957917526273,False,2368,468,1968,1844,2856,0,0,0,0,2704,2704,29,[1187.59765625; 6.059171676635742],[4750.390625],30.903,,5260,8750,0.00875,10159,0.010159,31859,0.9,0.8,-,0.0,0.7,8751,0.008751,43.04671877840393,0.0,0.0,0.0,0.0,0.0,42.262064044242265,43.04671877840393,43.634355150510906,35.085139100502225,42.262064044242265,43.04671877840393,43.634355150510906,35.085139100502225,nan,nan,nan,nan,nan,nan,nan,nan,nan,nan,nan,nan,nan,nan,nan,nan,nan,nan,nan,nan,nan,nan,nan,nan,nan,nan,nan,nan,nan,nan,nan,nan,1.0001142857142857,1.1610285714285713
32768,BinaryNgDeviceOperation,tt_dnn_device,0,blackhole,"{'a_shard_volume': '120'; 'b_shard_volume': '120'; 'binary_op_type': 'BinaryOpType::ADD'; 'c_shard_volume': '120'; 'compute_kernel_config': 'std::nullopt'; 'dtype': 'DataType::BFLOAT8_B'; 'equal_nan': 'false'; 'input_layout_a': 'Layout::TILE'; 'input_layout_b': 'Layout::TILE'; 'is_quant_op': 'false'; 'is_sfpu': 'false'; 'is_where_op': 'false'; 'lhs_activations': '{}'; 'memory_config': 'MemoryConfig(memory_layout=TensorMemoryLayout::HEIGHT_SHARDED;buffer_type=BufferType::L1;shard_spec=ShardSpec{grid=[{""start"":{""x"":0;""y"":0};""end"":{""x"":10;""y"":8}; {""start"":{""x"":0;""y"":9};""end"":{""x"":5;""y"":9}]; shape=[480; 256]; orientation=ShardOrientation::ROW_MAJOR};nd_shard_spec={""shard_shape"":[480; 256];""grid"":[{""start"":{""x"":0;""y"":0};""end"":{""x"":10;""y"":8}}; {""start"":{""x"":0;""y"":9};""end"":{""x"":5;""y"":9}}];""orientation"":""ShardOrientation::ROW_MAJOR"";""shard_distribution_strategy"":""ShardDistributionStrategy::ROUND_ROBIN_1D""};created_with_nd_shard_spec=0)'; 'output_layout': 'Layout::TILE'; 'post_activations': '{BasicUnaryWithParam<float; int; unsigned int>(base=BasicUnaryWithParam<float>(op_type=UnaryOpType::RELU;param={}))}'; 'rhs_activations': '{}'; 'sub_core_grids': 'std::nullopt'; 'subtile_broadcast_type': 'SubtileBroadcastType::NONE'}",HiFi4,110,110,,,50415250939,50415255409,4470,134047279653,134047285032,979735,979802,3984,3368,,,,183,164,261,3245,3054,3355,,,,,,1[1],1[1],50176[50176],256[256],TILE,BFLOAT8_B,DEV_1_L1_HEIGHT_SHARDED,1[1],1[1],50176[50176],256[256],TILE,BFLOAT8_B,DEV_1_L1_HEIGHT_SHARDED,1[1],1[1],50176[50176],256[256],TILE,BFLOAT8_B,DEV_1_L1_HEIGHT_SHARDED,1[1],1[1],50176[50176],256[256],TILE,BFLOAT8_B,DEV_1_L1_HEIGHT_SHARDED,,,['ttnn/cpp/ttnn/operations/eltwise/binary_ng/device/kernels/compute/eltwise_binary_no_bcast.cpp'],['eltwise_binary_no_bcast/2250846161256338320/'],['ttnn/cpp/ttnn/operations/eltwise/binary_ng/device/kernels_ng/dataflow/writer_interleaved_no_bcast.cpp'; 'ttnn/cpp/ttnn/operations/eltwise/binary_ng/device/kernels_ng/dataflow/reader_interleaved_no_bcast.cpp'],['writer_interleaved_no_bcast/16250247509294428975/'; 'reader_interleaved_no_bcast/13096760455738417324/'],10520855324243487797,False,340,532,1836,1200,2824,0,0,0,0,1,1,1,[],[],0.03,,4470,3370,0.00337,3389,0.003389,0,nan,nan,-,0.0,0.0,3340,0.00334,23.209429219791915,0.0,0.0,0.0,0.0,0.0,0.0,23.209429219791915,23.382045929018787,17.387447327567088,0.0,23.209429219791915,23.382045929018787,17.387447327567088,nan,nan,nan,nan,nan,nan,nan,nan,nan,nan,nan,nan,nan,nan,nan,nan,nan,nan,nan,nan,nan,nan,nan,nan,nan,nan,nan,nan,nan,nan,nan,nan,0.9910979228486647,1.0056379821958457
33792,MatmulDeviceOperation,tt_dnn_device,0,blackhole,"{'bcast_batch': 'true'; 'compute_kernel_config': 'ComputeKernelConfig(math_fidelity=LoFi;math_approx_mode=1;fp32_dest_acc_en=0;packer_l1_acc=1;dst_full_sync_en=0;throttle_level=ThrottleLevel::NO_THROTTLE)'; 'global_cb': 'std::nullopt'; 'output_dtype': 'DataType::BFLOAT8_B'; 'output_mem_config': 'MemoryConfig(memory_layout=TensorMemoryLayout::HEIGHT_SHARDED;buffer_type=BufferType::L1;shard_spec=ShardSpec{grid=[{""start"":{""x"":0;""y"":0};""end"":{""x"":10;""y"":8}; {""start"":{""x"":0;""y"":9};""end"":{""x"":5;""y"":9}]; shape=[480; 128]; orientation=ShardOrientation::ROW_MAJOR};nd_shard_spec=std::nullopt;created_with_nd_shard_spec=0)'; 'output_tile': 'Tile(tile_shape={32; 32};face_shape={16; 16};num_faces=4)'; 'program_config': 'MatmulMultiCoreReuseMultiCast1DProgramConfig(compute_with_storage_grid_size=11-10;in0_block_w=8;out_subblock_h=1;out_subblock_w=4;out_block_h=15;out_block_w=4;per_core_M=15;per_core_N=4;fuse_batch=1;fused_activation=BasicUnaryWithParam<float>(op_type=UnaryOpType::RELU;param={});mcast_in0=0;gather_in0=0;hop_cores={};num_global_cb_receivers=0;untilize_out=0;allowed_worker_cores={[0-0 - 10-9]};stream_in1=0)'; 'sub_device_id': 'std::nullopt'; 'transpose_a': 'false'; 'transpose_b': 'false'; 'untilize_out': 'false'; 'user_core_coord': 'std::nullopt'; 'user_fused_activation': 'std::nullopt'; 'user_run_batched': 'false'}",LoFi,105,110,,,50619656031,50619794740,138709,134323231063,134323248562,204407791,204407791,12962,11046,,,,288,11040,247,10947,10721,10968,,,,,,1[1],1[1],50176[50176],256[256],TILE,BFLOAT8_B,DEV_1_L1_HEIGHT_SHARDED,1[1],1[1],256[256],128[128],TILE,BFLOAT8_B,DEV_1_DRAM_INTERLEAVED,1[1],1[1],32[1],128[128],TILE,BFLOAT8_B,DEV_1_DRAM_INTERLEAVED,1[1],1[1],50176[50176],128[128],TILE,BFLOAT8_B,DEV_1_L1_HEIGHT_SHARDED,,,['ttnn/cpp/ttnn/operations/matmul/device/kernels/compute/bmm_large_block_zm_fused_bias_activation.cpp'],['bmm_large_block_zm_fused_bias_activation/14113703627862376961/'],['ttnn/cpp/ttnn/operations/matmul/device/kernels/dataflow/reader_bmm_tile_layout_in1_receiver_writer_padding.cpp'; 'ttnn/cpp/ttnn/operations/matmul/device/kernels/dataflow/reader_bmm_tile_layout_in1_sender_writer_padding.cpp'; 'ttnn/cpp/ttnn/operations/matmul/device/kernels/dataflow/reader_bmm_tile_layout_in0_sender_padding.cpp'],['reader_bmm_tile_layout_in1_receiver_writer_padding/9173526834876951590/'; 'reader_bmm_tile_layout_in1_sender_writer_padding/2043239560353735063/'; 'reader_bmm_tile_layout_in0_sender_padding/17642096901872356833/'],17693348864132292527,False,2444,468,1956,1676,2216,0,0,0,0,5407,5407,59,[2375.634521484375; 6.0602922439575195],[1187.8172607421875],48.95,,138709,11046,0.011046,13735,0.013735,49226,0.6,0.5,-,0.0,0.8,10999,0.010999,57.29218165124655,0.0,0.0,0.0,0.0,0.0,56.41168289290681,57.29218165124655,57.89736635500679,47.801198733921474,56.41168289290681,57.29218165124655,57.89736635500679,47.801198733921474,nan,nan,nan,nan,nan,nan,nan,nan,nan,nan,nan,nan,nan,nan,nan,nan,nan,nan,nan,nan,nan,nan,nan,nan,nan,nan,nan,nan,nan,nan,nan,nan,0.9957450660872714,1.2434365381133443
34816,HaloDeviceOperation,tt_dnn_device,0,blackhole,{'compute_kernel_config': 'ComputeKernelConfig(math_fidelity=LoFi;math_approx_mode=1;fp32_dest_acc_en=0;packer_l1_acc=1;dst_full_sync_en=0;throttle_level=ThrottleLevel::NO_THROTTLE)'; 'config': 'SlidingWindowConfig(batch_size=16; input_hw=(56;56); window_hw=(3;3); stride_hw=(2;2); padding=((1; 1); (1; 1)); output_padding = (0; 0); ceil_pad_hw=(0;0); dilation_hw=(1;1); scale_h=1; scale_w=1; num_cores_nhw=105; num_cores_c=1; core_range_set_={[0-0 - 10-8]; [0-9 - 5-9]}; is_transpose=false)'; 'config_tensors_in_dram': 'false'; 'in_nsticks_per_core': '480'; 'is_out_tiled': 'true'; 'max_out_nsticks_per_core': '789'; 'output_memory_config': 'MemoryConfig(memory_layout=TensorMemoryLayout::INTERLEAVED;buffer_type=BufferType::DRAM;shard_spec=std::nullopt;nd_shard_spec=std::nullopt;created_with_nd_shard_spec=0)'; 'pad_val': '0'; 'parallel_config': 'ParallelConfig(grid={[0-0 - 10-8]; [0-9 - 5-9]}; shard_scheme=HEIGHT_SHARDED; shard_orientation=ROW_MAJOR)'; 'remote_read': 'false'; 'transpose_mcast': 'false'},LoFi,105,110,,,50854208402,50854301661,93259,134639868094,134639890540,234528968,234528968,16627,15633,,,,308,15633,15114,14316,14644,15150,,,,,,1[1],1[1],50176[50176],128[128],TILE,BFLOAT8_B,DEV_1_L1_HEIGHT_SHARDED,,,,,,,,,,,,,,,1[1],1[1],82845[82845],128[128],ROW_MAJOR,BFLOAT16,DEV_1_L1_HEIGHT_SHARDED,,,['ttnn/cpp/ttnn/operations/sliding_window/halo/device/kernels/compute/pack_untilize.cpp'],['pack_untilize/13510657640706263669/'],['ttnn/cpp/ttnn/operations/sliding_window/halo/device/kernels/dataflow/halo_gather.cpp'],['halo_gather/5189932308158249722/'],11248205762672420364,False,1532,1428,1488,1248,3092,0,0,0,0,1,1,1,[],[],0.006,,93259,15633,0.015633,16301,0.016301,0,21.5,0.0,-,0.0,0.0,15739,0.015739,5.0885190289409525,0.0,0.0,0.0,0.0,0.0,2.4307489745277766,5.0885190289409525,16.156176371592057,1.9679641047363547,2.4307489745277766,5.0885190289409525,16.156176371592057,1.9679641047363547,nan,nan,nan,nan,nan,nan,nan,nan,nan,nan,nan,nan,nan,nan,nan,nan,nan,nan,nan,nan,nan,nan,nan,nan,nan,nan,nan,nan,nan,nan,nan,nan,1.0067805283694746,1.042730122177445
35840,Conv2dDeviceOperation,tt_dnn_device,0,blackhole,"{'activation': 'BasicUnaryWithParam<float>(op_type=UnaryOpType::RELU;param={})'; 'block_config': 'Conv2dBlockConfig(act_block_h_ntiles=4;act_block_w_ntiles=12;out_subblock_h_ntiles=2;out_subblock_w_ntiles=4)'; 'compute_kernel_config': 'ComputeKernelConfig(math_fidelity=LoFi;math_approx_mode=1;fp32_dest_acc_en=0;packer_l1_acc=1;dst_full_sync_en=0;throttle_level=ThrottleLevel::NO_THROTTLE)'; 'config_tensors_in_dram': 'false'; 'dtype': 'DataType::BFLOAT8_B'; 'enable_act_double_buffer': 'true'; 'enable_activation_reuse': 'false'; 'enable_weights_double_buffer': 'true'; 'force_split_reader': 'std::nullopt'; 'full_inner_dim': 'true'; 'groups': '1'; 'has_bias': 'true'; 'input_tensor_shape': '{16; 56; 56; 128}'; 'memory_config': 'MemoryConfig(memory_layout=TensorMemoryLayout::HEIGHT_SHARDED;buffer_type=BufferType::L1;shard_spec=ShardSpec{grid=[{""start"":{""x"":0;""y"":0};""end"":{""x"":10;""y"":8}; {""start"":{""x"":0;""y"":9};""end"":{""x"":5;""y"":9}]; shape=[128; 128]; orientation=ShardOrientation::ROW_MAJOR};nd_shard_spec=std::nullopt;created_with_nd_shard_spec=0)'; 'output_channels': '128'; 'parallelization_config': 'Conv2dParallelizationConfig(grid_size=11-10;num_cores_nhw=105;num_cores_c_in=1;num_cores_c_out=1;per_core_out_matrix_height_ntile=4;per_core_out_matrix_width_ntile=4)'; 'sliding_window_config': 'SlidingWindowConfig(batch_size=16; input_hw=(56;56); window_hw=(3;3); stride_hw=(2;2); padding=((1; 1); (1; 1)); output_padding = (0; 0); ceil_pad_hw=(0;0); dilation_hw=(1;1); scale_h=1; scale_w=1; num_cores_nhw=105; num_cores_c=1; core_range_set_={[0-0 - 10-8]; [0-9 - 5-9]}; is_transpose=false)'; 'untilize_out': 'false'}",LoFi,110,110,,,51088253506,51088405125,151619,134955829007,134955854108,234024452,234024452,18593,16164,,,,383,14204,3585,16030,15801,16159,,,,,,1[1],1[1],82845[82845],128[128],ROW_MAJOR,BFLOAT16,DEV_1_L1_HEIGHT_SHARDED,1[1],1[1],1152[1152],128[128],TILE,BFLOAT8_B,DEV_1_DRAM_INTERLEAVED,1[1],1[1],32[1],128[128],TILE,BFLOAT8_B,DEV_1_DRAM_INTERLEAVED,1[1],1[1],12544[12544],128[128],TILE,BFLOAT8_B,DEV_1_L1_HEIGHT_SHARDED,,,['ttnn/cpp/ttnn/operations/conv/conv2d/device/kernels/conv_bmm_tilize.cpp'],['conv_bmm_tilize/381327327298042024/'],['ttnn/cpp/ttnn/operations/conv/conv2d/device/kernels/reader_conv_activations_padded_with_halo_3x3_weights_v2.cpp'; 'ttnn/cpp/ttnn/operations/conv/conv2d/device/kernels/reader_writer_tiled_out_1d_mcast_receiver_conv_weights_tiled_col_to_rm_blocks.cpp'; 'ttnn/cpp/ttnn/operations/conv/conv2d/device/kernels/reader_writer_tiled_out_1d_mcast_sender_conv_weights_tiled_col_to_rm_blocks.cpp'],['reader_conv_activations_padded_with_halo_3x3_weights_v2/11589714677073155401/'; 'reader_writer_tiled_out_1d_mcast_receiver_conv_weights_tiled_col_to_rm_blocks/6708901889466512520/'; 'reader_writer_tiled_out_1d_mcast_sender_conv_weights_tiled_col_to_rm_blocks/18012825751570570109/'],2881415055459598821,False,2380,784,3560,3204,5868,0,0,0,0,6083,6083,268,[3486.490234375; 24.240671157836914; 0.6733519434928894],[263.9539794921875],37.633,,151619,16164,0.016164,30067,0.030067,134700,0.3,0.2,-,0.0,1.0,16158,0.016158,49.5534867164099,0.0,0.0,0.0,0.0,0.0,0.0,49.5534867164099,50.79859758472926,41.84660523541008,0.0,49.5534867164099,50.79859758472926,41.84660523541008,nan,nan,nan,nan,nan,nan,nan,nan,nan,nan,nan,nan,nan,nan,nan,nan,nan,nan,nan,nan,nan,nan,nan,nan,nan,nan,nan,nan,nan,nan,nan,nan,0.999628804751299,1.8601212571145755
36864,MatmulDeviceOperation,tt_dnn_device,0,blackhole,"{'bcast_batch': 'true'; 'compute_kernel_config': 'ComputeKernelConfig(math_fidelity=LoFi;math_approx_mode=1;fp32_dest_acc_en=0;packer_l1_acc=1;dst_full_sync_en=0;throttle_level=ThrottleLevel::NO_THROTTLE)'; 'global_cb': 'std::nullopt'; 'output_dtype': 'DataType::BFLOAT8_B'; 'output_mem_config': 'MemoryConfig(memory_layout=TensorMemoryLayout::HEIGHT_SHARDED;buffer_type=BufferType::L1;shard_spec=ShardSpec{grid=[{""start"":{""x"":0;""y"":0};""end"":{""x"":10;""y"":8}; {""start"":{""x"":0;""y"":9};""end"":{""x"":5;""y"":9}]; shape=[128; 512]; orientation=ShardOrientation::ROW_MAJOR};nd_shard_spec=std::nullopt;created_with_nd_shard_spec=0)'; 'output_tile': 'Tile(tile_shape={32; 32};face_shape={16; 16};num_faces=4)'; 'program_config': 'MatmulMultiCoreReuseMultiCast1DProgramConfig(compute_with_storage_grid_size=11-10;in0_block_w=4;out_subblock_h=1;out_subblock_w=8;out_block_h=4;out_block_w=16;per_core_M=4;per_core_N=16;fuse_batch=1;fused_activation=std::nullopt;mcast_in0=0;gather_in0=0;hop_cores={};num_global_cb_receivers=0;untilize_out=0;allowed_worker_cores={[0-0 - 10-9]};stream_in1=0)'; 'sub_device_id': 'std::nullopt'; 'transpose_a': 'false'; 'transpose_b': 'false'; 'untilize_out': 'false'; 'user_core_coord': 'std::nullopt'; 'user_fused_activation': 'std::nullopt'; 'user_run_batched': 'false'}",LoFi,98,110,,,51312822683,51312956502,133819,135258990727,135259006404,224551099,224545068,11613,9651,,,,278,9645,232,9485,9219,9589,,,,,,1[1],1[1],12544[12544],128[128],TILE,BFLOAT8_B,DEV_1_L1_HEIGHT_SHARDED,1[1],1[1],128[128],512[512],TILE,BFLOAT8_B,DEV_1_DRAM_INTERLEAVED,1[1],1[1],32[1],512[512],TILE,BFLOAT8_B,DEV_1_DRAM_INTERLEAVED,1[1],1[1],12544[12544],512[512],TILE,BFLOAT8_B,DEV_1_L1_HEIGHT_SHARDED,,,['ttnn/cpp/ttnn/operations/matmul/device/kernels/compute/bmm_large_block_zm_fused_bias_activation.cpp'],['bmm_large_block_zm_fused_bias_activation/265956193759298628/'],['ttnn/cpp/ttnn/operations/matmul/device/kernels/dataflow/reader_bmm_tile_layout_in1_receiver_writer_padding.cpp'; 'ttnn/cpp/ttnn/operations/matmul/device/kernels/dataflow/reader_bmm_tile_layout_in1_sender_writer_padding.cpp'; 'ttnn/cpp/ttnn/operations/matmul/device/kernels/dataflow/reader_bmm_tile_layout_in0_sender_padding.cpp'],['reader_bmm_tile_layout_in1_receiver_writer_padding/15153778020667999268/'; 'reader_bmm_tile_layout_in1_sender_writer_padding/11217578693104778961/'; 'reader_bmm_tile_layout_in0_sender_padding/9281787365078259831/'],11975643275351127625,False,2440,464,2032,2008,2916,0,0,0,0,2704,2704,119,[593.798828125; 24.23668670654297],[2375.1953125],28.015,,133819,9652,0.009652,14796,0.014796,106058,0.5,0.3,-,0.0,1.6,9645,0.009645,37.26117261172612,0.0,0.0,0.0,0.0,0.0,36.68065870196965,37.26117261172612,37.71580345285525,28.499603205078976,36.68065870196965,37.26117261172612,37.71580345285525,28.499603205078976,nan,nan,nan,nan,nan,nan,nan,nan,nan,nan,nan,nan,nan,nan,nan,nan,nan,nan,nan,nan,nan,nan,nan,nan,nan,nan,nan,nan,nan,nan,nan,nan,0.9992747617074181,1.5329465395772897
37888,HaloDeviceOperation,tt_dnn_device,0,blackhole,{'compute_kernel_config': 'ComputeKernelConfig(math_fidelity=LoFi;math_approx_mode=1;fp32_dest_acc_en=0;packer_l1_acc=1;dst_full_sync_en=0;throttle_level=ThrottleLevel::NO_THROTTLE)'; 'config': 'SlidingWindowConfig(batch_size=16; input_hw=(56;56); window_hw=(1;1); stride_hw=(2;2); padding=((0; 0); (0; 0)); output_padding = (0; 0); ceil_pad_hw=(0;0); dilation_hw=(1;1); scale_h=1; scale_w=1; num_cores_nhw=105; num_cores_c=1; core_range_set_={[0-0 - 10-8]; [0-9 - 5-9]}; is_transpose=false)'; 'config_tensors_in_dram': 'false'; 'in_nsticks_per_core': '480'; 'is_out_tiled': 'true'; 'max_out_nsticks_per_core': '535'; 'output_memory_config': 'MemoryConfig(memory_layout=TensorMemoryLayout::INTERLEAVED;buffer_type=BufferType::DRAM;shard_spec=std::nullopt;nd_shard_spec=std::nullopt;created_with_nd_shard_spec=0)'; 'pad_val': '0'; 'parallel_config': 'ParallelConfig(grid={[0-0 - 10-8]; [0-9 - 5-9]}; shard_scheme=HEIGHT_SHARDED; shard_orientation=ROW_MAJOR)'; 'remote_read': 'false'; 'transpose_mcast': 'false'},LoFi,105,110,,,51541913270,51542025890,112620,135568256766,135568288794,229079065,229076452,23724,22729,,,,273,22729,21950,21321,21493,21928,,,,,,1[1],1[1],50176[50176],256[256],TILE,BFLOAT8_B,DEV_1_L1_HEIGHT_SHARDED,,,,,,,,,,,,,,,1[1],1[1],56175[56175],256[256],ROW_MAJOR,BFLOAT16,DEV_1_L1_HEIGHT_SHARDED,,,['ttnn/cpp/ttnn/operations/sliding_window/halo/device/kernels/compute/pack_untilize.cpp'],['pack_untilize/8211161030105617417/'],['ttnn/cpp/ttnn/operations/sliding_window/halo/device/kernels/dataflow/halo_gather.cpp'],['halo_gather/12530063911074042818/'],7007635225821910837,False,1272,1152,1692,1176,3500,0,0,0,0,1,1,1,[],[],0.004,,112620,22730,0.02273,23519,0.023519,0,10.3,0.0,-,0.2,0.0,22959,0.022959,6.395736175882745,0.0,0.0,0.0,0.0,0.0,3.320190910977381,6.395736175882745,18.0247840781074,2.6963488734742165,3.320190910977381,6.395736175882745,18.0247840781074,2.6963488734742165,nan,nan,nan,nan,nan,nan,nan,nan,nan,nan,nan,nan,nan,nan,nan,nan,nan,nan,nan,nan,nan,nan,nan,nan,nan,nan,nan,nan,nan,nan,nan,nan,1.010074791025077,1.0347118345798505
38912,Conv2dDeviceOperation,tt_dnn_device,0,blackhole,"{'activation': 'std::nullopt'; 'block_config': 'Conv2dBlockConfig(act_block_h_ntiles=4;act_block_w_ntiles=8;out_subblock_h_ntiles=1;out_subblock_w_ntiles=8)'; 'compute_kernel_config': 'ComputeKernelConfig(math_fidelity=LoFi;math_approx_mode=1;fp32_dest_acc_en=0;packer_l1_acc=1;dst_full_sync_en=0;throttle_level=ThrottleLevel::NO_THROTTLE)'; 'config_tensors_in_dram': 'false'; 'dtype': 'DataType::BFLOAT8_B'; 'enable_act_double_buffer': 'true'; 'enable_activation_reuse': 'false'; 'enable_weights_double_buffer': 'false'; 'force_split_reader': 'std::nullopt'; 'full_inner_dim': 'true'; 'groups': '1'; 'has_bias': 'true'; 'input_tensor_shape': '{16; 56; 56; 256}'; 'memory_config': 'MemoryConfig(memory_layout=TensorMemoryLayout::HEIGHT_SHARDED;buffer_type=BufferType::L1;shard_spec=ShardSpec{grid=[{""start"":{""x"":0;""y"":0};""end"":{""x"":10;""y"":8}; {""start"":{""x"":0;""y"":9};""end"":{""x"":5;""y"":9}]; shape=[128; 512]; orientation=ShardOrientation::ROW_MAJOR};nd_shard_spec=std::nullopt;created_with_nd_shard_spec=0)'; 'output_channels': '512'; 'parallelization_config': 'Conv2dParallelizationConfig(grid_size=11-10;num_cores_nhw=105;num_cores_c_in=1;num_cores_c_out=1;per_core_out_matrix_height_ntile=4;per_core_out_matrix_width_ntile=16)'; 'sliding_window_config': 'SlidingWindowConfig(batch_size=16; input_hw=(56;56); window_hw=(1;1); stride_hw=(2;2); padding=((0; 0); (0; 0)); output_padding = (0; 0); ceil_pad_hw=(0;0); dilation_hw=(1;1); scale_h=1; scale_w=1; num_cores_nhw=105; num_cores_c=1; core_range_set_={[0-0 - 10-8]; [0-9 - 5-9]}; is_transpose=false)'; 'untilize_out': 'false'}",LoFi,110,110,,,51769153170,51769306799,153629,135875030096,135875054367,227212759,227212759,17979,15550,,,,340,8962,2355,15421,15225,15549,,,,,,1[1],1[1],56175[56175],256[256],ROW_MAJOR,BFLOAT16,DEV_1_L1_HEIGHT_SHARDED,1[1],1[1],256[256],512[512],TILE,BFLOAT8_B,DEV_1_DRAM_INTERLEAVED,1[1],1[1],32[1],512[512],TILE,BFLOAT8_B,DEV_1_DRAM_INTERLEAVED,1[1],1[1],12544[12544],512[512],TILE,BFLOAT8_B,DEV_1_L1_HEIGHT_SHARDED,,,['ttnn/cpp/ttnn/operations/conv/conv2d/device/kernels/conv_bmm_tilize.cpp'],['conv_bmm_tilize/4495619181274233939/'],['ttnn/cpp/ttnn/operations/conv/conv2d/device/kernels/reader_conv_activations_padded_with_halo_3x3_weights_v2.cpp'; 'ttnn/cpp/ttnn/operations/conv/conv2d/device/kernels/reader_writer_tiled_out_1d_mcast_receiver_conv_weights_tiled_col_to_rm_blocks.cpp'; 'ttnn/cpp/ttnn/operations/conv/conv2d/device/kernels/reader_writer_tiled_out_1d_mcast_sender_conv_weights_tiled_col_to_rm_blocks.cpp'],['reader_conv_activations_padded_with_halo_3x3_weights_v2/3018931742342584022/'; 'reader_writer_tiled_out_1d_mcast_receiver_conv_weights_tiled_col_to_rm_blocks/15191778577061342255/'; 'reader_writer_tiled_out_1d_mcast_sender_conv_weights_tiled_col_to_rm_blocks/1814289446247432825/'],16193186307206884518,False,2072,684,2828,2876,4188,0,0,0,0,5407,5407,238,[5319.32666015625; 24.241168975830078; 3.0301461219787598],[1187.8172607421875],34.772,,153629,15550,0.01555,23082,0.023082,258518,0.5,0.2,-,0.0,2.5,15573,0.015573,43.73832694387103,0.0,0.0,0.0,0.0,0.0,0.0,43.73832694387103,44.98913428008288,37.038719497693,0.0,43.73832694387103,44.98913428008288,37.038719497693,nan,nan,nan,nan,nan,nan,nan,nan,nan,nan,nan,nan,nan,nan,nan,nan,nan,nan,nan,nan,nan,nan,nan,nan,nan,nan,nan,nan,nan,nan,nan,nan,1.0014790996784566,1.4843729903536977
39936,ReshardDeviceOperation,tt_dnn_device,0,blackhole,"{'output_mem_config': 'MemoryConfig(memory_layout=TensorMemoryLayout::HEIGHT_SHARDED;buffer_type=BufferType::L1;shard_spec=ShardSpec{grid=[{""start"":{""x"":0;""y"":0};""end"":{""x"":10;""y"":7}; {""start"":{""x"":0;""y"":8};""end"":{""x"":9;""y"":8}]; shape=[128; 512]; orientation=ShardOrientation::ROW_MAJOR};nd_shard_spec={""shard_shape"":[128; 512];""grid"":[{""start"":{""x"":0;""y"":0};""end"":{""x"":10;""y"":7}}; {""start"":{""x"":0;""y"":8};""end"":{""x"":9;""y"":8}}];""orientation"":""ShardOrientation::ROW_MAJOR"";""shard_distribution_strategy"":""ShardDistributionStrategy::ROUND_ROBIN_1D""};created_with_nd_shard_spec=0)'}",,98,110,,,51892449030,51892514140,65110,136041473114,136041475653,123213530,123213530,1881,827,,,,179,793,827,,,,,,,,,1[1],1[1],12544[12544],512[512],TILE,BFLOAT8_B,DEV_1_L1_HEIGHT_SHARDED,,,,,,,,,,,,,,,1[1],1[1],12544[12544],512[512],TILE,BFLOAT8_B,DEV_1_L1_HEIGHT_SHARDED,,,[],[],['ttnn/cpp/ttnn/operations/data_movement/sharded/device/kernels/dataflow/reshard_same_width_reader.cpp'],['reshard_same_width_reader/382784468776360277/'],11836418199621526511,False,816,804,0,0,0,0,0,0,0,1,1,1,[],[],0.121,,65110,827,0.000827,914,0.000914,0,0.0,0.0,-,0.0,0.0,819,0.000819,0.0,0.0,0.0,0.0,0.0,0.0,0.0,0.0,0.0,0.0,0.0,0.0,0.0,0.0,nan,nan,nan,nan,nan,nan,nan,nan,nan,nan,nan,nan,nan,nan,nan,nan,nan,nan,nan,nan,nan,nan,nan,nan,nan,nan,nan,nan,nan,nan,nan,nan,0.9903264812575573,1.1051995163240629
40960,BinaryNgDeviceOperation,tt_dnn_device,0,blackhole,"{'a_shard_volume': '64'; 'b_shard_volume': '64'; 'binary_op_type': 'BinaryOpType::ADD'; 'c_shard_volume': '64'; 'compute_kernel_config': 'std::nullopt'; 'dtype': 'DataType::BFLOAT8_B'; 'equal_nan': 'false'; 'input_layout_a': 'Layout::TILE'; 'input_layout_b': 'Layout::TILE'; 'is_quant_op': 'false'; 'is_sfpu': 'false'; 'is_where_op': 'false'; 'lhs_activations': '{}'; 'memory_config': 'MemoryConfig(memory_layout=TensorMemoryLayout::HEIGHT_SHARDED;buffer_type=BufferType::L1;shard_spec=ShardSpec{grid=[{""start"":{""x"":0;""y"":0};""end"":{""x"":10;""y"":7}; {""start"":{""x"":0;""y"":8};""end"":{""x"":9;""y"":8}]; shape=[128; 512]; orientation=ShardOrientation::ROW_MAJOR};nd_shard_spec={""shard_shape"":[128; 512];""grid"":[{""start"":{""x"":0;""y"":0};""end"":{""x"":10;""y"":7}}; {""start"":{""x"":0;""y"":8};""end"":{""x"":9;""y"":8}}];""orientation"":""ShardOrientation::ROW_MAJOR"";""shard_distribution_strategy"":""ShardDistributionStrategy::ROUND_ROBIN_1D""};created_with_nd_shard_spec=0)'; 'output_layout': 'Layout::TILE'; 'post_activations': '{BasicUnaryWithParam<float; int; unsigned int>(base=BasicUnaryWithParam<float>(op_type=UnaryOpType::RELU;param={}))}'; 'rhs_activations': '{}'; 'sub_core_grids': 'std::nullopt'; 'subtile_broadcast_type': 'SubtileBroadcastType::NONE'}",HiFi4,110,110,,,52011601338,52011732017,130679,136202326858,136202330534,119176969,119147529,2723,2097,,,,187,149,259,1973,1787,2084,,,,,,1[1],1[1],12544[12544],512[512],TILE,BFLOAT8_B,DEV_1_L1_HEIGHT_SHARDED,1[1],1[1],12544[12544],512[512],TILE,BFLOAT8_B,DEV_1_L1_HEIGHT_SHARDED,1[1],1[1],12544[12544],512[512],TILE,BFLOAT8_B,DEV_1_L1_HEIGHT_SHARDED,1[1],1[1],12544[12544],512[512],TILE,BFLOAT8_B,DEV_1_L1_HEIGHT_SHARDED,,,['ttnn/cpp/ttnn/operations/eltwise/binary_ng/device/kernels/compute/eltwise_binary_no_bcast.cpp'],['eltwise_binary_no_bcast/2250846161256338320/'],['ttnn/cpp/ttnn/operations/eltwise/binary_ng/device/kernels_ng/dataflow/writer_interleaved_no_bcast.cpp'; 'ttnn/cpp/ttnn/operations/eltwise/binary_ng/device/kernels_ng/dataflow/reader_interleaved_no_bcast.cpp'],['writer_interleaved_no_bcast/5615107431950483695/'; 'reader_interleaved_no_bcast/3989453989484916538/'],9733563691027561580,False,340,532,1836,1200,2824,0,0,0,0,1,1,1,[],[],0.048,,130679,2099,0.002099,2086,0.002086,0,nan,nan,-,0.0,0.0,2044,0.002044,21.013133208255162,0.0,0.0,0.0,0.0,0.0,0.0,21.013133208255162,21.414913957934992,13.260843300712818,0.0,21.013133208255162,21.414913957934992,13.260843300712818,nan,nan,nan,nan,nan,nan,nan,nan,nan,nan,nan,nan,nan,nan,nan,nan,nan,nan,nan,nan,nan,nan,nan,nan,nan,nan,nan,nan,nan,nan,nan,nan,0.973797046212482,0.993806574559314
41984,MatmulDeviceOperation,tt_dnn_device,0,blackhole,"{'bcast_batch': 'true'; 'compute_kernel_config': 'ComputeKernelConfig(math_fidelity=LoFi;math_approx_mode=1;fp32_dest_acc_en=0;packer_l1_acc=1;dst_full_sync_en=0;throttle_level=ThrottleLevel::NO_THROTTLE)'; 'global_cb': 'std::nullopt'; 'output_dtype': 'DataType::BFLOAT8_B'; 'output_mem_config': 'MemoryConfig(memory_layout=TensorMemoryLayout::HEIGHT_SHARDED;buffer_type=BufferType::L1;shard_spec=ShardSpec{grid=[{""start"":{""x"":0;""y"":0};""end"":{""x"":10;""y"":7}; {""start"":{""x"":0;""y"":8};""end"":{""x"":9;""y"":8}]; shape=[128; 128]; orientation=ShardOrientation::ROW_MAJOR};nd_shard_spec=std::nullopt;created_with_nd_shard_spec=0)'; 'output_tile': 'Tile(tile_shape={32; 32};face_shape={16; 16};num_faces=4)'; 'program_config': 'MatmulMultiCoreReuseMultiCast1DProgramConfig(compute_with_storage_grid_size=11-9;in0_block_w=16;out_subblock_h=2;out_subblock_w=4;out_block_h=4;out_block_w=4;per_core_M=4;per_core_N=4;fuse_batch=1;fused_activation=BasicUnaryWithParam<float>(op_type=UnaryOpType::RELU;param={});mcast_in0=0;gather_in0=0;hop_cores={};num_global_cb_receivers=0;untilize_out=0;allowed_worker_cores={[0-0 - 10-8]};stream_in1=0)'; 'sub_device_id': 'std::nullopt'; 'transpose_a': 'false'; 'transpose_b': 'false'; 'untilize_out': 'false'; 'user_core_coord': 'std::nullopt'; 'user_fused_activation': 'std::nullopt'; 'user_run_batched': 'false'}",LoFi,98,110,,,52265338102,52265541850,203748,136544866381,136544880331,253735607,253726646,10333,8385,,,,294,8384,239,8222,7942,8321,,,,,,1[1],1[1],12544[12544],512[512],TILE,BFLOAT8_B,DEV_1_L1_HEIGHT_SHARDED,1[1],1[1],512[512],128[128],TILE,BFLOAT8_B,DEV_1_DRAM_INTERLEAVED,1[1],1[1],32[1],128[128],TILE,BFLOAT8_B,DEV_1_DRAM_INTERLEAVED,1[1],1[1],12544[12544],128[128],TILE,BFLOAT8_B,DEV_1_L1_HEIGHT_SHARDED,,,['ttnn/cpp/ttnn/operations/matmul/device/kernels/compute/bmm_large_block_zm_fused_bias_activation.cpp'],['bmm_large_block_zm_fused_bias_activation/797220176641048016/'],['ttnn/cpp/ttnn/operations/matmul/device/kernels/dataflow/reader_bmm_tile_layout_in1_receiver_writer_padding.cpp'; 'ttnn/cpp/ttnn/operations/matmul/device/kernels/dataflow/reader_bmm_tile_layout_in1_sender_writer_padding.cpp'; 'ttnn/cpp/ttnn/operations/matmul/device/kernels/dataflow/reader_bmm_tile_layout_in0_sender_padding.cpp'],['reader_bmm_tile_layout_in1_receiver_writer_padding/11321363294687720161/'; 'reader_bmm_tile_layout_in1_sender_writer_padding/3620866729622670426/'; 'reader_bmm_tile_layout_in0_sender_padding/2112761584724794757/'],4584313283483012643,False,2464,464,2068,1988,2872,0,0,0,0,2704,2704,119,[2375.1953125; 24.23668670654297],[593.798828125],32.233,,203748,8389,0.008389,13481,0.013481,90592,0.4,0.3,-,0.0,1.5,8356,0.008356,39.84101910203614,0.0,0.0,0.0,0.0,0.0,39.119804400978,39.84101910203614,40.4315288171834,30.115533492893658,39.119804400978,39.84101910203614,40.4315288171834,30.115533492893658,nan,nan,nan,nan,nan,nan,nan,nan,nan,nan,nan,nan,nan,nan,nan,nan,nan,nan,nan,nan,nan,nan,nan,nan,nan,nan,nan,nan,nan,nan,nan,nan,0.9960662772678508,1.6069853379425436
43008,HaloDeviceOperation,tt_dnn_device,0,blackhole,{'compute_kernel_config': 'ComputeKernelConfig(math_fidelity=LoFi;math_approx_mode=1;fp32_dest_acc_en=0;packer_l1_acc=1;dst_full_sync_en=0;throttle_level=ThrottleLevel::NO_THROTTLE)'; 'config': 'SlidingWindowConfig(batch_size=16; input_hw=(28;28); window_hw=(3;3); stride_hw=(1;1); padding=((1; 1); (1; 1)); output_padding = (0; 0); ceil_pad_hw=(0;0); dilation_hw=(1;1); scale_h=1; scale_w=1; num_cores_nhw=98; num_cores_c=1; core_range_set_={[0-0 - 10-7]; [0-8 - 9-8]}; is_transpose=false)'; 'config_tensors_in_dram': 'false'; 'in_nsticks_per_core': '128'; 'is_out_tiled': 'true'; 'max_out_nsticks_per_core': '260'; 'output_memory_config': 'MemoryConfig(memory_layout=TensorMemoryLayout::INTERLEAVED;buffer_type=BufferType::DRAM;shard_spec=std::nullopt;nd_shard_spec=std::nullopt;created_with_nd_shard_spec=0)'; 'pad_val': '0'; 'parallel_config': 'ParallelConfig(grid={[0-0 - 10-7]; [0-8 - 9-8]}; shard_scheme=HEIGHT_SHARDED; shard_orientation=ROW_MAJOR)'; 'remote_read': 'false'; 'transpose_mcast': 'false'},LoFi,98,110,,,52406996400,52407094369,97969,136736102193,136736108012,141625945,141635590,4310,3259,,,,336,2894,3259,816,982,1386,,,,,,1[1],1[1],12544[12544],128[128],TILE,BFLOAT8_B,DEV_1_L1_HEIGHT_SHARDED,,,,,,,,,,,,,,,1[1],1[1],25480[25480],128[128],ROW_MAJOR,BFLOAT16,DEV_1_L1_HEIGHT_SHARDED,,,['ttnn/cpp/ttnn/operations/sliding_window/halo/device/kernels/compute/pack_untilize.cpp'],['pack_untilize/13510657640706263669/'],['ttnn/cpp/ttnn/operations/sliding_window/halo/device/kernels/dataflow/halo_gather.cpp'],['halo_gather/15874831727810684683/'],11780433905710653285,False,1528,1428,1488,1248,3092,0,0,0,0,1,1,1,[],[],0.031,,97969,3261,0.003261,3550,0.00355,0,13.3,0.0,-,0.0,0.0,3116,0.003116,12.72365805168986,0.0,0.0,0.0,0.0,0.0,10.64891846921797,12.72365805168986,13.278008298755188,2.4847476428175264,10.64891846921797,12.72365805168986,13.278008298755188,2.4847476428175264,nan,nan,nan,nan,nan,nan,nan,nan,nan,nan,nan,nan,nan,nan,nan,nan,nan,nan,nan,nan,nan,nan,nan,nan,nan,nan,nan,nan,nan,nan,nan,nan,0.9555351119288561,1.088623121741797
44032,Conv2dDeviceOperation,tt_dnn_device,0,blackhole,"{'activation': 'BasicUnaryWithParam<float>(op_type=UnaryOpType::RELU;param={})'; 'block_config': 'Conv2dBlockConfig(act_block_h_ntiles=4;act_block_w_ntiles=12;out_subblock_h_ntiles=2;out_subblock_w_ntiles=4)'; 'compute_kernel_config': 'ComputeKernelConfig(math_fidelity=LoFi;math_approx_mode=1;fp32_dest_acc_en=0;packer_l1_acc=1;dst_full_sync_en=0;throttle_level=ThrottleLevel::NO_THROTTLE)'; 'config_tensors_in_dram': 'false'; 'dtype': 'DataType::BFLOAT8_B'; 'enable_act_double_buffer': 'true'; 'enable_activation_reuse': 'false'; 'enable_weights_double_buffer': 'true'; 'force_split_reader': 'std::nullopt'; 'full_inner_dim': 'true'; 'groups': '1'; 'has_bias': 'true'; 'input_tensor_shape': '{16; 28; 28; 128}'; 'memory_config': 'MemoryConfig(memory_layout=TensorMemoryLayout::HEIGHT_SHARDED;buffer_type=BufferType::L1;shard_spec=ShardSpec{grid=[{""start"":{""x"":0;""y"":0};""end"":{""x"":10;""y"":7}; {""start"":{""x"":0;""y"":8};""end"":{""x"":9;""y"":8}]; shape=[128; 128]; orientation=ShardOrientation::ROW_MAJOR};nd_shard_spec=std::nullopt;created_with_nd_shard_spec=0)'; 'output_channels': '128'; 'parallelization_config': 'Conv2dParallelizationConfig(grid_size=11-9;num_cores_nhw=98;num_cores_c_in=1;num_cores_c_out=1;per_core_out_matrix_height_ntile=4;per_core_out_matrix_width_ntile=4)'; 'sliding_window_config': 'SlidingWindowConfig(batch_size=16; input_hw=(28;28); window_hw=(3;3); stride_hw=(1;1); padding=((1; 1); (1; 1)); output_padding = (0; 0); ceil_pad_hw=(0;0); dilation_hw=(1;1); scale_h=1; scale_w=1; num_cores_nhw=98; num_cores_c=1; core_range_set_={[0-0 - 10-7]; [0-8 - 9-8]}; is_transpose=false)'; 'untilize_out': 'false'}",LoFi,99,110,,,52577044070,52577204849,160779,136965667315,136965692419,170043645,170043645,18596,16119,,,,367,13978,3589,15979,15760,16116,,,,,,1[1],1[1],25480[25480],128[128],ROW_MAJOR,BFLOAT16,DEV_1_L1_HEIGHT_SHARDED,1[1],1[1],1152[1152],128[128],TILE,BFLOAT8_B,DEV_1_DRAM_INTERLEAVED,1[1],1[1],32[1],128[128],TILE,BFLOAT8_B,DEV_1_DRAM_INTERLEAVED,1[1],1[1],12544[12544],128[128],TILE,BFLOAT8_B,DEV_1_L1_HEIGHT_SHARDED,,,['ttnn/cpp/ttnn/operations/conv/conv2d/device/kernels/conv_bmm_tilize.cpp'],['conv_bmm_tilize/381327327298042024/'],['ttnn/cpp/ttnn/operations/conv/conv2d/device/kernels/reader_conv_activations_padded_with_halo_3x3_weights_v2.cpp'; 'ttnn/cpp/ttnn/operations/conv/conv2d/device/kernels/reader_writer_tiled_out_1d_mcast_receiver_conv_weights_tiled_col_to_rm_blocks.cpp'; 'ttnn/cpp/ttnn/operations/conv/conv2d/device/kernels/reader_writer_tiled_out_1d_mcast_sender_conv_weights_tiled_col_to_rm_blocks.cpp'],['reader_conv_activations_padded_with_halo_3x3_weights_v2/4431312033045965986/'; 'reader_writer_tiled_out_1d_mcast_receiver_conv_weights_tiled_col_to_rm_blocks/15618028968702975693/'; 'reader_writer_tiled_out_1d_mcast_sender_conv_weights_tiled_col_to_rm_blocks/176821433995006325/'],15115672525866285027,False,2404,784,3560,3204,5868,0,0,0,0,6083,6083,268,[1072.31298828125; 24.240671157836914; 0.6733519434928894],[263.9539794921875],37.738,,160779,16119,0.016119,29911,0.029911,134001,0.3,0.2,-,0.0,1.0,16101,0.016101,49.6265639122782,0.0,0.0,0.0,0.0,0.0,0.0,49.6265639122782,50.877877487319545,39.19519077413815,0.0,49.6265639122782,50.877877487319545,39.19519077413815,nan,nan,nan,nan,nan,nan,nan,nan,nan,nan,nan,nan,nan,nan,nan,nan,nan,nan,nan,nan,nan,nan,nan,nan,nan,nan,nan,nan,nan,nan,nan,nan,0.9988833054159687,1.8556362057199576
45056,MatmulDeviceOperation,tt_dnn_device,0,blackhole,"{'bcast_batch': 'true'; 'compute_kernel_config': 'ComputeKernelConfig(math_fidelity=LoFi;math_approx_mode=1;fp32_dest_acc_en=0;packer_l1_acc=1;dst_full_sync_en=0;throttle_level=ThrottleLevel::NO_THROTTLE)'; 'global_cb': 'std::nullopt'; 'output_dtype': 'DataType::BFLOAT8_B'; 'output_mem_config': 'MemoryConfig(memory_layout=TensorMemoryLayout::HEIGHT_SHARDED;buffer_type=BufferType::L1;shard_spec=ShardSpec{grid=[{""start"":{""x"":0;""y"":0};""end"":{""x"":10;""y"":7}; {""start"":{""x"":0;""y"":8};""end"":{""x"":9;""y"":8}]; shape=[128; 512]; orientation=ShardOrientation::ROW_MAJOR};nd_shard_spec=std::nullopt;created_with_nd_shard_spec=0)'; 'output_tile': 'Tile(tile_shape={32; 32};face_shape={16; 16};num_faces=4)'; 'program_config': 'MatmulMultiCoreReuseMultiCast1DProgramConfig(compute_with_storage_grid_size=11-9;in0_block_w=4;out_subblock_h=1;out_subblock_w=8;out_block_h=4;out_block_w=16;per_core_M=4;per_core_N=16;fuse_batch=1;fused_activation=std::nullopt;mcast_in0=0;gather_in0=0;hop_cores={};num_global_cb_receivers=0;untilize_out=0;allowed_worker_cores={[0-0 - 10-8]};stream_in1=0)'; 'sub_device_id': 'std::nullopt'; 'transpose_a': 'false'; 'transpose_b': 'false'; 'untilize_out': 'false'; 'user_core_coord': 'std::nullopt'; 'user_fused_activation': 'std::nullopt'; 'user_run_batched': 'false'}",LoFi,98,110,,,52721382190,52721513690,131500,137160519717,137160535450,144324554,144324554,11654,9713,,,,296,9713,270,9534,9273,9639,,,,,,1[1],1[1],12544[12544],128[128],TILE,BFLOAT8_B,DEV_1_L1_HEIGHT_SHARDED,1[1],1[1],128[128],512[512],TILE,BFLOAT8_B,DEV_1_DRAM_INTERLEAVED,1[1],1[1],32[1],512[512],TILE,BFLOAT8_B,DEV_1_DRAM_INTERLEAVED,1[1],1[1],12544[12544],512[512],TILE,BFLOAT8_B,DEV_1_L1_HEIGHT_SHARDED,,,['ttnn/cpp/ttnn/operations/matmul/device/kernels/compute/bmm_large_block_zm_fused_bias_activation.cpp'],['bmm_large_block_zm_fused_bias_activation/265956193759298628/'],['ttnn/cpp/ttnn/operations/matmul/device/kernels/dataflow/reader_bmm_tile_layout_in1_receiver_writer_padding.cpp'; 'ttnn/cpp/ttnn/operations/matmul/device/kernels/dataflow/reader_bmm_tile_layout_in1_sender_writer_padding.cpp'; 'ttnn/cpp/ttnn/operations/matmul/device/kernels/dataflow/reader_bmm_tile_layout_in0_sender_padding.cpp'],['reader_bmm_tile_layout_in1_receiver_writer_padding/15153778020667999268/'; 'reader_bmm_tile_layout_in1_sender_writer_padding/11217578693104778961/'; 'reader_bmm_tile_layout_in0_sender_padding/18420189635134483341/'],7298949880058726708,False,2440,464,2032,2008,2916,0,0,0,0,2704,2704,119,[593.798828125; 24.23668670654297],[2375.1953125],27.839,,131500,9713,0.009713,14725,0.014725,105549,0.5,0.3,-,0.0,1.6,9665,0.009665,37.18798592356167,0.0,0.0,0.0,0.0,0.0,36.57142857142857,37.18798592356167,37.609667273630194,28.44062947067239,36.57142857142857,37.18798592356167,37.609667273630194,28.44062947067239,nan,nan,nan,nan,nan,nan,nan,nan,nan,nan,nan,nan,nan,nan,nan,nan,nan,nan,nan,nan,nan,nan,nan,nan,nan,nan,nan,nan,nan,nan,nan,nan,0.9950581694636056,1.5160094718418615
46080,BinaryNgDeviceOperation,tt_dnn_device,0,blackhole,"{'a_shard_volume': '64'; 'b_shard_volume': '64'; 'binary_op_type': 'BinaryOpType::ADD'; 'c_shard_volume': '64'; 'compute_kernel_config': 'std::nullopt'; 'dtype': 'DataType::BFLOAT8_B'; 'equal_nan': 'false'; 'input_layout_a': 'Layout::TILE'; 'input_layout_b': 'Layout::TILE'; 'is_quant_op': 'false'; 'is_sfpu': 'false'; 'is_where_op': 'false'; 'lhs_activations': '{}'; 'memory_config': 'MemoryConfig(memory_layout=TensorMemoryLayout::HEIGHT_SHARDED;buffer_type=BufferType::L1;shard_spec=ShardSpec{grid=[{""start"":{""x"":0;""y"":0};""end"":{""x"":10;""y"":7}; {""start"":{""x"":0;""y"":8};""end"":{""x"":9;""y"":8}]; shape=[128; 512]; orientation=ShardOrientation::ROW_MAJOR};nd_shard_spec={""shard_shape"":[128; 512];""grid"":[{""start"":{""x"":0;""y"":0};""end"":{""x"":10;""y"":7}}; {""start"":{""x"":0;""y"":8};""end"":{""x"":9;""y"":8}}];""orientation"":""ShardOrientation::ROW_MAJOR"";""shard_distribution_strategy"":""ShardDistributionStrategy::ROUND_ROBIN_1D""};created_with_nd_shard_spec=0)'; 'output_layout': 'Layout::TILE'; 'post_activations': '{BasicUnaryWithParam<float; int; unsigned int>(base=BasicUnaryWithParam<float>(op_type=UnaryOpType::RELU;param={}))}'; 'rhs_activations': '{}'; 'sub_core_grids': 'std::nullopt'; 'subtile_broadcast_type': 'SubtileBroadcastType::NONE'}",HiFi4,110,110,,,52722705252,52722710192,4940,137162298519,137162302137,1306370,1306370,2680,2056,,,,190,154,267,1939,1744,2031,,,,,,1[1],1[1],12544[12544],512[512],TILE,BFLOAT8_B,DEV_1_L1_HEIGHT_SHARDED,1[1],1[1],12544[12544],512[512],TILE,BFLOAT8_B,DEV_1_L1_HEIGHT_SHARDED,1[1],1[1],12544[12544],512[512],TILE,BFLOAT8_B,DEV_1_L1_HEIGHT_SHARDED,1[1],1[1],12544[12544],512[512],TILE,BFLOAT8_B,DEV_1_L1_HEIGHT_SHARDED,,,['ttnn/cpp/ttnn/operations/eltwise/binary_ng/device/kernels/compute/eltwise_binary_no_bcast.cpp'],['eltwise_binary_no_bcast/2250846161256338320/'],['ttnn/cpp/ttnn/operations/eltwise/binary_ng/device/kernels_ng/dataflow/writer_interleaved_no_bcast.cpp'; 'ttnn/cpp/ttnn/operations/eltwise/binary_ng/device/kernels_ng/dataflow/reader_interleaved_no_bcast.cpp'],['writer_interleaved_no_bcast/5615107431950483695/'; 'reader_interleaved_no_bcast/3989453989484916538/'],9733563691027561580,False,340,532,1836,1200,2824,0,0,0,0,1,1,1,[],[],0.049,,4940,2056,0.002056,2031,0.002031,0,nan,nan,-,0.0,0.0,2051,0.002051,21.17202268431002,0.0,0.0,0.0,0.0,0.0,0.0,21.17202268431002,21.44566778362853,13.212952931262793,0.0,21.17202268431002,21.44566778362853,13.212952931262793,nan,nan,nan,nan,nan,nan,nan,nan,nan,nan,nan,nan,nan,nan,nan,nan,nan,nan,nan,nan,nan,nan,nan,nan,nan,nan,nan,nan,nan,nan,nan,nan,0.9975680933852139,0.9878404669260699
47104,MatmulDeviceOperation,tt_dnn_device,0,blackhole,"{'bcast_batch': 'true'; 'compute_kernel_config': 'ComputeKernelConfig(math_fidelity=LoFi;math_approx_mode=1;fp32_dest_acc_en=0;packer_l1_acc=1;dst_full_sync_en=0;throttle_level=ThrottleLevel::NO_THROTTLE)'; 'global_cb': 'std::nullopt'; 'output_dtype': 'DataType::BFLOAT8_B'; 'output_mem_config': 'MemoryConfig(memory_layout=TensorMemoryLayout::HEIGHT_SHARDED;buffer_type=BufferType::L1;shard_spec=ShardSpec{grid=[{""start"":{""x"":0;""y"":0};""end"":{""x"":10;""y"":7}; {""start"":{""x"":0;""y"":8};""end"":{""x"":9;""y"":8}]; shape=[128; 128]; orientation=ShardOrientation::ROW_MAJOR};nd_shard_spec=std::nullopt;created_with_nd_shard_spec=0)'; 'output_tile': 'Tile(tile_shape={32; 32};face_shape={16; 16};num_faces=4)'; 'program_config': 'MatmulMultiCoreReuseMultiCast1DProgramConfig(compute_with_storage_grid_size=11-9;in0_block_w=16;out_subblock_h=2;out_subblock_w=4;out_block_h=4;out_block_w=4;per_core_M=4;per_core_N=4;fuse_batch=1;fused_activation=BasicUnaryWithParam<float>(op_type=UnaryOpType::RELU;param={});mcast_in0=0;gather_in0=0;hop_cores={};num_global_cb_receivers=0;untilize_out=0;allowed_worker_cores={[0-0 - 10-8]};stream_in1=0)'; 'sub_device_id': 'std::nullopt'; 'transpose_a': 'false'; 'transpose_b': 'false'; 'untilize_out': 'false'; 'user_core_coord': 'std::nullopt'; 'user_fused_activation': 'std::nullopt'; 'user_run_batched': 'false'}",LoFi,98,110,,,52730463420,52730468390,4970,137172773613,137172787550,7758876,7758876,10324,8381,,,,297,8379,237,8201,7934,8312,,,,,,1[1],1[1],12544[12544],512[512],TILE,BFLOAT8_B,DEV_1_L1_HEIGHT_SHARDED,1[1],1[1],512[512],128[128],TILE,BFLOAT8_B,DEV_1_DRAM_INTERLEAVED,1[1],1[1],32[1],128[128],TILE,BFLOAT8_B,DEV_1_DRAM_INTERLEAVED,1[1],1[1],12544[12544],128[128],TILE,BFLOAT8_B,DEV_1_L1_HEIGHT_SHARDED,,,['ttnn/cpp/ttnn/operations/matmul/device/kernels/compute/bmm_large_block_zm_fused_bias_activation.cpp'],['bmm_large_block_zm_fused_bias_activation/797220176641048016/'],['ttnn/cpp/ttnn/operations/matmul/device/kernels/dataflow/reader_bmm_tile_layout_in1_receiver_writer_padding.cpp'; 'ttnn/cpp/ttnn/operations/matmul/device/kernels/dataflow/reader_bmm_tile_layout_in1_sender_writer_padding.cpp'; 'ttnn/cpp/ttnn/operations/matmul/device/kernels/dataflow/reader_bmm_tile_layout_in0_sender_padding.cpp'],['reader_bmm_tile_layout_in1_receiver_writer_padding/11321363294687720161/'; 'reader_bmm_tile_layout_in1_sender_writer_padding/3620866729622670426/'; 'reader_bmm_tile_layout_in0_sender_padding/2112761584724794757/'],4584313283483012643,False,2464,464,2068,1988,2872,0,0,0,0,2704,2704,119,[2375.1953125; 24.23668670654297],[593.798828125],32.263,,4970,8381,0.008381,13527,0.013527,84841,0.4,0.3,-,0.0,1.4,8390,0.00839,39.736364867286454,0.0,0.0,0.0,0.0,0.0,38.99878128808475,39.736364867286454,40.317891064159724,29.995879686856203,38.99878128808475,39.736364867286454,40.317891064159724,29.995879686856203,nan,nan,nan,nan,nan,nan,nan,nan,nan,nan,nan,nan,nan,nan,nan,nan,nan,nan,nan,nan,nan,nan,nan,nan,nan,nan,nan,nan,nan,nan,nan,nan,1.0010738575349003,1.6140078749552562
48128,HaloDeviceOperation,tt_dnn_device,0,blackhole,{'compute_kernel_config': 'ComputeKernelConfig(math_fidelity=LoFi;math_approx_mode=1;fp32_dest_acc_en=0;packer_l1_acc=1;dst_full_sync_en=0;throttle_level=ThrottleLevel::NO_THROTTLE)'; 'config': 'SlidingWindowConfig(batch_size=16; input_hw=(28;28); window_hw=(3;3); stride_hw=(1;1); padding=((1; 1); (1; 1)); output_padding = (0; 0); ceil_pad_hw=(0;0); dilation_hw=(1;1); scale_h=1; scale_w=1; num_cores_nhw=98; num_cores_c=1; core_range_set_={[0-0 - 10-7]; [0-8 - 9-8]}; is_transpose=false)'; 'config_tensors_in_dram': 'false'; 'in_nsticks_per_core': '128'; 'is_out_tiled': 'true'; 'max_out_nsticks_per_core': '260'; 'output_memory_config': 'MemoryConfig(memory_layout=TensorMemoryLayout::INTERLEAVED;buffer_type=BufferType::DRAM;shard_spec=std::nullopt;nd_shard_spec=std::nullopt;created_with_nd_shard_spec=0)'; 'pad_val': '0'; 'parallel_config': 'ParallelConfig(grid={[0-0 - 10-7]; [0-8 - 9-8]}; shard_scheme=HEIGHT_SHARDED; shard_orientation=ROW_MAJOR)'; 'remote_read': 'false'; 'transpose_mcast': 'false'},LoFi,98,110,,,52739085143,52739092833,7690,137184409661,137184415540,8608847,8608847,4355,3284,,,,323,2930,3271,827,996,1384,,,,,,1[1],1[1],12544[12544],128[128],TILE,BFLOAT8_B,DEV_1_L1_HEIGHT_SHARDED,,,,,,,,,,,,,,,1[1],1[1],25480[25480],128[128],ROW_MAJOR,BFLOAT16,DEV_1_L1_HEIGHT_SHARDED,,,['ttnn/cpp/ttnn/operations/sliding_window/halo/device/kernels/compute/pack_untilize.cpp'],['pack_untilize/13510657640706263669/'],['ttnn/cpp/ttnn/operations/sliding_window/halo/device/kernels/dataflow/halo_gather.cpp'],['halo_gather/15874831727810684683/'],11780433905710653285,False,1528,1428,1488,1248,3092,0,0,0,0,1,1,1,[],[],0.03,,7690,3284,0.003284,3534,0.003534,0,13.7,0.0,-,0.0,0.0,3213,0.003213,12.962028639520241,0.0,0.0,0.0,0.0,0.0,10.561056105610561,12.962028639520241,13.473684210526315,2.409712617181497,10.561056105610561,12.962028639520241,13.473684210526315,2.409712617181497,nan,nan,nan,nan,nan,nan,nan,nan,nan,nan,nan,nan,nan,nan,nan,nan,nan,nan,nan,nan,nan,nan,nan,nan,nan,nan,nan,nan,nan,nan,nan,nan,0.978380024360536,1.0761266747868452
49152,Conv2dDeviceOperation,tt_dnn_device,0,blackhole,"{'activation': 'BasicUnaryWithParam<float>(op_type=UnaryOpType::RELU;param={})'; 'block_config': 'Conv2dBlockConfig(act_block_h_ntiles=4;act_block_w_ntiles=12;out_subblock_h_ntiles=2;out_subblock_w_ntiles=4)'; 'compute_kernel_config': 'ComputeKernelConfig(math_fidelity=LoFi;math_approx_mode=1;fp32_dest_acc_en=0;packer_l1_acc=1;dst_full_sync_en=0;throttle_level=ThrottleLevel::NO_THROTTLE)'; 'config_tensors_in_dram': 'false'; 'dtype': 'DataType::BFLOAT8_B'; 'enable_act_double_buffer': 'true'; 'enable_activation_reuse': 'false'; 'enable_weights_double_buffer': 'true'; 'force_split_reader': 'std::nullopt'; 'full_inner_dim': 'true'; 'groups': '1'; 'has_bias': 'true'; 'input_tensor_shape': '{16; 28; 28; 128}'; 'memory_config': 'MemoryConfig(memory_layout=TensorMemoryLayout::HEIGHT_SHARDED;buffer_type=BufferType::L1;shard_spec=ShardSpec{grid=[{""start"":{""x"":0;""y"":0};""end"":{""x"":10;""y"":7}; {""start"":{""x"":0;""y"":8};""end"":{""x"":9;""y"":8}]; shape=[128; 128]; orientation=ShardOrientation::ROW_MAJOR};nd_shard_spec=std::nullopt;created_with_nd_shard_spec=0)'; 'output_channels': '128'; 'parallelization_config': 'Conv2dParallelizationConfig(grid_size=11-9;num_cores_nhw=98;num_cores_c_in=1;num_cores_c_out=1;per_core_out_matrix_height_ntile=4;per_core_out_matrix_width_ntile=4)'; 'sliding_window_config': 'SlidingWindowConfig(batch_size=16; input_hw=(28;28); window_hw=(3;3); stride_hw=(1;1); padding=((1; 1); (1; 1)); output_padding = (0; 0); ceil_pad_hw=(0;0); dilation_hw=(1;1); scale_h=1; scale_w=1; num_cores_nhw=98; num_cores_c=1; core_range_set_={[0-0 - 10-7]; [0-8 - 9-8]}; is_transpose=false)'; 'untilize_out': 'false'}",LoFi,99,110,,,52739304661,52739311291,6630,137184713364,137184738541,223070,223070,18650,16172,,,,342,13926,4161,16037,15804,16171,,,,,,1[1],1[1],25480[25480],128[128],ROW_MAJOR,BFLOAT16,DEV_1_L1_HEIGHT_SHARDED,1[1],1[1],1152[1152],128[128],TILE,BFLOAT8_B,DEV_1_DRAM_INTERLEAVED,1[1],1[1],32[1],128[128],TILE,BFLOAT8_B,DEV_1_DRAM_INTERLEAVED,1[1],1[1],12544[12544],128[128],TILE,BFLOAT8_B,DEV_1_L1_HEIGHT_SHARDED,,,['ttnn/cpp/ttnn/operations/conv/conv2d/device/kernels/conv_bmm_tilize.cpp'],['conv_bmm_tilize/381327327298042024/'],['ttnn/cpp/ttnn/operations/conv/conv2d/device/kernels/reader_conv_activations_padded_with_halo_3x3_weights_v2.cpp'; 'ttnn/cpp/ttnn/operations/conv/conv2d/device/kernels/reader_writer_tiled_out_1d_mcast_receiver_conv_weights_tiled_col_to_rm_blocks.cpp'; 'ttnn/cpp/ttnn/operations/conv/conv2d/device/kernels/reader_writer_tiled_out_1d_mcast_sender_conv_weights_tiled_col_to_rm_blocks.cpp'],['reader_conv_activations_padded_with_halo_3x3_weights_v2/4431312033045965986/'; 'reader_writer_tiled_out_1d_mcast_receiver_conv_weights_tiled_col_to_rm_blocks/15618028968702975693/'; 'reader_writer_tiled_out_1d_mcast_sender_conv_weights_tiled_col_to_rm_blocks/176821433995006325/'],15115672525866285027,False,2404,784,3560,3204,5868,0,0,0,0,6083,6083,268,[1072.31298828125; 24.240671157836914; 0.6733519434928894],[263.9539794921875],37.614,,6630,16172,0.016172,29857,0.029857,133759,0.3,0.2,-,0.0,1.0,16164,0.016164,49.454821276192284,0.0,0.0,0.0,0.0,0.0,0.0,49.454821276192284,50.79859758472926,39.040723428955495,0.0,49.454821276192284,50.79859758472926,39.040723428955495,nan,nan,nan,nan,nan,nan,nan,nan,nan,nan,nan,nan,nan,nan,nan,nan,nan,nan,nan,nan,nan,nan,nan,nan,nan,nan,nan,nan,nan,nan,nan,nan,0.9995053178332922,1.8462156814246848
50176,MatmulDeviceOperation,tt_dnn_device,0,blackhole,"{'bcast_batch': 'true'; 'compute_kernel_config': 'ComputeKernelConfig(math_fidelity=LoFi;math_approx_mode=1;fp32_dest_acc_en=0;packer_l1_acc=1;dst_full_sync_en=0;throttle_level=ThrottleLevel::NO_THROTTLE)'; 'global_cb': 'std::nullopt'; 'output_dtype': 'DataType::BFLOAT8_B'; 'output_mem_config': 'MemoryConfig(memory_layout=TensorMemoryLayout::HEIGHT_SHARDED;buffer_type=BufferType::L1;shard_spec=ShardSpec{grid=[{""start"":{""x"":0;""y"":0};""end"":{""x"":10;""y"":7}; {""start"":{""x"":0;""y"":8};""end"":{""x"":9;""y"":8}]; shape=[128; 512]; orientation=ShardOrientation::ROW_MAJOR};nd_shard_spec=std::nullopt;created_with_nd_shard_spec=0)'; 'output_tile': 'Tile(tile_shape={32; 32};face_shape={16; 16};num_faces=4)'; 'program_config': 'MatmulMultiCoreReuseMultiCast1DProgramConfig(compute_with_storage_grid_size=11-9;in0_block_w=4;out_subblock_h=1;out_subblock_w=8;out_block_h=4;out_block_w=16;per_core_M=4;per_core_N=16;fuse_batch=1;fused_activation=std::nullopt;mcast_in0=0;gather_in0=0;hop_cores={};num_global_cb_receivers=0;untilize_out=0;allowed_worker_cores={[0-0 - 10-8]};stream_in1=0)'; 'sub_device_id': 'std::nullopt'; 'transpose_a': 'false'; 'transpose_b': 'false'; 'untilize_out': 'false'; 'user_core_coord': 'std::nullopt'; 'user_fused_activation': 'std::nullopt'; 'user_run_batched': 'false'}",LoFi,98,110,,,52747502697,52747508097,5400,137195776407,137195792358,8178137,8177922,11816,9830,,,,273,9823,249,9650,9361,9759,,,,,,1[1],1[1],12544[12544],128[128],TILE,BFLOAT8_B,DEV_1_L1_HEIGHT_SHARDED,1[1],1[1],128[128],512[512],TILE,BFLOAT8_B,DEV_1_DRAM_INTERLEAVED,1[1],1[1],32[1],512[512],TILE,BFLOAT8_B,DEV_1_DRAM_INTERLEAVED,1[1],1[1],12544[12544],512[512],TILE,BFLOAT8_B,DEV_1_L1_HEIGHT_SHARDED,,,['ttnn/cpp/ttnn/operations/matmul/device/kernels/compute/bmm_large_block_zm_fused_bias_activation.cpp'],['bmm_large_block_zm_fused_bias_activation/265956193759298628/'],['ttnn/cpp/ttnn/operations/matmul/device/kernels/dataflow/reader_bmm_tile_layout_in1_receiver_writer_padding.cpp'; 'ttnn/cpp/ttnn/operations/matmul/device/kernels/dataflow/reader_bmm_tile_layout_in1_sender_writer_padding.cpp'; 'ttnn/cpp/ttnn/operations/matmul/device/kernels/dataflow/reader_bmm_tile_layout_in0_sender_padding.cpp'],['reader_bmm_tile_layout_in1_receiver_writer_padding/15153778020667999268/'; 'reader_bmm_tile_layout_in1_sender_writer_padding/11217578693104778961/'; 'reader_bmm_tile_layout_in0_sender_padding/18420189635134483341/'],7298949880058726708,False,2440,464,2032,2008,2916,0,0,0,0,2704,2704,119,[593.798828125; 24.23668670654297],[2375.1953125],27.505,,5400,9831,0.009831,14749,0.014749,105721,0.5,0.3,-,0.0,1.6,9725,0.009725,37.26729077431655,0.0,0.0,0.0,0.0,0.0,36.72215936641345,37.26729077431655,37.7690965007065,28.26516363267068,36.72215936641345,37.26729077431655,37.7690965007065,28.26516363267068,nan,nan,nan,nan,nan,nan,nan,nan,nan,nan,nan,nan,nan,nan,nan,nan,nan,nan,nan,nan,nan,nan,nan,nan,nan,nan,nan,nan,nan,nan,nan,nan,0.9892177804902859,1.5002542976299462
51200,BinaryNgDeviceOperation,tt_dnn_device,0,blackhole,"{'a_shard_volume': '64'; 'b_shard_volume': '64'; 'binary_op_type': 'BinaryOpType::ADD'; 'c_shard_volume': '64'; 'compute_kernel_config': 'std::nullopt'; 'dtype': 'DataType::BFLOAT8_B'; 'equal_nan': 'false'; 'input_layout_a': 'Layout::TILE'; 'input_layout_b': 'Layout::TILE'; 'is_quant_op': 'false'; 'is_sfpu': 'false'; 'is_where_op': 'false'; 'lhs_activations': '{}'; 'memory_config': 'MemoryConfig(memory_layout=TensorMemoryLayout::HEIGHT_SHARDED;buffer_type=BufferType::L1;shard_spec=ShardSpec{grid=[{""start"":{""x"":0;""y"":0};""end"":{""x"":10;""y"":7}; {""start"":{""x"":0;""y"":8};""end"":{""x"":9;""y"":8}]; shape=[128; 512]; orientation=ShardOrientation::ROW_MAJOR};nd_shard_spec={""shard_shape"":[128; 512];""grid"":[{""start"":{""x"":0;""y"":0};""end"":{""x"":10;""y"":7}}; {""start"":{""x"":0;""y"":8};""end"":{""x"":9;""y"":8}}];""orientation"":""ShardOrientation::ROW_MAJOR"";""shard_distribution_strategy"":""ShardDistributionStrategy::ROUND_ROBIN_1D""};created_with_nd_shard_spec=0)'; 'output_layout': 'Layout::TILE'; 'post_activations': '{BasicUnaryWithParam<float; int; unsigned int>(base=BasicUnaryWithParam<float>(op_type=UnaryOpType::RELU;param={}))}'; 'rhs_activations': '{}'; 'sub_core_grids': 'std::nullopt'; 'subtile_broadcast_type': 'SubtileBroadcastType::NONE'}",HiFi4,110,110,,,52748634649,52748639639,4990,137197303623,137197307240,1120003,1120003,2679,2054,,,,178,135,263,1953,1747,2047,,,,,,1[1],1[1],12544[12544],512[512],TILE,BFLOAT8_B,DEV_1_L1_HEIGHT_SHARDED,1[1],1[1],12544[12544],512[512],TILE,BFLOAT8_B,DEV_1_L1_HEIGHT_SHARDED,1[1],1[1],12544[12544],512[512],TILE,BFLOAT8_B,DEV_1_L1_HEIGHT_SHARDED,1[1],1[1],12544[12544],512[512],TILE,BFLOAT8_B,DEV_1_L1_HEIGHT_SHARDED,,,['ttnn/cpp/ttnn/operations/eltwise/binary_ng/device/kernels/compute/eltwise_binary_no_bcast.cpp'],['eltwise_binary_no_bcast/2250846161256338320/'],['ttnn/cpp/ttnn/operations/eltwise/binary_ng/device/kernels_ng/dataflow/writer_interleaved_no_bcast.cpp'; 'ttnn/cpp/ttnn/operations/eltwise/binary_ng/device/kernels_ng/dataflow/reader_interleaved_no_bcast.cpp'],['writer_interleaved_no_bcast/5615107431950483695/'; 'reader_interleaved_no_bcast/3989453989484916538/'],9733563691027561580,False,340,532,1836,1200,2824,0,0,0,0,1,1,1,[],[],0.049,,4990,2054,0.002054,2047,0.002047,0,nan,nan,-,0.0,0.0,2032,0.002032,21.042743071864724,0.0,0.0,0.0,0.0,0.0,0.0,21.042743071864724,21.34088762983947,13.386802770689027,0.0,21.042743071864724,21.34088762983947,13.386802770689027,nan,nan,nan,nan,nan,nan,nan,nan,nan,nan,nan,nan,nan,nan,nan,nan,nan,nan,nan,nan,nan,nan,nan,nan,nan,nan,nan,nan,nan,nan,nan,nan,0.9892891918208374,0.9965920155793575
52224,MatmulDeviceOperation,tt_dnn_device,0,blackhole,"{'bcast_batch': 'true'; 'compute_kernel_config': 'ComputeKernelConfig(math_fidelity=LoFi;math_approx_mode=1;fp32_dest_acc_en=0;packer_l1_acc=1;dst_full_sync_en=0;throttle_level=ThrottleLevel::NO_THROTTLE)'; 'global_cb': 'std::nullopt'; 'output_dtype': 'DataType::BFLOAT8_B'; 'output_mem_config': 'MemoryConfig(memory_layout=TensorMemoryLayout::HEIGHT_SHARDED;buffer_type=BufferType::L1;shard_spec=ShardSpec{grid=[{""start"":{""x"":0;""y"":0};""end"":{""x"":10;""y"":7}; {""start"":{""x"":0;""y"":8};""end"":{""x"":9;""y"":8}]; shape=[128; 128]; orientation=ShardOrientation::ROW_MAJOR};nd_shard_spec=std::nullopt;created_with_nd_shard_spec=0)'; 'output_tile': 'Tile(tile_shape={32; 32};face_shape={16; 16};num_faces=4)'; 'program_config': 'MatmulMultiCoreReuseMultiCast1DProgramConfig(compute_with_storage_grid_size=11-9;in0_block_w=16;out_subblock_h=2;out_subblock_w=4;out_block_h=4;out_block_w=4;per_core_M=4;per_core_N=4;fuse_batch=1;fused_activation=BasicUnaryWithParam<float>(op_type=UnaryOpType::RELU;param={});mcast_in0=0;gather_in0=0;hop_cores={};num_global_cb_receivers=0;untilize_out=0;allowed_worker_cores={[0-0 - 10-8]};stream_in1=0)'; 'sub_device_id': 'std::nullopt'; 'transpose_a': 'false'; 'transpose_b': 'false'; 'untilize_out': 'false'; 'user_core_coord': 'std::nullopt'; 'user_fused_activation': 'std::nullopt'; 'user_run_batched': 'false'}",LoFi,98,110,,,52756358198,52756363188,4990,137207731393,137207745395,7723367,7723367,10372,8399,,,,287,8399,260,8219,7947,8327,,,,,,1[1],1[1],12544[12544],512[512],TILE,BFLOAT8_B,DEV_1_L1_HEIGHT_SHARDED,1[1],1[1],512[512],128[128],TILE,BFLOAT8_B,DEV_1_DRAM_INTERLEAVED,1[1],1[1],32[1],128[128],TILE,BFLOAT8_B,DEV_1_DRAM_INTERLEAVED,1[1],1[1],12544[12544],128[128],TILE,BFLOAT8_B,DEV_1_L1_HEIGHT_SHARDED,,,['ttnn/cpp/ttnn/operations/matmul/device/kernels/compute/bmm_large_block_zm_fused_bias_activation.cpp'],['bmm_large_block_zm_fused_bias_activation/797220176641048016/'],['ttnn/cpp/ttnn/operations/matmul/device/kernels/dataflow/reader_bmm_tile_layout_in1_receiver_writer_padding.cpp'; 'ttnn/cpp/ttnn/operations/matmul/device/kernels/dataflow/reader_bmm_tile_layout_in1_sender_writer_padding.cpp'; 'ttnn/cpp/ttnn/operations/matmul/device/kernels/dataflow/reader_bmm_tile_layout_in0_sender_padding.cpp'],['reader_bmm_tile_layout_in1_receiver_writer_padding/11321363294687720161/'; 'reader_bmm_tile_layout_in1_sender_writer_padding/3620866729622670426/'; 'reader_bmm_tile_layout_in0_sender_padding/2112761584724794757/'],4584313283483012643,False,2464,464,2068,1988,2872,0,0,0,0,2704,2704,119,[2375.1953125; 24.23668670654297],[593.798828125],32.194,,4990,8399,0.008399,13533,0.013533,84879,0.5,0.3,-,0.0,1.4,8414,0.008414,39.603960396039604,0.0,0.0,0.0,0.0,0.0,38.842203548085905,39.603960396039604,40.19712049473379,29.908736097661183,38.842203548085905,39.603960396039604,40.19712049473379,29.908736097661183,nan,nan,nan,nan,nan,nan,nan,nan,nan,nan,nan,nan,nan,nan,nan,nan,nan,nan,nan,nan,nan,nan,nan,nan,nan,nan,nan,nan,nan,nan,nan,nan,1.001785926896059,1.611263245624479
53248,HaloDeviceOperation,tt_dnn_device,0,blackhole,{'compute_kernel_config': 'ComputeKernelConfig(math_fidelity=LoFi;math_approx_mode=1;fp32_dest_acc_en=0;packer_l1_acc=1;dst_full_sync_en=0;throttle_level=ThrottleLevel::NO_THROTTLE)'; 'config': 'SlidingWindowConfig(batch_size=16; input_hw=(28;28); window_hw=(3;3); stride_hw=(1;1); padding=((1; 1); (1; 1)); output_padding = (0; 0); ceil_pad_hw=(0;0); dilation_hw=(1;1); scale_h=1; scale_w=1; num_cores_nhw=98; num_cores_c=1; core_range_set_={[0-0 - 10-7]; [0-8 - 9-8]}; is_transpose=false)'; 'config_tensors_in_dram': 'false'; 'in_nsticks_per_core': '128'; 'is_out_tiled': 'true'; 'max_out_nsticks_per_core': '260'; 'output_memory_config': 'MemoryConfig(memory_layout=TensorMemoryLayout::INTERLEAVED;buffer_type=BufferType::DRAM;shard_spec=std::nullopt;nd_shard_spec=std::nullopt;created_with_nd_shard_spec=0)'; 'pad_val': '0'; 'parallel_config': 'ParallelConfig(grid={[0-0 - 10-7]; [0-8 - 9-8]}; shard_scheme=HEIGHT_SHARDED; shard_orientation=ROW_MAJOR)'; 'remote_read': 'false'; 'transpose_mcast': 'false'},LoFi,98,110,,,52764965471,52764972371,6900,137219347283,137219353108,8596015,8594550,4315,3245,,,,319,2849,3245,820,980,1395,,,,,,1[1],1[1],12544[12544],128[128],TILE,BFLOAT8_B,DEV_1_L1_HEIGHT_SHARDED,,,,,,,,,,,,,,,1[1],1[1],25480[25480],128[128],ROW_MAJOR,BFLOAT16,DEV_1_L1_HEIGHT_SHARDED,,,['ttnn/cpp/ttnn/operations/sliding_window/halo/device/kernels/compute/pack_untilize.cpp'],['pack_untilize/13510657640706263669/'],['ttnn/cpp/ttnn/operations/sliding_window/halo/device/kernels/dataflow/halo_gather.cpp'],['halo_gather/15874831727810684683/'],11780433905710653285,False,1528,1428,1488,1248,3092,0,0,0,0,1,1,1,[],[],0.031,,6900,3250,0.00325,3570,0.00357,0,13.7,0.0,-,0.0,0.0,3242,0.003242,12.99492385786802,0.0,0.0,0.0,0.0,0.0,10.657785179017486,12.99492385786802,13.445378151260504,2.3882415657604144,10.657785179017486,12.99492385786802,13.445378151260504,2.3882415657604144,nan,nan,nan,nan,nan,nan,nan,nan,nan,nan,nan,nan,nan,nan,nan,nan,nan,nan,nan,nan,nan,nan,nan,nan,nan,nan,nan,nan,nan,nan,nan,nan,0.9975384615384616,1.0984615384615384
54272,Conv2dDeviceOperation,tt_dnn_device,0,blackhole,"{'activation': 'BasicUnaryWithParam<float>(op_type=UnaryOpType::RELU;param={})'; 'block_config': 'Conv2dBlockConfig(act_block_h_ntiles=4;act_block_w_ntiles=12;out_subblock_h_ntiles=2;out_subblock_w_ntiles=4)'; 'compute_kernel_config': 'ComputeKernelConfig(math_fidelity=LoFi;math_approx_mode=1;fp32_dest_acc_en=0;packer_l1_acc=1;dst_full_sync_en=0;throttle_level=ThrottleLevel::NO_THROTTLE)'; 'config_tensors_in_dram': 'false'; 'dtype': 'DataType::BFLOAT8_B'; 'enable_act_double_buffer': 'true'; 'enable_activation_reuse': 'false'; 'enable_weights_double_buffer': 'true'; 'force_split_reader': 'std::nullopt'; 'full_inner_dim': 'true'; 'groups': '1'; 'has_bias': 'true'; 'input_tensor_shape': '{16; 28; 28; 128}'; 'memory_config': 'MemoryConfig(memory_layout=TensorMemoryLayout::HEIGHT_SHARDED;buffer_type=BufferType::L1;shard_spec=ShardSpec{grid=[{""start"":{""x"":0;""y"":0};""end"":{""x"":10;""y"":7}; {""start"":{""x"":0;""y"":8};""end"":{""x"":9;""y"":8}]; shape=[128; 128]; orientation=ShardOrientation::ROW_MAJOR};nd_shard_spec=std::nullopt;created_with_nd_shard_spec=0)'; 'output_channels': '128'; 'parallelization_config': 'Conv2dParallelizationConfig(grid_size=11-9;num_cores_nhw=98;num_cores_c_in=1;num_cores_c_out=1;per_core_out_matrix_height_ntile=4;per_core_out_matrix_width_ntile=4)'; 'sliding_window_config': 'SlidingWindowConfig(batch_size=16; input_hw=(28;28); window_hw=(3;3); stride_hw=(1;1); padding=((1; 1); (1; 1)); output_padding = (0; 0); ceil_pad_hw=(0;0); dilation_hw=(1;1); scale_h=1; scale_w=1; num_cores_nhw=98; num_cores_c=1; core_range_set_={[0-0 - 10-7]; [0-8 - 9-8]}; is_transpose=false)'; 'untilize_out': 'false'}",LoFi,99,110,,,52765272519,52765278599,6080,137219768778,137219793936,310361,310361,18636,16157,,,,364,13894,3596,16016,15794,16153,,,,,,1[1],1[1],25480[25480],128[128],ROW_MAJOR,BFLOAT16,DEV_1_L1_HEIGHT_SHARDED,1[1],1[1],1152[1152],128[128],TILE,BFLOAT8_B,DEV_1_DRAM_INTERLEAVED,1[1],1[1],32[1],128[128],TILE,BFLOAT8_B,DEV_1_DRAM_INTERLEAVED,1[1],1[1],12544[12544],128[128],TILE,BFLOAT8_B,DEV_1_L1_HEIGHT_SHARDED,,,['ttnn/cpp/ttnn/operations/conv/conv2d/device/kernels/conv_bmm_tilize.cpp'],['conv_bmm_tilize/381327327298042024/'],['ttnn/cpp/ttnn/operations/conv/conv2d/device/kernels/reader_conv_activations_padded_with_halo_3x3_weights_v2.cpp'; 'ttnn/cpp/ttnn/operations/conv/conv2d/device/kernels/reader_writer_tiled_out_1d_mcast_receiver_conv_weights_tiled_col_to_rm_blocks.cpp'; 'ttnn/cpp/ttnn/operations/conv/conv2d/device/kernels/reader_writer_tiled_out_1d_mcast_sender_conv_weights_tiled_col_to_rm_blocks.cpp'],['reader_conv_activations_padded_with_halo_3x3_weights_v2/4431312033045965986/'; 'reader_writer_tiled_out_1d_mcast_receiver_conv_weights_tiled_col_to_rm_blocks/15618028968702975693/'; 'reader_writer_tiled_out_1d_mcast_sender_conv_weights_tiled_col_to_rm_blocks/176821433995006325/'],15115672525866285027,False,2404,784,3560,3204,5868,0,0,0,0,6083,6083,268,[1072.31298828125; 24.240671157836914; 0.6733519434928894],[263.9539794921875],37.649,,6080,16157,0.016157,29834,0.029834,133656,0.3,0.2,-,0.0,1.0,16156,0.016156,49.513503251222176,0.0,0.0,0.0,0.0,0.0,0.0,49.513503251222176,50.78623241322233,39.060412941482134,0.0,49.513503251222176,50.78623241322233,39.060412941482134,nan,nan,nan,nan,nan,nan,nan,nan,nan,nan,nan,nan,nan,nan,nan,nan,nan,nan,nan,nan,nan,nan,nan,nan,nan,nan,nan,nan,nan,nan,nan,nan,0.9999381073219038,1.8465061583214704
55296,MatmulDeviceOperation,tt_dnn_device,0,blackhole,"{'bcast_batch': 'true'; 'compute_kernel_config': 'ComputeKernelConfig(math_fidelity=LoFi;math_approx_mode=1;fp32_dest_acc_en=0;packer_l1_acc=1;dst_full_sync_en=0;throttle_level=ThrottleLevel::NO_THROTTLE)'; 'global_cb': 'std::nullopt'; 'output_dtype': 'DataType::BFLOAT8_B'; 'output_mem_config': 'MemoryConfig(memory_layout=TensorMemoryLayout::HEIGHT_SHARDED;buffer_type=BufferType::L1;shard_spec=ShardSpec{grid=[{""start"":{""x"":0;""y"":0};""end"":{""x"":10;""y"":7}; {""start"":{""x"":0;""y"":8};""end"":{""x"":9;""y"":8}]; shape=[128; 512]; orientation=ShardOrientation::ROW_MAJOR};nd_shard_spec=std::nullopt;created_with_nd_shard_spec=0)'; 'output_tile': 'Tile(tile_shape={32; 32};face_shape={16; 16};num_faces=4)'; 'program_config': 'MatmulMultiCoreReuseMultiCast1DProgramConfig(compute_with_storage_grid_size=11-9;in0_block_w=4;out_subblock_h=1;out_subblock_w=8;out_block_h=4;out_block_w=16;per_core_M=4;per_core_N=16;fuse_batch=1;fused_activation=std::nullopt;mcast_in0=0;gather_in0=0;hop_cores={};num_global_cb_receivers=0;untilize_out=0;allowed_worker_cores={[0-0 - 10-8]};stream_in1=0)'; 'sub_device_id': 'std::nullopt'; 'transpose_a': 'false'; 'transpose_b': 'false'; 'untilize_out': 'false'; 'user_core_coord': 'std::nullopt'; 'user_fused_activation': 'std::nullopt'; 'user_run_batched': 'false'}",LoFi,98,110,,,52773444154,52773449724,5570,137230796466,137230812102,8152407,8151969,11582,9614,,,,279,9614,242,9458,9188,9562,,,,,,1[1],1[1],12544[12544],128[128],TILE,BFLOAT8_B,DEV_1_L1_HEIGHT_SHARDED,1[1],1[1],128[128],512[512],TILE,BFLOAT8_B,DEV_1_DRAM_INTERLEAVED,1[1],1[1],32[1],512[512],TILE,BFLOAT8_B,DEV_1_DRAM_INTERLEAVED,1[1],1[1],12544[12544],512[512],TILE,BFLOAT8_B,DEV_1_L1_HEIGHT_SHARDED,,,['ttnn/cpp/ttnn/operations/matmul/device/kernels/compute/bmm_large_block_zm_fused_bias_activation.cpp'],['bmm_large_block_zm_fused_bias_activation/265956193759298628/'],['ttnn/cpp/ttnn/operations/matmul/device/kernels/dataflow/reader_bmm_tile_layout_in1_receiver_writer_padding.cpp'; 'ttnn/cpp/ttnn/operations/matmul/device/kernels/dataflow/reader_bmm_tile_layout_in1_sender_writer_padding.cpp'; 'ttnn/cpp/ttnn/operations/matmul/device/kernels/dataflow/reader_bmm_tile_layout_in0_sender_padding.cpp'],['reader_bmm_tile_layout_in1_receiver_writer_padding/15153778020667999268/'; 'reader_bmm_tile_layout_in1_sender_writer_padding/11217578693104778961/'; 'reader_bmm_tile_layout_in0_sender_padding/18420189635134483341/'],7298949880058726708,False,2440,464,2032,2008,2916,0,0,0,0,2704,2704,119,[593.798828125; 24.23668670654297],[2375.1953125],28.12,,5570,9616,0.009616,14742,0.014742,105671,0.5,0.3,-,0.0,1.6,9614,0.009614,37.37457046114906,0.0,0.0,0.0,0.0,0.0,36.77267945294165,37.37457046114906,37.83828795070364,28.59182782443434,36.77267945294165,37.37457046114906,37.83828795070364,28.59182782443434,nan,nan,nan,nan,nan,nan,nan,nan,nan,nan,nan,nan,nan,nan,nan,nan,nan,nan,nan,nan,nan,nan,nan,nan,nan,nan,nan,nan,nan,nan,nan,nan,0.9997920133111481,1.5330698835274543
56320,BinaryNgDeviceOperation,tt_dnn_device,0,blackhole,"{'a_shard_volume': '64'; 'b_shard_volume': '64'; 'binary_op_type': 'BinaryOpType::ADD'; 'c_shard_volume': '64'; 'compute_kernel_config': 'std::nullopt'; 'dtype': 'DataType::BFLOAT8_B'; 'equal_nan': 'false'; 'input_layout_a': 'Layout::TILE'; 'input_layout_b': 'Layout::TILE'; 'is_quant_op': 'false'; 'is_sfpu': 'false'; 'is_where_op': 'false'; 'lhs_activations': '{}'; 'memory_config': 'MemoryConfig(memory_layout=TensorMemoryLayout::HEIGHT_SHARDED;buffer_type=BufferType::L1;shard_spec=ShardSpec{grid=[{""start"":{""x"":0;""y"":0};""end"":{""x"":10;""y"":7}; {""start"":{""x"":0;""y"":8};""end"":{""x"":9;""y"":8}]; shape=[128; 512]; orientation=ShardOrientation::ROW_MAJOR};nd_shard_spec={""shard_shape"":[128; 512];""grid"":[{""start"":{""x"":0;""y"":0};""end"":{""x"":10;""y"":7}}; {""start"":{""x"":0;""y"":8};""end"":{""x"":9;""y"":8}}];""orientation"":""ShardOrientation::ROW_MAJOR"";""shard_distribution_strategy"":""ShardDistributionStrategy::ROUND_ROBIN_1D""};created_with_nd_shard_spec=0)'; 'output_layout': 'Layout::TILE'; 'post_activations': '{BasicUnaryWithParam<float; int; unsigned int>(base=BasicUnaryWithParam<float>(op_type=UnaryOpType::RELU;param={}))}'; 'rhs_activations': '{}'; 'sub_core_grids': 'std::nullopt'; 'subtile_broadcast_type': 'SubtileBroadcastType::NONE'}",HiFi4,110,110,,,52774579397,52774584207,4810,137232321862,137232325479,1118711,1118711,2679,2047,,,,179,145,257,1930,1737,2029,,,,,,1[1],1[1],12544[12544],512[512],TILE,BFLOAT8_B,DEV_1_L1_HEIGHT_SHARDED,1[1],1[1],12544[12544],512[512],TILE,BFLOAT8_B,DEV_1_L1_HEIGHT_SHARDED,1[1],1[1],12544[12544],512[512],TILE,BFLOAT8_B,DEV_1_L1_HEIGHT_SHARDED,1[1],1[1],12544[12544],512[512],TILE,BFLOAT8_B,DEV_1_L1_HEIGHT_SHARDED,,,['ttnn/cpp/ttnn/operations/eltwise/binary_ng/device/kernels/compute/eltwise_binary_no_bcast.cpp'],['eltwise_binary_no_bcast/2250846161256338320/'],['ttnn/cpp/ttnn/operations/eltwise/binary_ng/device/kernels_ng/dataflow/writer_interleaved_no_bcast.cpp'; 'ttnn/cpp/ttnn/operations/eltwise/binary_ng/device/kernels_ng/dataflow/reader_interleaved_no_bcast.cpp'],['writer_interleaved_no_bcast/5615107431950483695/'; 'reader_interleaved_no_bcast/3989453989484916538/'],9733563691027561580,False,340,532,1836,1200,2824,0,0,0,0,1,1,1,[],[],0.049,,4810,2047,0.002047,2027,0.002027,0,nan,nan,-,0.0,0.0,2056,0.002056,21.152030217186024,0.0,0.0,0.0,0.0,0.0,0.0,21.152030217186024,21.476510067114095,13.184384384384384,0.0,21.152030217186024,21.476510067114095,13.184384384384384,nan,nan,nan,nan,nan,nan,nan,nan,nan,nan,nan,nan,nan,nan,nan,nan,nan,nan,nan,nan,nan,nan,nan,nan,nan,nan,nan,nan,nan,nan,nan,nan,1.0043966780654616,0.9902296042989741
57344,MatmulDeviceOperation,tt_dnn_device,0,blackhole,"{'bcast_batch': 'true'; 'compute_kernel_config': 'ComputeKernelConfig(math_fidelity=LoFi;math_approx_mode=1;fp32_dest_acc_en=0;packer_l1_acc=1;dst_full_sync_en=0;throttle_level=ThrottleLevel::NO_THROTTLE)'; 'global_cb': 'std::nullopt'; 'output_dtype': 'DataType::BFLOAT8_B'; 'output_mem_config': 'MemoryConfig(memory_layout=TensorMemoryLayout::HEIGHT_SHARDED;buffer_type=BufferType::L1;shard_spec=ShardSpec{grid=[{""start"":{""x"":0;""y"":0};""end"":{""x"":10;""y"":7}; {""start"":{""x"":0;""y"":8};""end"":{""x"":9;""y"":8}]; shape=[128; 256]; orientation=ShardOrientation::ROW_MAJOR};nd_shard_spec=std::nullopt;created_with_nd_shard_spec=0)'; 'output_tile': 'Tile(tile_shape={32; 32};face_shape={16; 16};num_faces=4)'; 'program_config': 'MatmulMultiCoreReuseMultiCast1DProgramConfig(compute_with_storage_grid_size=11-9;in0_block_w=16;out_subblock_h=1;out_subblock_w=8;out_block_h=4;out_block_w=8;per_core_M=4;per_core_N=8;fuse_batch=1;fused_activation=BasicUnaryWithParam<float>(op_type=UnaryOpType::RELU;param={});mcast_in0=0;gather_in0=0;hop_cores={};num_global_cb_receivers=0;untilize_out=0;allowed_worker_cores={[0-0 - 10-8]};stream_in1=0)'; 'sub_device_id': 'std::nullopt'; 'transpose_a': 'false'; 'transpose_b': 'false'; 'untilize_out': 'false'; 'user_core_coord': 'std::nullopt'; 'user_fused_activation': 'std::nullopt'; 'user_run_batched': 'false'}",LoFi,98,110,,,52996715540,52996872209,156669,137532214146,137532237371,222142293,222138515,17204,15242,,,,299,15242,247,15055,14815,15165,,,,,,1[1],1[1],12544[12544],512[512],TILE,BFLOAT8_B,DEV_1_L1_HEIGHT_SHARDED,1[1],1[1],512[512],256[256],TILE,BFLOAT8_B,DEV_1_DRAM_INTERLEAVED,1[1],1[1],32[1],256[256],TILE,BFLOAT8_B,DEV_1_DRAM_INTERLEAVED,1[1],1[1],12544[12544],256[256],TILE,BFLOAT8_B,DEV_1_L1_HEIGHT_SHARDED,,,['ttnn/cpp/ttnn/operations/matmul/device/kernels/compute/bmm_large_block_zm_fused_bias_activation.cpp'],['bmm_large_block_zm_fused_bias_activation/1030717385560889493/'],['ttnn/cpp/ttnn/operations/matmul/device/kernels/dataflow/reader_bmm_tile_layout_in1_receiver_writer_padding.cpp'; 'ttnn/cpp/ttnn/operations/matmul/device/kernels/dataflow/reader_bmm_tile_layout_in1_sender_writer_padding.cpp'; 'ttnn/cpp/ttnn/operations/matmul/device/kernels/dataflow/reader_bmm_tile_layout_in0_sender_padding.cpp'],['reader_bmm_tile_layout_in1_receiver_writer_padding/5355313261310966434/'; 'reader_bmm_tile_layout_in1_sender_writer_padding/7069280449392199400/'; 'reader_bmm_tile_layout_in0_sender_padding/2112761584724794757/'],12577868296108522127,False,2448,464,1960,2216,2872,0,0,0,0,5407,5407,238,[1187.8172607421875; 24.241168975830078],[593.9086303710938],35.472,,156669,15243,0.015243,25167,0.025167,157847,0.2,0.0,-,0.0,1.4,15182,0.015182,42.60920412026253,0.0,0.0,0.0,0.0,0.0,42.18364779874214,42.60920412026253,42.966227643109725,33.40619307832423,42.18364779874214,42.60920412026253,42.966227643109725,33.40619307832423,nan,nan,nan,nan,nan,nan,nan,nan,nan,nan,nan,nan,nan,nan,nan,nan,nan,nan,nan,nan,nan,nan,nan,nan,nan,nan,nan,nan,nan,nan,nan,nan,0.995998163091255,1.6510529423341862
58368,HaloDeviceOperation,tt_dnn_device,0,blackhole,{'compute_kernel_config': 'ComputeKernelConfig(math_fidelity=LoFi;math_approx_mode=1;fp32_dest_acc_en=0;packer_l1_acc=1;dst_full_sync_en=0;throttle_level=ThrottleLevel::NO_THROTTLE)'; 'config': 'SlidingWindowConfig(batch_size=16; input_hw=(28;28); window_hw=(3;3); stride_hw=(2;2); padding=((1; 1); (1; 1)); output_padding = (0; 0); ceil_pad_hw=(0;0); dilation_hw=(1;1); scale_h=1; scale_w=1; num_cores_nhw=98; num_cores_c=1; core_range_set_={[0-0 - 10-7]; [0-8 - 9-8]}; is_transpose=false)'; 'config_tensors_in_dram': 'false'; 'in_nsticks_per_core': '128'; 'is_out_tiled': 'true'; 'max_out_nsticks_per_core': '281'; 'output_memory_config': 'MemoryConfig(memory_layout=TensorMemoryLayout::INTERLEAVED;buffer_type=BufferType::DRAM;shard_spec=std::nullopt;nd_shard_spec=std::nullopt;created_with_nd_shard_spec=0)'; 'pad_val': '0'; 'parallel_config': 'ParallelConfig(grid={[0-0 - 10-7]; [0-8 - 9-8]}; shard_scheme=HEIGHT_SHARDED; shard_orientation=ROW_MAJOR)'; 'remote_read': 'false'; 'transpose_mcast': 'false'},LoFi,98,110,,,53141421858,53141521168,99310,137727562772,137727571925,144685581,144685581,6780,5737,,,,316,3270,5737,1313,1506,1825,,,,,,1[1],1[1],12544[12544],256[256],TILE,BFLOAT8_B,DEV_1_L1_HEIGHT_SHARDED,,,,,,,,,,,,,,,1[1],1[1],27538[27538],256[256],ROW_MAJOR,BFLOAT16,DEV_1_L1_HEIGHT_SHARDED,,,['ttnn/cpp/ttnn/operations/sliding_window/halo/device/kernels/compute/pack_untilize.cpp'],['pack_untilize/8211161030105617417/'],['ttnn/cpp/ttnn/operations/sliding_window/halo/device/kernels/dataflow/halo_gather.cpp'],['halo_gather/6682739729190835225/'],7725999683678238728,False,1436,1336,1692,1176,3500,0,0,0,0,1,1,1,[],[],0.017,,99310,5737,0.005737,5735,0.005735,0,10.4,0.0,-,0.0,0.0,5786,0.005786,15.403128760529484,0.0,0.0,0.0,0.0,0.0,13.494992092778071,15.403128760529484,15.628815628815628,2.6765672342423077,13.494992092778071,15.403128760529484,15.628815628815628,2.6765672342423077,nan,nan,nan,nan,nan,nan,nan,nan,nan,nan,nan,nan,nan,nan,nan,nan,nan,nan,nan,nan,nan,nan,nan,nan,nan,nan,nan,nan,nan,nan,nan,nan,1.0085410493289175,0.9996513857416768
59392,Conv2dDeviceOperation,tt_dnn_device,0,blackhole,"{'activation': 'BasicUnaryWithParam<float>(op_type=UnaryOpType::RELU;param={})'; 'block_config': 'Conv2dBlockConfig(act_block_h_ntiles=1;act_block_w_ntiles=24;out_subblock_h_ntiles=1;out_subblock_w_ntiles=8)'; 'compute_kernel_config': 'ComputeKernelConfig(math_fidelity=LoFi;math_approx_mode=1;fp32_dest_acc_en=0;packer_l1_acc=1;dst_full_sync_en=0;throttle_level=ThrottleLevel::NO_THROTTLE)'; 'config_tensors_in_dram': 'false'; 'dtype': 'DataType::BFLOAT8_B'; 'enable_act_double_buffer': 'true'; 'enable_activation_reuse': 'false'; 'enable_weights_double_buffer': 'true'; 'force_split_reader': 'std::nullopt'; 'full_inner_dim': 'true'; 'groups': '1'; 'has_bias': 'true'; 'input_tensor_shape': '{16; 28; 28; 256}'; 'memory_config': 'MemoryConfig(memory_layout=TensorMemoryLayout::HEIGHT_SHARDED;buffer_type=BufferType::L1;shard_spec=ShardSpec{grid=[{""start"":{""x"":0;""y"":0};""end"":{""x"":10;""y"":7}; {""start"":{""x"":0;""y"":8};""end"":{""x"":9;""y"":8}]; shape=[32; 256]; orientation=ShardOrientation::ROW_MAJOR};nd_shard_spec=std::nullopt;created_with_nd_shard_spec=0)'; 'output_channels': '256'; 'parallelization_config': 'Conv2dParallelizationConfig(grid_size=11-9;num_cores_nhw=98;num_cores_c_in=1;num_cores_c_out=1;per_core_out_matrix_height_ntile=1;per_core_out_matrix_width_ntile=8)'; 'sliding_window_config': 'SlidingWindowConfig(batch_size=16; input_hw=(28;28); window_hw=(3;3); stride_hw=(2;2); padding=((1; 1); (1; 1)); output_padding = (0; 0); ceil_pad_hw=(0;0); dilation_hw=(1;1); scale_h=1; scale_w=1; num_cores_nhw=98; num_cores_c=1; core_range_set_={[0-0 - 10-7]; [0-8 - 9-8]}; is_transpose=false)'; 'untilize_out': 'false'}",LoFi,99,110,,,53402919410,53403065409,145999,138080582975,138080629785,261491806,261491806,34674,32197,,,,343,30685,2534,32057,31682,32190,,,,,,1[1],1[1],27538[27538],256[256],ROW_MAJOR,BFLOAT16,DEV_1_L1_HEIGHT_SHARDED,1[1],1[1],2304[2304],256[256],TILE,BFLOAT8_B,DEV_1_DRAM_INTERLEAVED,1[1],1[1],32[1],256[256],TILE,BFLOAT8_B,DEV_1_DRAM_INTERLEAVED,1[1],1[1],3136[3136],256[256],TILE,BFLOAT8_B,DEV_1_L1_HEIGHT_SHARDED,,,['ttnn/cpp/ttnn/operations/conv/conv2d/device/kernels/conv_bmm_tilize.cpp'],['conv_bmm_tilize/11791322773847033799/'],['ttnn/cpp/ttnn/operations/conv/conv2d/device/kernels/reader_conv_activations_padded_with_halo_3x3_weights_v2.cpp'; 'ttnn/cpp/ttnn/operations/conv/conv2d/device/kernels/reader_writer_tiled_out_1d_mcast_receiver_conv_weights_tiled_col_to_rm_blocks.cpp'; 'ttnn/cpp/ttnn/operations/conv/conv2d/device/kernels/reader_writer_tiled_out_1d_mcast_sender_conv_weights_tiled_col_to_rm_blocks.cpp'],['reader_conv_activations_padded_with_halo_3x3_weights_v2/7331627676999993317/'; 'reader_writer_tiled_out_1d_mcast_receiver_conv_weights_tiled_col_to_rm_blocks/12168078837528273675/'; 'reader_writer_tiled_out_1d_mcast_sender_conv_weights_tiled_col_to_rm_blocks/8722430656732078163/'],2207954497261398649,False,1976,756,2960,2744,4912,0,0,0,0,6083,6083,1072,[2317.845703125; 96.96268463134766; 1.3467038869857788],[131.97698974609375],18.893,,145999,32197,0.032197,66390,0.06639,416398,0.3,0.1,-,0.0,1.4,32077,0.032077,23.123243677238055,0.0,0.0,0.0,0.0,0.0,0.0,23.123243677238055,23.51585014409222,18.466654350637356,0.0,23.123243677238055,23.51585014409222,18.466654350637356,nan,nan,nan,nan,nan,nan,nan,nan,nan,nan,nan,nan,nan,nan,nan,nan,nan,nan,nan,nan,nan,nan,nan,nan,nan,nan,nan,nan,nan,nan,nan,nan,0.9962729446842873,2.0619933534180204
60416,MatmulDeviceOperation,tt_dnn_device,0,blackhole,"{'bcast_batch': 'true'; 'compute_kernel_config': 'ComputeKernelConfig(math_fidelity=LoFi;math_approx_mode=1;fp32_dest_acc_en=0;packer_l1_acc=1;dst_full_sync_en=0;throttle_level=ThrottleLevel::NO_THROTTLE)'; 'global_cb': 'std::nullopt'; 'output_dtype': 'DataType::BFLOAT8_B'; 'output_mem_config': 'MemoryConfig(memory_layout=TensorMemoryLayout::HEIGHT_SHARDED;buffer_type=BufferType::L1;shard_spec=ShardSpec{grid=[{""start"":{""x"":0;""y"":0};""end"":{""x"":10;""y"":7}; {""start"":{""x"":0;""y"":8};""end"":{""x"":9;""y"":8}]; shape=[32; 1024]; orientation=ShardOrientation::ROW_MAJOR};nd_shard_spec=std::nullopt;created_with_nd_shard_spec=0)'; 'output_tile': 'Tile(tile_shape={32; 32};face_shape={16; 16};num_faces=4)'; 'program_config': 'MatmulMultiCoreReuseMultiCast1DProgramConfig(compute_with_storage_grid_size=11-9;in0_block_w=8;out_subblock_h=1;out_subblock_w=8;out_block_h=1;out_block_w=32;per_core_M=1;per_core_N=32;fuse_batch=1;fused_activation=std::nullopt;mcast_in0=0;gather_in0=0;hop_cores={};num_global_cb_receivers=0;untilize_out=0;allowed_worker_cores={[0-0 - 10-8]};stream_in1=0)'; 'sub_device_id': 'std::nullopt'; 'transpose_a': 'false'; 'transpose_b': 'false'; 'untilize_out': 'false'; 'user_core_coord': 'std::nullopt'; 'user_fused_activation': 'std::nullopt'; 'user_run_batched': 'false'}",LoFi,98,110,,,53649322872,53649470671,147799,138413220393,138413247623,246369912,246366409,20170,18226,,,,280,18226,244,18036,17798,18150,,,,,,1[1],1[1],3136[3136],256[256],TILE,BFLOAT8_B,DEV_1_L1_HEIGHT_SHARDED,1[1],1[1],256[256],1024[1024],TILE,BFLOAT8_B,DEV_1_DRAM_INTERLEAVED,1[1],1[1],32[1],1024[1024],TILE,BFLOAT8_B,DEV_1_DRAM_INTERLEAVED,1[1],1[1],3136[3136],1024[1024],TILE,BFLOAT8_B,DEV_1_L1_HEIGHT_SHARDED,,,['ttnn/cpp/ttnn/operations/matmul/device/kernels/compute/bmm_large_block_zm_fused_bias_activation.cpp'],['bmm_large_block_zm_fused_bias_activation/16491533063231365984/'],['ttnn/cpp/ttnn/operations/matmul/device/kernels/dataflow/reader_bmm_tile_layout_in1_receiver_writer_padding.cpp'; 'ttnn/cpp/ttnn/operations/matmul/device/kernels/dataflow/reader_bmm_tile_layout_in1_sender_writer_padding.cpp'; 'ttnn/cpp/ttnn/operations/matmul/device/kernels/dataflow/reader_bmm_tile_layout_in0_sender_padding.cpp'],['reader_bmm_tile_layout_in1_receiver_writer_padding/4690206536169904429/'; 'reader_bmm_tile_layout_in1_sender_writer_padding/17372618680625958250/'; 'reader_bmm_tile_layout_in0_sender_padding/2921030653792773466/'],17857041995237843636,False,2440,460,1980,2216,2824,0,0,0,0,2704,2704,476,[296.8994140625; 96.94674682617188],[1187.59765625],14.835,,147799,18227,0.018227,40452,0.040452,163102,0.2,0.0,-,0.0,0.9,18219,0.018219,18.038886167708434,0.0,0.0,0.0,0.0,0.0,17.88828167368904,18.038886167708434,18.158730158730158,14.245541280425003,17.88828167368904,18.038886167708434,18.158730158730158,14.245541280425003,nan,nan,nan,nan,nan,nan,nan,nan,nan,nan,nan,nan,nan,nan,nan,nan,nan,nan,nan,nan,nan,nan,nan,nan,nan,nan,nan,nan,nan,nan,nan,nan,0.9995610906896362,2.2193449278542823
61440,ReshardDeviceOperation,tt_dnn_device,0,blackhole,"{'output_mem_config': 'MemoryConfig(memory_layout=TensorMemoryLayout::BLOCK_SHARDED;buffer_type=BufferType::L1;shard_spec=ShardSpec{grid=[{""start"":{""x"":0;""y"":0};""end"":{""x"":7;""y"":9}]; shape=[1280; 64]; orientation=ShardOrientation::ROW_MAJOR};nd_shard_spec=std::nullopt;created_with_nd_shard_spec=0)'}",,80,110,,,53805801542,53805882822,81280,138624460049,138624468806,156457182,156457182,6487,5889,,,,175,4268,5889,,,,,,,,,1[1],1[1],12544[12544],512[512],TILE,BFLOAT8_B,DEV_1_L1_HEIGHT_SHARDED,1[1],1[1],12544[12544],512[512],TILE,BFLOAT8_B,DEV_1_L1_BLOCK_SHARDED,,,,,,,,1[1],1[1],12544[12544],512[512],TILE,BFLOAT8_B,DEV_1_L1_BLOCK_SHARDED,,,[],[],['ttnn/cpp/ttnn/operations/data_movement/sharded/device/kernels/dataflow/reshard_reader.cpp'],['reshard_reader/8868068512433180695/'],8339125273156964089,False,1068,1056,0,0,0,0,0,0,0,1,1,1,[],[],0.017,,81280,5889,0.005889,6064,0.006064,0,30.8,0.0,-,42.53,0.0,5823,0.005823,0.0,0.0,0.0,0.0,0.0,0.0,0.0,0.0,0.0,0.0,0.0,0.0,0.0,0.0,nan,nan,nan,nan,nan,nan,nan,nan,nan,nan,nan,nan,nan,nan,nan,nan,nan,nan,nan,nan,nan,nan,nan,nan,nan,nan,nan,nan,nan,nan,nan,nan,0.988792664289353,1.0297164204448972
62464,MoveDeviceOperation,tt_dnn_device,0,blackhole,"{'backwards': 'false'; 'move_op_parallelization_strategy': 'MoveOpParallelizationStrategy::MULTI_CORE_SHARDED'; 'output_mem_config': 'MemoryConfig(memory_layout=TensorMemoryLayout::BLOCK_SHARDED;buffer_type=BufferType::L1;shard_spec=ShardSpec{grid=[{""start"":{""x"":0;""y"":0};""end"":{""x"":7;""y"":9}]; shape=[1280; 64]; orientation=ShardOrientation::ROW_MAJOR};nd_shard_spec={""shard_shape"":[1280; 64];""grid"":[{""start"":{""x"":0;""y"":0};""end"":{""x"":7;""y"":9}}];""orientation"":""ShardOrientation::ROW_MAJOR"";""shard_distribution_strategy"":""ShardDistributionStrategy::GRID_2D""};created_with_nd_shard_spec=0)'}",,80,110,,,53907735975,53907820034,84059,138762068676,138762071300,101954390,101954390,1944,1350,,,,154,,1350,,,,,,,,,1[1],1[1],12544[12544],512[512],TILE,BFLOAT8_B,DEV_1_L1_BLOCK_SHARDED,1[1],1[1],12544[12544],512[512],TILE,BFLOAT8_B,DEV_1_L1_BLOCK_SHARDED,,,,,,,,1[1],1[1],12544[12544],512[512],TILE,BFLOAT8_B,DEV_1_L1_BLOCK_SHARDED,,,[],[],['ttnn/cpp/ttnn/operations/data_movement/move/device/kernels/dataflow/reader_unary_local_l1_copy_backwards.cpp'],['reader_unary_local_l1_copy_backwards/16680629174754869278/'],9308722851584276,False,0,1168,0,0,0,0,0,0,0,1746,1746,1,[3678.423828125],[3678.423828125],129.333,,84059,1350,0.00135,1466,0.001466,0,0.0,0.0,-,0.0,0.0,1353,0.001353,0.0,0.0,0.0,0.0,0.0,0.0,0.0,0.0,0.0,0.0,0.0,0.0,0.0,0.0,nan,nan,nan,nan,nan,nan,nan,nan,nan,nan,nan,nan,nan,nan,nan,nan,nan,nan,nan,nan,nan,nan,nan,nan,nan,nan,nan,nan,nan,nan,nan,nan,1.0022222222222221,1.085925925925926
63488,HaloDeviceOperation,tt_dnn_device,0,blackhole,{'compute_kernel_config': 'ComputeKernelConfig(math_fidelity=LoFi;math_approx_mode=1;fp32_dest_acc_en=0;packer_l1_acc=1;dst_full_sync_en=0;throttle_level=ThrottleLevel::NO_THROTTLE)'; 'config': 'SlidingWindowConfig(batch_size=16; input_hw=(28;28); window_hw=(1;1); stride_hw=(2;2); padding=((0; 0); (0; 0)); output_padding = (0; 0); ceil_pad_hw=(0;0); dilation_hw=(1;1); scale_h=1; scale_w=1; num_cores_nhw=10; num_cores_c=1; core_range_set_={[0-0 - 7-9]}; is_transpose=false)'; 'config_tensors_in_dram': 'false'; 'in_nsticks_per_core': '1280'; 'is_out_tiled': 'true'; 'max_out_nsticks_per_core': '1283'; 'output_memory_config': 'MemoryConfig(memory_layout=TensorMemoryLayout::INTERLEAVED;buffer_type=BufferType::DRAM;shard_spec=std::nullopt;nd_shard_spec=std::nullopt;created_with_nd_shard_spec=0)'; 'pad_val': '0'; 'parallel_config': 'ParallelConfig(grid={[0-0 - 7-9]}; shard_scheme=BLOCK_SHARDED; shard_orientation=ROW_MAJOR)'; 'remote_read': 'false'; 'transpose_mcast': 'false'},LoFi,80,110,,,54059503946,54059603065,99119,138966952459,138966960511,151752929,151761291,5964,5351,,,,280,4875,5351,4553,4781,5079,,,,,,1[1],1[1],12544[12544],512[512],TILE,BFLOAT8_B,DEV_1_L1_BLOCK_SHARDED,,,,,,,,,,,,,,,1[1],1[1],12830[12830],512[512],ROW_MAJOR,BFLOAT16,DEV_1_L1_BLOCK_SHARDED,,,['ttnn/cpp/ttnn/operations/sliding_window/halo/device/kernels/compute/pack_untilize.cpp'],['pack_untilize/2118482223586392099/'],['ttnn/cpp/ttnn/operations/sliding_window/halo/device/kernels/dataflow/halo_gather.cpp'],['halo_gather/17820857168943949765/'],9322351252470302412,False,1260,1156,1448,1056,3076,0,0,0,0,1,1,1,[],[],0.019,,99119,5387,0.005387,5610,0.00561,0,0.5,0.0,-,1.62,0.0,5366,0.005366,10.290219514066532,0.0,0.0,0.0,0.0,0.0,9.916715088127058,10.290219514066532,10.425150676005863,5.772133259709185,9.916715088127058,10.290219514066532,10.425150676005863,5.772133259709185,nan,nan,nan,nan,nan,nan,nan,nan,nan,nan,nan,nan,nan,nan,nan,nan,nan,nan,nan,nan,nan,nan,nan,nan,nan,nan,nan,nan,nan,nan,nan,nan,0.9961017263783182,1.0413959532207167
64512,Conv2dDeviceOperation,tt_dnn_device,0,blackhole,"{'activation': 'std::nullopt'; 'block_config': 'Conv2dBlockConfig(act_block_h_ntiles=10;act_block_w_ntiles=2;out_subblock_h_ntiles=2;out_subblock_w_ntiles=3)'; 'compute_kernel_config': 'ComputeKernelConfig(math_fidelity=LoFi;math_approx_mode=1;fp32_dest_acc_en=0;packer_l1_acc=1;dst_full_sync_en=0;throttle_level=ThrottleLevel::NO_THROTTLE)'; 'config_tensors_in_dram': 'false'; 'dtype': 'DataType::BFLOAT8_B'; 'enable_act_double_buffer': 'true'; 'enable_activation_reuse': 'false'; 'enable_weights_double_buffer': 'true'; 'force_split_reader': 'std::nullopt'; 'full_inner_dim': 'true'; 'groups': '1'; 'has_bias': 'true'; 'input_tensor_shape': '{16; 28; 28; 512}'; 'memory_config': 'MemoryConfig(memory_layout=TensorMemoryLayout::BLOCK_SHARDED;buffer_type=BufferType::L1;shard_spec=ShardSpec{grid=[{""start"":{""x"":0;""y"":0};""end"":{""x"":10;""y"":9}]; shape=[320; 96]; orientation=ShardOrientation::ROW_MAJOR};nd_shard_spec=std::nullopt;created_with_nd_shard_spec=0)'; 'output_channels': '1024'; 'parallelization_config': 'Conv2dParallelizationConfig(grid_size=11-10;num_cores_nhw=10;num_cores_c_in=8;num_cores_c_out=11;per_core_out_matrix_height_ntile=10;per_core_out_matrix_width_ntile=3)'; 'sliding_window_config': 'SlidingWindowConfig(batch_size=16; input_hw=(28;28); window_hw=(1;1); stride_hw=(2;2); padding=((0; 0); (0; 0)); output_padding = (0; 0); ceil_pad_hw=(0;0); dilation_hw=(1;1); scale_h=1; scale_w=1; num_cores_nhw=10; num_cores_c=1; core_range_set_={[0-0 - 7-9]}; is_transpose=false)'; 'untilize_out': 'false'}",LoFi,110,110,,,54306153356,54306305195,151839,139299921186,139299941409,246641812,246644442,14980,13947,,,,336,12202,11856,13856,13667,13946,,,,,,1[1],1[1],12830[12830],512[512],ROW_MAJOR,BFLOAT16,DEV_1_L1_BLOCK_SHARDED,1[1],1[1],512[512],1056[1024],TILE,BFLOAT8_B,DEV_1_DRAM_INTERLEAVED,1[1],1[1],32[1],1056[1024],TILE,BFLOAT8_B,DEV_1_DRAM_INTERLEAVED,1[1],1[1],3136[3136],1024[1024],TILE,BFLOAT8_B,DEV_1_L1_BLOCK_SHARDED,,,['ttnn/cpp/ttnn/operations/conv/conv2d/device/kernels/conv_bmm_tilize.cpp'],['conv_bmm_tilize/16709982415193804153/'],['ttnn/cpp/ttnn/operations/conv/conv2d/device/kernels/reader_conv_activations_2d_mcast_padded_with_halo_3x3_weights_v2.cpp'; 'ttnn/cpp/ttnn/operations/conv/conv2d/device/kernels/writer_tiled_out_2d_mcast_receiver_conv_weights_tiled_col_to_rm_blocks.cpp'; 'ttnn/cpp/ttnn/operations/conv/conv2d/device/kernels/writer_tiled_out_2d_mcast_sender_conv_weights_tiled_col_to_rm_blocks.cpp'],['reader_conv_activations_2d_mcast_padded_with_halo_3x3_weights_v2/7192588590681494601/'; 'writer_tiled_out_2d_mcast_receiver_conv_weights_tiled_col_to_rm_blocks/18278354487837292112/'; 'writer_tiled_out_2d_mcast_sender_conv_weights_tiled_col_to_rm_blocks/16972027249394604814/'],16458498928475564635,False,2264,2268,3504,3320,5344,0,0,0,0,5407,5407,983,[2429.79833984375; 99.99481964111328; 6.24967622756958],[593.9086303710938],38.746,,151839,13955,0.013955,22187,0.022187,785242,2.2,1.2,-,0.0,7.9,13964,0.013964,45.06298476263821,0.0,0.0,0.0,0.0,0.0,44.809101848813036,45.06298476263821,45.17480974964156,39.83519884002617,44.809101848813036,45.06298476263821,45.17480974964156,39.83519884002617,nan,nan,nan,nan,nan,nan,nan,nan,nan,nan,nan,nan,nan,nan,nan,nan,nan,nan,nan,nan,nan,nan,nan,nan,nan,nan,nan,nan,nan,nan,nan,nan,1.000644930132569,1.5898960945897527
65536,ReshardDeviceOperation,tt_dnn_device,0,blackhole,"{'output_mem_config': 'MemoryConfig(memory_layout=TensorMemoryLayout::HEIGHT_SHARDED;buffer_type=BufferType::L1;shard_spec=ShardSpec{grid=[{""start"":{""x"":0;""y"":0};""end"":{""x"":10;""y"":7}; {""start"":{""x"":0;""y"":8};""end"":{""x"":9;""y"":8}]; shape=[32; 1024]; orientation=ShardOrientation::ROW_MAJOR};nd_shard_spec={""shard_shape"":[32; 1024];""grid"":[{""start"":{""x"":0;""y"":0};""end"":{""x"":10;""y"":7}}; {""start"":{""x"":0;""y"":8};""end"":{""x"":9;""y"":8}}];""orientation"":""ShardOrientation::ROW_MAJOR"";""shard_distribution_strategy"":""ShardDistributionStrategy::ROUND_ROBIN_1D""};created_with_nd_shard_spec=0)'}",,98,110,,,54326486301,54326548561,62260,139327378302,139327383385,20326075,20326075,3765,2715,,,,249,2116,2715,,,,,,,,,1[1],1[1],3136[3136],1024[1024],TILE,BFLOAT8_B,DEV_1_L1_BLOCK_SHARDED,,,,,,,,,,,,,,,1[1],1[1],3136[3136],1024[1024],TILE,BFLOAT8_B,DEV_1_L1_HEIGHT_SHARDED,,,[],[],['ttnn/cpp/ttnn/operations/data_movement/sharded/device/kernels/dataflow/reshard_reader.cpp'],['reshard_reader/8868068512433180695/'],17347144022552441452,False,1068,1056,0,0,0,0,0,0,0,1,1,1,[],[],0.037,,62260,2715,0.002715,2761,0.002761,0,32.8,0.0,-,54.9,0.0,2864,0.002864,0.0,0.0,0.0,0.0,0.0,0.0,0.0,0.0,0.0,0.0,0.0,0.0,0.0,0.0,nan,nan,nan,nan,nan,nan,nan,nan,nan,nan,nan,nan,nan,nan,nan,nan,nan,nan,nan,nan,nan,nan,nan,nan,nan,nan,nan,nan,nan,nan,nan,nan,1.0548802946593,1.0169429097605893
66560,BinaryNgDeviceOperation,tt_dnn_device,0,blackhole,"{'a_shard_volume': '32'; 'b_shard_volume': '32'; 'binary_op_type': 'BinaryOpType::ADD'; 'c_shard_volume': '32'; 'compute_kernel_config': 'std::nullopt'; 'dtype': 'DataType::BFLOAT8_B'; 'equal_nan': 'false'; 'input_layout_a': 'Layout::TILE'; 'input_layout_b': 'Layout::TILE'; 'is_quant_op': 'false'; 'is_sfpu': 'false'; 'is_where_op': 'false'; 'lhs_activations': '{}'; 'memory_config': 'MemoryConfig(memory_layout=TensorMemoryLayout::HEIGHT_SHARDED;buffer_type=BufferType::L1;shard_spec=ShardSpec{grid=[{""start"":{""x"":0;""y"":0};""end"":{""x"":10;""y"":7}; {""start"":{""x"":0;""y"":8};""end"":{""x"":9;""y"":8}]; shape=[32; 1024]; orientation=ShardOrientation::ROW_MAJOR};nd_shard_spec={""shard_shape"":[32; 1024];""grid"":[{""start"":{""x"":0;""y"":0};""end"":{""x"":10;""y"":7}}; {""start"":{""x"":0;""y"":8};""end"":{""x"":9;""y"":8}}];""orientation"":""ShardOrientation::ROW_MAJOR"";""shard_distribution_strategy"":""ShardDistributionStrategy::ROUND_ROBIN_1D""};created_with_nd_shard_spec=0)'; 'output_layout': 'Layout::TILE'; 'post_activations': '{BasicUnaryWithParam<float; int; unsigned int>(base=BasicUnaryWithParam<float>(op_type=UnaryOpType::RELU;param={}))}'; 'rhs_activations': '{}'; 'sub_core_grids': 'std::nullopt'; 'subtile_broadcast_type': 'SubtileBroadcastType::NONE'}",HiFi4,110,110,,,54450242629,54450370778,128149,139494443249,139494445835,123784185,123723577,1916,1279,,,,192,147,259,1171,979,1273,,,,,,1[1],1[1],3136[3136],1024[1024],TILE,BFLOAT8_B,DEV_1_L1_HEIGHT_SHARDED,1[1],1[1],3136[3136],1024[1024],TILE,BFLOAT8_B,DEV_1_L1_HEIGHT_SHARDED,1[1],1[1],3136[3136],1024[1024],TILE,BFLOAT8_B,DEV_1_L1_HEIGHT_SHARDED,1[1],1[1],3136[3136],1024[1024],TILE,BFLOAT8_B,DEV_1_L1_HEIGHT_SHARDED,,,['ttnn/cpp/ttnn/operations/eltwise/binary_ng/device/kernels/compute/eltwise_binary_no_bcast.cpp'],['eltwise_binary_no_bcast/2250846161256338320/'],['ttnn/cpp/ttnn/operations/eltwise/binary_ng/device/kernels_ng/dataflow/writer_interleaved_no_bcast.cpp'; 'ttnn/cpp/ttnn/operations/eltwise/binary_ng/device/kernels_ng/dataflow/reader_interleaved_no_bcast.cpp'],['writer_interleaved_no_bcast/5573464354450148985/'; 'reader_interleaved_no_bcast/244409684600890131/'],7687497871176030684,False,340,532,1836,1200,2824,0,0,0,0,1,1,1,[],[],0.078,,128149,1290,0.00129,1296,0.001296,0,nan,nan,-,0.0,0.0,1287,0.001287,17.219730941704036,0.0,0.0,0.0,0.0,0.0,0.0,17.219730941704036,17.843866171003718,9.028497409326425,0.0,17.219730941704036,17.843866171003718,9.028497409326425,nan,nan,nan,nan,nan,nan,nan,nan,nan,nan,nan,nan,nan,nan,nan,nan,nan,nan,nan,nan,nan,nan,nan,nan,nan,nan,nan,nan,nan,nan,nan,nan,0.9976744186046512,1.0046511627906978
67584,MatmulDeviceOperation,tt_dnn_device,0,blackhole,"{'bcast_batch': 'true'; 'compute_kernel_config': 'ComputeKernelConfig(math_fidelity=LoFi;math_approx_mode=1;fp32_dest_acc_en=0;packer_l1_acc=1;dst_full_sync_en=0;throttle_level=ThrottleLevel::NO_THROTTLE)'; 'global_cb': 'std::nullopt'; 'output_dtype': 'DataType::BFLOAT8_B'; 'output_mem_config': 'MemoryConfig(memory_layout=TensorMemoryLayout::HEIGHT_SHARDED;buffer_type=BufferType::L1;shard_spec=ShardSpec{grid=[{""start"":{""x"":0;""y"":0};""end"":{""x"":10;""y"":7}; {""start"":{""x"":0;""y"":8};""end"":{""x"":9;""y"":8}]; shape=[32; 256]; orientation=ShardOrientation::ROW_MAJOR};nd_shard_spec=std::nullopt;created_with_nd_shard_spec=0)'; 'output_tile': 'Tile(tile_shape={32; 32};face_shape={16; 16};num_faces=4)'; 'program_config': 'MatmulMultiCoreReuseMultiCast1DProgramConfig(compute_with_storage_grid_size=11-9;in0_block_w=32;out_subblock_h=1;out_subblock_w=8;out_block_h=1;out_block_w=8;per_core_M=1;per_core_N=8;fuse_batch=1;fused_activation=BasicUnaryWithParam<float>(op_type=UnaryOpType::RELU;param={});mcast_in0=0;gather_in0=0;hop_cores={};num_global_cb_receivers=0;untilize_out=0;allowed_worker_cores={[0-0 - 10-8]};stream_in1=0)'; 'sub_device_id': 'std::nullopt'; 'transpose_a': 'false'; 'transpose_b': 'false'; 'untilize_out': 'false'; 'user_core_coord': 'std::nullopt'; 'user_fused_activation': 'std::nullopt'; 'user_run_batched': 'false'}",LoFi,98,110,,,54704710997,54704856736,145739,139837972592,139837999671,254472528,254465238,20059,18094,,,,293,18090,246,17928,17495,18021,,,,,,1[1],1[1],3136[3136],1024[1024],TILE,BFLOAT8_B,DEV_1_L1_HEIGHT_SHARDED,1[1],1[1],1024[1024],256[256],TILE,BFLOAT8_B,DEV_1_DRAM_INTERLEAVED,1[1],1[1],32[1],256[256],TILE,BFLOAT8_B,DEV_1_DRAM_INTERLEAVED,1[1],1[1],3136[3136],256[256],TILE,BFLOAT8_B,DEV_1_L1_HEIGHT_SHARDED,,,['ttnn/cpp/ttnn/operations/matmul/device/kernels/compute/bmm_large_block_zm_fused_bias_activation.cpp'],['bmm_large_block_zm_fused_bias_activation/5256723043435895160/'],['ttnn/cpp/ttnn/operations/matmul/device/kernels/dataflow/reader_bmm_tile_layout_in1_receiver_writer_padding.cpp'; 'ttnn/cpp/ttnn/operations/matmul/device/kernels/dataflow/reader_bmm_tile_layout_in1_sender_writer_padding.cpp'; 'ttnn/cpp/ttnn/operations/matmul/device/kernels/dataflow/reader_bmm_tile_layout_in0_sender_padding.cpp'],['reader_bmm_tile_layout_in1_receiver_writer_padding/7455865190715862173/'; 'reader_bmm_tile_layout_in1_sender_writer_padding/6877378147804492739/'; 'reader_bmm_tile_layout_in0_sender_padding/9754176694990679169/'],11082174721903927234,False,2436,464,1884,1812,2592,0,0,0,0,2704,2704,476,[1187.59765625; 96.94674682617188],[296.8994140625],14.943,,145739,18096,0.018096,38490,0.03849,155192,0.2,0.0,-,0.0,0.9,18150,0.01815,17.467323405028797,0.0,0.0,0.0,0.0,0.0,17.31557810188121,17.467323405028797,17.580908232466307,13.65221886648709,17.31557810188121,17.467323405028797,17.580908232466307,13.65221886648709,nan,nan,nan,nan,nan,nan,nan,nan,nan,nan,nan,nan,nan,nan,nan,nan,nan,nan,nan,nan,nan,nan,nan,nan,nan,nan,nan,nan,nan,nan,nan,nan,1.0029840848806366,2.1269893899204244
68608,HaloDeviceOperation,tt_dnn_device,0,blackhole,{'compute_kernel_config': 'ComputeKernelConfig(math_fidelity=LoFi;math_approx_mode=1;fp32_dest_acc_en=0;packer_l1_acc=1;dst_full_sync_en=0;throttle_level=ThrottleLevel::NO_THROTTLE)'; 'config': 'SlidingWindowConfig(batch_size=16; input_hw=(14;14); window_hw=(3;3); stride_hw=(1;1); padding=((1; 1); (1; 1)); output_padding = (0; 0); ceil_pad_hw=(0;0); dilation_hw=(1;1); scale_h=1; scale_w=1; num_cores_nhw=98; num_cores_c=1; core_range_set_={[0-0 - 10-7]; [0-8 - 9-8]}; is_transpose=false)'; 'config_tensors_in_dram': 'false'; 'in_nsticks_per_core': '32'; 'is_out_tiled': 'true'; 'max_out_nsticks_per_core': '104'; 'output_memory_config': 'MemoryConfig(memory_layout=TensorMemoryLayout::INTERLEAVED;buffer_type=BufferType::DRAM;shard_spec=std::nullopt;nd_shard_spec=std::nullopt;created_with_nd_shard_spec=0)'; 'pad_val': '0'; 'parallel_config': 'ParallelConfig(grid={[0-0 - 10-7]; [0-8 - 9-8]}; shard_scheme=HEIGHT_SHARDED; shard_orientation=ROW_MAJOR)'; 'remote_read': 'false'; 'transpose_mcast': 'false'},LoFi,98,110,,,54859097641,54859204020,106379,140046388950,140046394838,154363464,154363464,4361,3320,,,,323,3320,1180,592,573,1094,,,,,,1[1],1[1],3136[3136],256[256],TILE,BFLOAT8_B,DEV_1_L1_HEIGHT_SHARDED,,,,,,,,,,,,,,,1[1],1[1],10192[10192],256[256],ROW_MAJOR,BFLOAT16,DEV_1_L1_HEIGHT_SHARDED,,,['ttnn/cpp/ttnn/operations/sliding_window/halo/device/kernels/compute/pack_untilize.cpp'],['pack_untilize/8211161030105617417/'],['ttnn/cpp/ttnn/operations/sliding_window/halo/device/kernels/dataflow/halo_gather.cpp'],['halo_gather/7223065189574624188/'],5286150502023653246,False,1432,1336,1692,1176,3500,0,0,0,0,1,1,1,[],[],0.03,,106379,3320,0.00332,3656,0.003656,0,6.7,0.0,-,0.0,0.0,3258,0.003258,14.746543778801843,0.0,0.0,0.0,0.0,0.0,10.684474123539232,14.746543778801843,15.384615384615385,1.1884189783234804,10.684474123539232,14.746543778801843,15.384615384615385,1.1884189783234804,nan,nan,nan,nan,nan,nan,nan,nan,nan,nan,nan,nan,nan,nan,nan,nan,nan,nan,nan,nan,nan,nan,nan,nan,nan,nan,nan,nan,nan,nan,nan,nan,0.9813253012048193,1.1012048192771084
69632,Conv2dDeviceOperation,tt_dnn_device,0,blackhole,"{'activation': 'BasicUnaryWithParam<float>(op_type=UnaryOpType::RELU;param={})'; 'block_config': 'Conv2dBlockConfig(act_block_h_ntiles=1;act_block_w_ntiles=24;out_subblock_h_ntiles=1;out_subblock_w_ntiles=8)'; 'compute_kernel_config': 'ComputeKernelConfig(math_fidelity=LoFi;math_approx_mode=1;fp32_dest_acc_en=0;packer_l1_acc=1;dst_full_sync_en=0;throttle_level=ThrottleLevel::NO_THROTTLE)'; 'config_tensors_in_dram': 'false'; 'dtype': 'DataType::BFLOAT8_B'; 'enable_act_double_buffer': 'true'; 'enable_activation_reuse': 'false'; 'enable_weights_double_buffer': 'true'; 'force_split_reader': 'std::nullopt'; 'full_inner_dim': 'true'; 'groups': '1'; 'has_bias': 'true'; 'input_tensor_shape': '{16; 14; 14; 256}'; 'memory_config': 'MemoryConfig(memory_layout=TensorMemoryLayout::HEIGHT_SHARDED;buffer_type=BufferType::L1;shard_spec=ShardSpec{grid=[{""start"":{""x"":0;""y"":0};""end"":{""x"":10;""y"":7}; {""start"":{""x"":0;""y"":8};""end"":{""x"":9;""y"":8}]; shape=[32; 256]; orientation=ShardOrientation::ROW_MAJOR};nd_shard_spec=std::nullopt;created_with_nd_shard_spec=0)'; 'output_channels': '256'; 'parallelization_config': 'Conv2dParallelizationConfig(grid_size=11-9;num_cores_nhw=98;num_cores_c_in=1;num_cores_c_out=1;per_core_out_matrix_height_ntile=1;per_core_out_matrix_width_ntile=8)'; 'sliding_window_config': 'SlidingWindowConfig(batch_size=16; input_hw=(14;14); window_hw=(3;3); stride_hw=(1;1); padding=((1; 1); (1; 1)); output_padding = (0; 0); ceil_pad_hw=(0;0); dilation_hw=(1;1); scale_h=1; scale_w=1; num_cores_nhw=98; num_cores_c=1; core_range_set_={[0-0 - 10-7]; [0-8 - 9-8]}; is_transpose=false)'; 'untilize_out': 'false'}",LoFi,99,110,,,55008447708,55008596037,148329,140248014209,140248060811,149349610,149349610,34520,32051,,,,350,30501,2541,31896,31501,32050,,,,,,1[1],1[1],10192[10192],256[256],ROW_MAJOR,BFLOAT16,DEV_1_L1_HEIGHT_SHARDED,1[1],1[1],2304[2304],256[256],TILE,BFLOAT8_B,DEV_1_DRAM_INTERLEAVED,1[1],1[1],32[1],256[256],TILE,BFLOAT8_B,DEV_1_DRAM_INTERLEAVED,1[1],1[1],3136[3136],256[256],TILE,BFLOAT8_B,DEV_1_L1_HEIGHT_SHARDED,,,['ttnn/cpp/ttnn/operations/conv/conv2d/device/kernels/conv_bmm_tilize.cpp'],['conv_bmm_tilize/11791322773847033799/'],['ttnn/cpp/ttnn/operations/conv/conv2d/device/kernels/reader_conv_activations_padded_with_halo_3x3_weights_v2.cpp'; 'ttnn/cpp/ttnn/operations/conv/conv2d/device/kernels/reader_writer_tiled_out_1d_mcast_receiver_conv_weights_tiled_col_to_rm_blocks.cpp'; 'ttnn/cpp/ttnn/operations/conv/conv2d/device/kernels/reader_writer_tiled_out_1d_mcast_sender_conv_weights_tiled_col_to_rm_blocks.cpp'],['reader_conv_activations_padded_with_halo_3x3_weights_v2/17519351700392412478/'; 'reader_writer_tiled_out_1d_mcast_receiver_conv_weights_tiled_col_to_rm_blocks/18203437059067230585/'; 'reader_writer_tiled_out_1d_mcast_sender_conv_weights_tiled_col_to_rm_blocks/13522496476403757713/'],10766706559680465995,False,1976,748,2960,2744,4912,0,0,0,0,6083,6083,1072,[857.8504028320312; 96.96268463134766; 1.3467038869857788],[131.97698974609375],18.979,,148329,32051,0.032051,66433,0.066433,416668,0.3,0.1,-,0.0,1.4,32061,0.032061,23.15988647114475,0.0,0.0,0.0,0.0,0.0,0.0,23.15988647114475,23.546952025970903,18.47604084838963,0.0,23.15988647114475,23.546952025970903,18.47604084838963,nan,nan,nan,nan,nan,nan,nan,nan,nan,nan,nan,nan,nan,nan,nan,nan,nan,nan,nan,nan,nan,nan,nan,nan,nan,nan,nan,nan,nan,nan,nan,nan,1.000312002745624,2.072727840004992
70656,MatmulDeviceOperation,tt_dnn_device,0,blackhole,"{'bcast_batch': 'true'; 'compute_kernel_config': 'ComputeKernelConfig(math_fidelity=LoFi;math_approx_mode=1;fp32_dest_acc_en=0;packer_l1_acc=1;dst_full_sync_en=0;throttle_level=ThrottleLevel::NO_THROTTLE)'; 'global_cb': 'std::nullopt'; 'output_dtype': 'DataType::BFLOAT8_B'; 'output_mem_config': 'MemoryConfig(memory_layout=TensorMemoryLayout::HEIGHT_SHARDED;buffer_type=BufferType::L1;shard_spec=ShardSpec{grid=[{""start"":{""x"":0;""y"":0};""end"":{""x"":10;""y"":7}; {""start"":{""x"":0;""y"":8};""end"":{""x"":9;""y"":8}]; shape=[32; 1024]; orientation=ShardOrientation::ROW_MAJOR};nd_shard_spec=std::nullopt;created_with_nd_shard_spec=0)'; 'output_tile': 'Tile(tile_shape={32; 32};face_shape={16; 16};num_faces=4)'; 'program_config': 'MatmulMultiCoreReuseMultiCast1DProgramConfig(compute_with_storage_grid_size=11-9;in0_block_w=8;out_subblock_h=1;out_subblock_w=8;out_block_h=1;out_block_w=32;per_core_M=1;per_core_N=32;fuse_batch=1;fused_activation=std::nullopt;mcast_in0=0;gather_in0=0;hop_cores={};num_global_cb_receivers=0;untilize_out=0;allowed_worker_cores={[0-0 - 10-8]};stream_in1=0)'; 'sub_device_id': 'std::nullopt'; 'transpose_a': 'false'; 'transpose_b': 'false'; 'untilize_out': 'false'; 'user_core_coord': 'std::nullopt'; 'user_fused_activation': 'std::nullopt'; 'user_run_batched': 'false'}",LoFi,98,110,,,55021664220,55021671730,7510,140265845176,140265872456,13175512,13175675,20207,18249,,,,289,18244,244,18075,17824,18181,,,,,,1[1],1[1],3136[3136],256[256],TILE,BFLOAT8_B,DEV_1_L1_HEIGHT_SHARDED,1[1],1[1],256[256],1024[1024],TILE,BFLOAT8_B,DEV_1_DRAM_INTERLEAVED,1[1],1[1],32[1],1024[1024],TILE,BFLOAT8_B,DEV_1_DRAM_INTERLEAVED,1[1],1[1],3136[3136],1024[1024],TILE,BFLOAT8_B,DEV_1_L1_HEIGHT_SHARDED,,,['ttnn/cpp/ttnn/operations/matmul/device/kernels/compute/bmm_large_block_zm_fused_bias_activation.cpp'],['bmm_large_block_zm_fused_bias_activation/16491533063231365984/'],['ttnn/cpp/ttnn/operations/matmul/device/kernels/dataflow/reader_bmm_tile_layout_in1_receiver_writer_padding.cpp'; 'ttnn/cpp/ttnn/operations/matmul/device/kernels/dataflow/reader_bmm_tile_layout_in1_sender_writer_padding.cpp'; 'ttnn/cpp/ttnn/operations/matmul/device/kernels/dataflow/reader_bmm_tile_layout_in0_sender_padding.cpp'],['reader_bmm_tile_layout_in1_receiver_writer_padding/4690206536169904429/'; 'reader_bmm_tile_layout_in1_sender_writer_padding/17372618680625958250/'; 'reader_bmm_tile_layout_in0_sender_padding/2921030653792773466/'],17857041995237843636,False,2440,460,1980,2216,2824,0,0,0,0,2704,2704,476,[296.8994140625; 96.94674682617188],[1187.59765625],14.816,,7510,18251,0.018251,40464,0.040464,163151,0.2,0.0,-,0.0,0.9,18239,0.018239,18.006970982236595,0.0,0.0,0.0,0.0,0.0,17.858481529299073,18.006970982236595,18.124181072741873,14.222511033493083,17.858481529299073,18.006970982236595,18.124181072741873,14.222511033493083,nan,nan,nan,nan,nan,nan,nan,nan,nan,nan,nan,nan,nan,nan,nan,nan,nan,nan,nan,nan,nan,nan,nan,nan,nan,nan,nan,nan,nan,nan,nan,nan,0.9993425017807243,2.2170839953975126
71680,BinaryNgDeviceOperation,tt_dnn_device,0,blackhole,"{'a_shard_volume': '32'; 'b_shard_volume': '32'; 'binary_op_type': 'BinaryOpType::ADD'; 'c_shard_volume': '32'; 'compute_kernel_config': 'std::nullopt'; 'dtype': 'DataType::BFLOAT8_B'; 'equal_nan': 'false'; 'input_layout_a': 'Layout::TILE'; 'input_layout_b': 'Layout::TILE'; 'is_quant_op': 'false'; 'is_sfpu': 'false'; 'is_where_op': 'false'; 'lhs_activations': '{}'; 'memory_config': 'MemoryConfig(memory_layout=TensorMemoryLayout::HEIGHT_SHARDED;buffer_type=BufferType::L1;shard_spec=ShardSpec{grid=[{""start"":{""x"":0;""y"":0};""end"":{""x"":10;""y"":7}; {""start"":{""x"":0;""y"":8};""end"":{""x"":9;""y"":8}]; shape=[32; 1024]; orientation=ShardOrientation::ROW_MAJOR};nd_shard_spec={""shard_shape"":[32; 1024];""grid"":[{""start"":{""x"":0;""y"":0};""end"":{""x"":10;""y"":7}}; {""start"":{""x"":0;""y"":8};""end"":{""x"":9;""y"":8}}];""orientation"":""ShardOrientation::ROW_MAJOR"";""shard_distribution_strategy"":""ShardDistributionStrategy::ROUND_ROBIN_1D""};created_with_nd_shard_spec=0)'; 'output_layout': 'Layout::TILE'; 'post_activations': '{BasicUnaryWithParam<float; int; unsigned int>(base=BasicUnaryWithParam<float>(op_type=UnaryOpType::RELU;param={}))}'; 'rhs_activations': '{}'; 'sub_core_grids': 'std::nullopt'; 'subtile_broadcast_type': 'SubtileBroadcastType::NONE'}",HiFi4,110,110,,,55022866442,55022872032,5590,140267470006,140267472606,1183913,1183913,1926,1317,,,,189,146,264,1190,999,1303,,,,,,1[1],1[1],3136[3136],1024[1024],TILE,BFLOAT8_B,DEV_1_L1_HEIGHT_SHARDED,1[1],1[1],3136[3136],1024[1024],TILE,BFLOAT8_B,DEV_1_L1_HEIGHT_SHARDED,1[1],1[1],3136[3136],1024[1024],TILE,BFLOAT8_B,DEV_1_L1_HEIGHT_SHARDED,1[1],1[1],3136[3136],1024[1024],TILE,BFLOAT8_B,DEV_1_L1_HEIGHT_SHARDED,,,['ttnn/cpp/ttnn/operations/eltwise/binary_ng/device/kernels/compute/eltwise_binary_no_bcast.cpp'],['eltwise_binary_no_bcast/2250846161256338320/'],['ttnn/cpp/ttnn/operations/eltwise/binary_ng/device/kernels_ng/dataflow/writer_interleaved_no_bcast.cpp'; 'ttnn/cpp/ttnn/operations/eltwise/binary_ng/device/kernels_ng/dataflow/reader_interleaved_no_bcast.cpp'],['writer_interleaved_no_bcast/5573464354450148985/'; 'reader_interleaved_no_bcast/244409684600890131/'],7687497871176030684,False,340,532,1836,1200,2824,0,0,0,0,1,1,1,[],[],0.076,,5590,1317,0.001317,1294,0.001294,0,nan,nan,-,0.0,0.0,1312,0.001312,17.07425860023725,0.0,0.0,0.0,0.0,0.0,0.0,17.07425860023725,17.67955801104972,8.853754940711463,0.0,17.07425860023725,17.67955801104972,8.853754940711463,nan,nan,nan,nan,nan,nan,nan,nan,nan,nan,nan,nan,nan,nan,nan,nan,nan,nan,nan,nan,nan,nan,nan,nan,nan,nan,nan,nan,nan,nan,nan,nan,0.9962034927866363,0.9825360668185269
72704,MatmulDeviceOperation,tt_dnn_device,0,blackhole,"{'bcast_batch': 'true'; 'compute_kernel_config': 'ComputeKernelConfig(math_fidelity=LoFi;math_approx_mode=1;fp32_dest_acc_en=0;packer_l1_acc=1;dst_full_sync_en=0;throttle_level=ThrottleLevel::NO_THROTTLE)'; 'global_cb': 'std::nullopt'; 'output_dtype': 'DataType::BFLOAT8_B'; 'output_mem_config': 'MemoryConfig(memory_layout=TensorMemoryLayout::HEIGHT_SHARDED;buffer_type=BufferType::L1;shard_spec=ShardSpec{grid=[{""start"":{""x"":0;""y"":0};""end"":{""x"":10;""y"":7}; {""start"":{""x"":0;""y"":8};""end"":{""x"":9;""y"":8}]; shape=[32; 256]; orientation=ShardOrientation::ROW_MAJOR};nd_shard_spec=std::nullopt;created_with_nd_shard_spec=0)'; 'output_tile': 'Tile(tile_shape={32; 32};face_shape={16; 16};num_faces=4)'; 'program_config': 'MatmulMultiCoreReuseMultiCast1DProgramConfig(compute_with_storage_grid_size=11-9;in0_block_w=32;out_subblock_h=1;out_subblock_w=8;out_block_h=1;out_block_w=8;per_core_M=1;per_core_N=8;fuse_batch=1;fused_activation=BasicUnaryWithParam<float>(op_type=UnaryOpType::RELU;param={});mcast_in0=0;gather_in0=0;hop_cores={};num_global_cb_receivers=0;untilize_out=0;allowed_worker_cores={[0-0 - 10-8]};stream_in1=0)'; 'sub_device_id': 'std::nullopt'; 'transpose_a': 'false'; 'transpose_b': 'false'; 'untilize_out': 'false'; 'user_core_coord': 'std::nullopt'; 'user_fused_activation': 'std::nullopt'; 'user_run_batched': 'false'}",LoFi,98,110,,,55034935972,55034941432,5460,140283764947,140283792154,12070549,12070206,20153,18176,,,,296,18176,236,18006,17574,18098,,,,,,1[1],1[1],3136[3136],1024[1024],TILE,BFLOAT8_B,DEV_1_L1_HEIGHT_SHARDED,1[1],1[1],1024[1024],256[256],TILE,BFLOAT8_B,DEV_1_DRAM_INTERLEAVED,1[1],1[1],32[1],256[256],TILE,BFLOAT8_B,DEV_1_DRAM_INTERLEAVED,1[1],1[1],3136[3136],256[256],TILE,BFLOAT8_B,DEV_1_L1_HEIGHT_SHARDED,,,['ttnn/cpp/ttnn/operations/matmul/device/kernels/compute/bmm_large_block_zm_fused_bias_activation.cpp'],['bmm_large_block_zm_fused_bias_activation/5256723043435895160/'],['ttnn/cpp/ttnn/operations/matmul/device/kernels/dataflow/reader_bmm_tile_layout_in1_receiver_writer_padding.cpp'; 'ttnn/cpp/ttnn/operations/matmul/device/kernels/dataflow/reader_bmm_tile_layout_in1_sender_writer_padding.cpp'; 'ttnn/cpp/ttnn/operations/matmul/device/kernels/dataflow/reader_bmm_tile_layout_in0_sender_padding.cpp'],['reader_bmm_tile_layout_in1_receiver_writer_padding/7455865190715862173/'; 'reader_bmm_tile_layout_in1_sender_writer_padding/6877378147804492739/'; 'reader_bmm_tile_layout_in0_sender_padding/9754176694990679169/'],11082174721903927234,False,2436,464,1884,1812,2592,0,0,0,0,2704,2704,476,[1187.59765625; 96.94674682617188],[296.8994140625],14.875,,5460,18178,0.018178,38458,0.038458,155063,0.2,0.0,-,0.0,0.9,18093,0.018093,17.53161984238647,0.0,0.0,0.0,0.0,0.0,17.386874946939468,17.53161984238647,17.652889712537174,13.695257591265781,17.386874946939468,17.53161984238647,17.652889712537174,13.695257591265781,nan,nan,nan,nan,nan,nan,nan,nan,nan,nan,nan,nan,nan,nan,nan,nan,nan,nan,nan,nan,nan,nan,nan,nan,nan,nan,nan,nan,nan,nan,nan,nan,0.9953240180437893,2.115634283199472
73728,HaloDeviceOperation,tt_dnn_device,0,blackhole,{'compute_kernel_config': 'ComputeKernelConfig(math_fidelity=LoFi;math_approx_mode=1;fp32_dest_acc_en=0;packer_l1_acc=1;dst_full_sync_en=0;throttle_level=ThrottleLevel::NO_THROTTLE)'; 'config': 'SlidingWindowConfig(batch_size=16; input_hw=(14;14); window_hw=(3;3); stride_hw=(1;1); padding=((1; 1); (1; 1)); output_padding = (0; 0); ceil_pad_hw=(0;0); dilation_hw=(1;1); scale_h=1; scale_w=1; num_cores_nhw=98; num_cores_c=1; core_range_set_={[0-0 - 10-7]; [0-8 - 9-8]}; is_transpose=false)'; 'config_tensors_in_dram': 'false'; 'in_nsticks_per_core': '32'; 'is_out_tiled': 'true'; 'max_out_nsticks_per_core': '104'; 'output_memory_config': 'MemoryConfig(memory_layout=TensorMemoryLayout::INTERLEAVED;buffer_type=BufferType::DRAM;shard_spec=std::nullopt;nd_shard_spec=std::nullopt;created_with_nd_shard_spec=0)'; 'pad_val': '0'; 'parallel_config': 'ParallelConfig(grid={[0-0 - 10-7]; [0-8 - 9-8]}; shard_scheme=HEIGHT_SHARDED; shard_orientation=ROW_MAJOR)'; 'remote_read': 'false'; 'transpose_mcast': 'false'},LoFi,98,110,,,55053239531,55053247611,8080,140308465730,140308471502,18277552,18278604,4276,3232,,,,326,3232,1182,599,592,1073,,,,,,1[1],1[1],3136[3136],256[256],TILE,BFLOAT8_B,DEV_1_L1_HEIGHT_SHARDED,,,,,,,,,,,,,,,1[1],1[1],10192[10192],256[256],ROW_MAJOR,BFLOAT16,DEV_1_L1_HEIGHT_SHARDED,,,['ttnn/cpp/ttnn/operations/sliding_window/halo/device/kernels/compute/pack_untilize.cpp'],['pack_untilize/8211161030105617417/'],['ttnn/cpp/ttnn/operations/sliding_window/halo/device/kernels/dataflow/halo_gather.cpp'],['halo_gather/7223065189574624188/'],5286150502023653246,False,1432,1336,1692,1176,3500,0,0,0,0,1,1,1,[],[],0.031,,8080,3237,0.003237,3268,0.003268,0,7.9,0.0,-,0.0,0.0,3281,0.003281,13.588110403397028,0.0,0.0,0.0,0.0,0.0,9.3841642228739,13.588110403397028,14.746543778801843,1.1801008504553323,9.3841642228739,13.588110403397028,14.746543778801843,1.1801008504553323,nan,nan,nan,nan,nan,nan,nan,nan,nan,nan,nan,nan,nan,nan,nan,nan,nan,nan,nan,nan,nan,nan,nan,nan,nan,nan,nan,nan,nan,nan,nan,nan,1.0135928328699413,1.0095767686129133
74752,Conv2dDeviceOperation,tt_dnn_device,0,blackhole,"{'activation': 'BasicUnaryWithParam<float>(op_type=UnaryOpType::RELU;param={})'; 'block_config': 'Conv2dBlockConfig(act_block_h_ntiles=1;act_block_w_ntiles=24;out_subblock_h_ntiles=1;out_subblock_w_ntiles=8)'; 'compute_kernel_config': 'ComputeKernelConfig(math_fidelity=LoFi;math_approx_mode=1;fp32_dest_acc_en=0;packer_l1_acc=1;dst_full_sync_en=0;throttle_level=ThrottleLevel::NO_THROTTLE)'; 'config_tensors_in_dram': 'false'; 'dtype': 'DataType::BFLOAT8_B'; 'enable_act_double_buffer': 'true'; 'enable_activation_reuse': 'false'; 'enable_weights_double_buffer': 'true'; 'force_split_reader': 'std::nullopt'; 'full_inner_dim': 'true'; 'groups': '1'; 'has_bias': 'true'; 'input_tensor_shape': '{16; 14; 14; 256}'; 'memory_config': 'MemoryConfig(memory_layout=TensorMemoryLayout::HEIGHT_SHARDED;buffer_type=BufferType::L1;shard_spec=ShardSpec{grid=[{""start"":{""x"":0;""y"":0};""end"":{""x"":10;""y"":7}; {""start"":{""x"":0;""y"":8};""end"":{""x"":9;""y"":8}]; shape=[32; 256]; orientation=ShardOrientation::ROW_MAJOR};nd_shard_spec=std::nullopt;created_with_nd_shard_spec=0)'; 'output_channels': '256'; 'parallelization_config': 'Conv2dParallelizationConfig(grid_size=11-9;num_cores_nhw=98;num_cores_c_in=1;num_cores_c_out=1;per_core_out_matrix_height_ntile=1;per_core_out_matrix_width_ntile=8)'; 'sliding_window_config': 'SlidingWindowConfig(batch_size=16; input_hw=(14;14); window_hw=(3;3); stride_hw=(1;1); padding=((1; 1); (1; 1)); output_padding = (0; 0); ceil_pad_hw=(0;0); dilation_hw=(1;1); scale_h=1; scale_w=1; num_cores_nhw=98; num_cores_c=1; core_range_set_={[0-0 - 10-7]; [0-8 - 9-8]}; is_transpose=false)'; 'untilize_out': 'false'}",LoFi,99,110,,,55053459839,55053466169,6330,140308776348,140308823194,228251,228254,34701,32216,,,,347,30720,2524,32084,31693,32219,,,,,,1[1],1[1],10192[10192],256[256],ROW_MAJOR,BFLOAT16,DEV_1_L1_HEIGHT_SHARDED,1[1],1[1],2304[2304],256[256],TILE,BFLOAT8_B,DEV_1_DRAM_INTERLEAVED,1[1],1[1],32[1],256[256],TILE,BFLOAT8_B,DEV_1_DRAM_INTERLEAVED,1[1],1[1],3136[3136],256[256],TILE,BFLOAT8_B,DEV_1_L1_HEIGHT_SHARDED,,,['ttnn/cpp/ttnn/operations/conv/conv2d/device/kernels/conv_bmm_tilize.cpp'],['conv_bmm_tilize/11791322773847033799/'],['ttnn/cpp/ttnn/operations/conv/conv2d/device/kernels/reader_conv_activations_padded_with_halo_3x3_weights_v2.cpp'; 'ttnn/cpp/ttnn/operations/conv/conv2d/device/kernels/reader_writer_tiled_out_1d_mcast_receiver_conv_weights_tiled_col_to_rm_blocks.cpp'; 'ttnn/cpp/ttnn/operations/conv/conv2d/device/kernels/reader_writer_tiled_out_1d_mcast_sender_conv_weights_tiled_col_to_rm_blocks.cpp'],['reader_conv_activations_padded_with_halo_3x3_weights_v2/17519351700392412478/'; 'reader_writer_tiled_out_1d_mcast_receiver_conv_weights_tiled_col_to_rm_blocks/18203437059067230585/'; 'reader_writer_tiled_out_1d_mcast_sender_conv_weights_tiled_col_to_rm_blocks/13522496476403757713/'],10766706559680465995,False,1976,748,2960,2744,4912,0,0,0,0,6083,6083,1072,[857.8504028320312; 96.96268463134766; 1.3467038869857788],[131.97698974609375],18.88,,6330,32219,0.032219,66343,0.066343,416103,0.3,0.1,-,0.0,1.4,32016,0.032016,23.167009723898076,0.0,0.0,0.0,0.0,0.0,0.0,23.167009723898076,23.55771544050426,18.501688954699,0.0,23.167009723898076,23.55771544050426,18.501688954699,nan,nan,nan,nan,nan,nan,nan,nan,nan,nan,nan,nan,nan,nan,nan,nan,nan,nan,nan,nan,nan,nan,nan,nan,nan,nan,nan,nan,nan,nan,nan,nan,0.9936993699369938,2.0591266023154042
75776,MatmulDeviceOperation,tt_dnn_device,0,blackhole,"{'bcast_batch': 'true'; 'compute_kernel_config': 'ComputeKernelConfig(math_fidelity=LoFi;math_approx_mode=1;fp32_dest_acc_en=0;packer_l1_acc=1;dst_full_sync_en=0;throttle_level=ThrottleLevel::NO_THROTTLE)'; 'global_cb': 'std::nullopt'; 'output_dtype': 'DataType::BFLOAT8_B'; 'output_mem_config': 'MemoryConfig(memory_layout=TensorMemoryLayout::HEIGHT_SHARDED;buffer_type=BufferType::L1;shard_spec=ShardSpec{grid=[{""start"":{""x"":0;""y"":0};""end"":{""x"":10;""y"":7}; {""start"":{""x"":0;""y"":8};""end"":{""x"":9;""y"":8}]; shape=[32; 1024]; orientation=ShardOrientation::ROW_MAJOR};nd_shard_spec=std::nullopt;created_with_nd_shard_spec=0)'; 'output_tile': 'Tile(tile_shape={32; 32};face_shape={16; 16};num_faces=4)'; 'program_config': 'MatmulMultiCoreReuseMultiCast1DProgramConfig(compute_with_storage_grid_size=11-9;in0_block_w=8;out_subblock_h=1;out_subblock_w=8;out_block_h=1;out_block_w=32;per_core_M=1;per_core_N=32;fuse_batch=1;fused_activation=std::nullopt;mcast_in0=0;gather_in0=0;hop_cores={};num_global_cb_receivers=0;untilize_out=0;allowed_worker_cores={[0-0 - 10-8]};stream_in1=0)'; 'sub_device_id': 'std::nullopt'; 'transpose_a': 'false'; 'transpose_b': 'false'; 'untilize_out': 'false'; 'user_core_coord': 'std::nullopt'; 'user_fused_activation': 'std::nullopt'; 'user_run_batched': 'false'}",LoFi,98,110,,,55066079845,55066086165,6320,140325806706,140325833991,12582214,12582214,20211,18239,,,,293,18239,246,18050,17808,18154,,,,,,1[1],1[1],3136[3136],256[256],TILE,BFLOAT8_B,DEV_1_L1_HEIGHT_SHARDED,1[1],1[1],256[256],1024[1024],TILE,BFLOAT8_B,DEV_1_DRAM_INTERLEAVED,1[1],1[1],32[1],1024[1024],TILE,BFLOAT8_B,DEV_1_DRAM_INTERLEAVED,1[1],1[1],3136[3136],1024[1024],TILE,BFLOAT8_B,DEV_1_L1_HEIGHT_SHARDED,,,['ttnn/cpp/ttnn/operations/matmul/device/kernels/compute/bmm_large_block_zm_fused_bias_activation.cpp'],['bmm_large_block_zm_fused_bias_activation/16491533063231365984/'],['ttnn/cpp/ttnn/operations/matmul/device/kernels/dataflow/reader_bmm_tile_layout_in1_receiver_writer_padding.cpp'; 'ttnn/cpp/ttnn/operations/matmul/device/kernels/dataflow/reader_bmm_tile_layout_in1_sender_writer_padding.cpp'; 'ttnn/cpp/ttnn/operations/matmul/device/kernels/dataflow/reader_bmm_tile_layout_in0_sender_padding.cpp'],['reader_bmm_tile_layout_in1_receiver_writer_padding/4690206536169904429/'; 'reader_bmm_tile_layout_in1_sender_writer_padding/17372618680625958250/'; 'reader_bmm_tile_layout_in0_sender_padding/2921030653792773466/'],17857041995237843636,False,2440,460,1980,2216,2824,0,0,0,0,2704,2704,476,[296.8994140625; 96.94674682617188],[1187.59765625],14.825,,6320,18239,0.018239,40333,0.040333,162623,0.2,0.0,-,0.0,0.9,18236,0.018236,18.01491440769719,0.0,0.0,0.0,0.0,0.0,17.868900279201565,18.01491440769719,18.128012175530568,14.226649876783926,17.868900279201565,18.01491440769719,18.128012175530568,14.226649876783926,nan,nan,nan,nan,nan,nan,nan,nan,nan,nan,nan,nan,nan,nan,nan,nan,nan,nan,nan,nan,nan,nan,nan,nan,nan,nan,nan,nan,nan,nan,nan,nan,0.9998355172980975,2.2113602719447343
76800,BinaryNgDeviceOperation,tt_dnn_device,0,blackhole,"{'a_shard_volume': '32'; 'b_shard_volume': '32'; 'binary_op_type': 'BinaryOpType::ADD'; 'c_shard_volume': '32'; 'compute_kernel_config': 'std::nullopt'; 'dtype': 'DataType::BFLOAT8_B'; 'equal_nan': 'false'; 'input_layout_a': 'Layout::TILE'; 'input_layout_b': 'Layout::TILE'; 'is_quant_op': 'false'; 'is_sfpu': 'false'; 'is_where_op': 'false'; 'lhs_activations': '{}'; 'memory_config': 'MemoryConfig(memory_layout=TensorMemoryLayout::HEIGHT_SHARDED;buffer_type=BufferType::L1;shard_spec=ShardSpec{grid=[{""start"":{""x"":0;""y"":0};""end"":{""x"":10;""y"":7}; {""start"":{""x"":0;""y"":8};""end"":{""x"":9;""y"":8}]; shape=[32; 1024]; orientation=ShardOrientation::ROW_MAJOR};nd_shard_spec={""shard_shape"":[32; 1024];""grid"":[{""start"":{""x"":0;""y"":0};""end"":{""x"":10;""y"":7}}; {""start"":{""x"":0;""y"":8};""end"":{""x"":9;""y"":8}}];""orientation"":""ShardOrientation::ROW_MAJOR"";""shard_distribution_strategy"":""ShardDistributionStrategy::ROUND_ROBIN_1D""};created_with_nd_shard_spec=0)'; 'output_layout': 'Layout::TILE'; 'post_activations': '{BasicUnaryWithParam<float; int; unsigned int>(base=BasicUnaryWithParam<float>(op_type=UnaryOpType::RELU;param={}))}'; 'rhs_activations': '{}'; 'sub_core_grids': 'std::nullopt'; 'subtile_broadcast_type': 'SubtileBroadcastType::NONE'}",HiFi4,110,110,,,55067250837,55067256117,5280,140327388833,140327391398,1151946,1151946,1900,1287,,,,173,155,261,1153,978,1261,,,,,,1[1],1[1],3136[3136],1024[1024],TILE,BFLOAT8_B,DEV_1_L1_HEIGHT_SHARDED,1[1],1[1],3136[3136],1024[1024],TILE,BFLOAT8_B,DEV_1_L1_HEIGHT_SHARDED,1[1],1[1],3136[3136],1024[1024],TILE,BFLOAT8_B,DEV_1_L1_HEIGHT_SHARDED,1[1],1[1],3136[3136],1024[1024],TILE,BFLOAT8_B,DEV_1_L1_HEIGHT_SHARDED,,,['ttnn/cpp/ttnn/operations/eltwise/binary_ng/device/kernels/compute/eltwise_binary_no_bcast.cpp'],['eltwise_binary_no_bcast/2250846161256338320/'],['ttnn/cpp/ttnn/operations/eltwise/binary_ng/device/kernels_ng/dataflow/writer_interleaved_no_bcast.cpp'; 'ttnn/cpp/ttnn/operations/eltwise/binary_ng/device/kernels_ng/dataflow/reader_interleaved_no_bcast.cpp'],['writer_interleaved_no_bcast/5573464354450148985/'; 'reader_interleaved_no_bcast/244409684600890131/'],7687497871176030684,False,340,532,1836,1200,2824,0,0,0,0,1,1,1,[],[],0.078,,5280,1287,0.001287,1264,0.001264,0,nan,nan,-,0.0,0.0,1289,0.001289,17.478383229662338,0.0,0.0,0.0,0.0,0.0,0.0,17.478383229662338,17.810760667903523,9.011494252873565,0.0,17.478383229662338,17.810760667903523,9.011494252873565,nan,nan,nan,nan,nan,nan,nan,nan,nan,nan,nan,nan,nan,nan,nan,nan,nan,nan,nan,nan,nan,nan,nan,nan,nan,nan,nan,nan,nan,nan,nan,nan,1.0015540015540016,0.9821289821289821
77824,MatmulDeviceOperation,tt_dnn_device,0,blackhole,"{'bcast_batch': 'true'; 'compute_kernel_config': 'ComputeKernelConfig(math_fidelity=LoFi;math_approx_mode=1;fp32_dest_acc_en=0;packer_l1_acc=1;dst_full_sync_en=0;throttle_level=ThrottleLevel::NO_THROTTLE)'; 'global_cb': 'std::nullopt'; 'output_dtype': 'DataType::BFLOAT8_B'; 'output_mem_config': 'MemoryConfig(memory_layout=TensorMemoryLayout::HEIGHT_SHARDED;buffer_type=BufferType::L1;shard_spec=ShardSpec{grid=[{""start"":{""x"":0;""y"":0};""end"":{""x"":10;""y"":7}; {""start"":{""x"":0;""y"":8};""end"":{""x"":9;""y"":8}]; shape=[32; 256]; orientation=ShardOrientation::ROW_MAJOR};nd_shard_spec=std::nullopt;created_with_nd_shard_spec=0)'; 'output_tile': 'Tile(tile_shape={32; 32};face_shape={16; 16};num_faces=4)'; 'program_config': 'MatmulMultiCoreReuseMultiCast1DProgramConfig(compute_with_storage_grid_size=11-9;in0_block_w=32;out_subblock_h=1;out_subblock_w=8;out_block_h=1;out_block_w=8;per_core_M=1;per_core_N=8;fuse_batch=1;fused_activation=BasicUnaryWithParam<float>(op_type=UnaryOpType::RELU;param={});mcast_in0=0;gather_in0=0;hop_cores={};num_global_cb_receivers=0;untilize_out=0;allowed_worker_cores={[0-0 - 10-8]};stream_in1=0)'; 'sub_device_id': 'std::nullopt'; 'transpose_a': 'false'; 'transpose_b': 'false'; 'untilize_out': 'false'; 'user_core_coord': 'std::nullopt'; 'user_fused_activation': 'std::nullopt'; 'user_run_batched': 'false'}",LoFi,98,110,,,55079627315,55079633235,5920,140344094996,140344122066,12375225,12375225,20052,18104,,,,291,18104,230,17921,17501,18038,,,,,,1[1],1[1],3136[3136],1024[1024],TILE,BFLOAT8_B,DEV_1_L1_HEIGHT_SHARDED,1[1],1[1],1024[1024],256[256],TILE,BFLOAT8_B,DEV_1_DRAM_INTERLEAVED,1[1],1[1],32[1],256[256],TILE,BFLOAT8_B,DEV_1_DRAM_INTERLEAVED,1[1],1[1],3136[3136],256[256],TILE,BFLOAT8_B,DEV_1_L1_HEIGHT_SHARDED,,,['ttnn/cpp/ttnn/operations/matmul/device/kernels/compute/bmm_large_block_zm_fused_bias_activation.cpp'],['bmm_large_block_zm_fused_bias_activation/5256723043435895160/'],['ttnn/cpp/ttnn/operations/matmul/device/kernels/dataflow/reader_bmm_tile_layout_in1_receiver_writer_padding.cpp'; 'ttnn/cpp/ttnn/operations/matmul/device/kernels/dataflow/reader_bmm_tile_layout_in1_sender_writer_padding.cpp'; 'ttnn/cpp/ttnn/operations/matmul/device/kernels/dataflow/reader_bmm_tile_layout_in0_sender_padding.cpp'],['reader_bmm_tile_layout_in1_receiver_writer_padding/7455865190715862173/'; 'reader_bmm_tile_layout_in1_sender_writer_padding/6877378147804492739/'; 'reader_bmm_tile_layout_in0_sender_padding/9754176694990679169/'],11082174721903927234,False,2436,464,1884,1812,2592,0,0,0,0,2704,2704,476,[1187.59765625; 96.94674682617188],[296.8994140625],14.936,,5920,18104,0.018104,38428,0.038428,154942,0.2,0.0,-,0.0,0.9,18095,0.018095,17.532745612615592,0.0,0.0,0.0,0.0,0.0,17.38539898132428,17.532745612615592,17.646805393994228,13.693575678183507,17.38539898132428,17.532745612615592,17.646805393994228,13.693575678183507,nan,nan,nan,nan,nan,nan,nan,nan,nan,nan,nan,nan,nan,nan,nan,nan,nan,nan,nan,nan,nan,nan,nan,nan,nan,nan,nan,nan,nan,nan,nan,nan,0.999502872293416,2.1226248342907645
78848,HaloDeviceOperation,tt_dnn_device,0,blackhole,{'compute_kernel_config': 'ComputeKernelConfig(math_fidelity=LoFi;math_approx_mode=1;fp32_dest_acc_en=0;packer_l1_acc=1;dst_full_sync_en=0;throttle_level=ThrottleLevel::NO_THROTTLE)'; 'config': 'SlidingWindowConfig(batch_size=16; input_hw=(14;14); window_hw=(3;3); stride_hw=(1;1); padding=((1; 1); (1; 1)); output_padding = (0; 0); ceil_pad_hw=(0;0); dilation_hw=(1;1); scale_h=1; scale_w=1; num_cores_nhw=98; num_cores_c=1; core_range_set_={[0-0 - 10-7]; [0-8 - 9-8]}; is_transpose=false)'; 'config_tensors_in_dram': 'false'; 'in_nsticks_per_core': '32'; 'is_out_tiled': 'true'; 'max_out_nsticks_per_core': '104'; 'output_memory_config': 'MemoryConfig(memory_layout=TensorMemoryLayout::INTERLEAVED;buffer_type=BufferType::DRAM;shard_spec=std::nullopt;nd_shard_spec=std::nullopt;created_with_nd_shard_spec=0)'; 'pad_val': '0'; 'parallel_config': 'ParallelConfig(grid={[0-0 - 10-7]; [0-8 - 9-8]}; shard_scheme=HEIGHT_SHARDED; shard_orientation=ROW_MAJOR)'; 'remote_read': 'false'; 'transpose_mcast': 'false'},LoFi,98,110,,,55097965043,55097974213,9170,140368845608,140368851481,18316189,18316189,4350,3321,,,,292,3319,1185,579,560,1064,,,,,,1[1],1[1],3136[3136],256[256],TILE,BFLOAT8_B,DEV_1_L1_HEIGHT_SHARDED,,,,,,,,,,,,,,,1[1],1[1],10192[10192],256[256],ROW_MAJOR,BFLOAT16,DEV_1_L1_HEIGHT_SHARDED,,,['ttnn/cpp/ttnn/operations/sliding_window/halo/device/kernels/compute/pack_untilize.cpp'],['pack_untilize/8211161030105617417/'],['ttnn/cpp/ttnn/operations/sliding_window/halo/device/kernels/dataflow/halo_gather.cpp'],['halo_gather/7223065189574624188/'],5286150502023653246,False,1432,1336,1692,1176,3500,0,0,0,0,1,1,1,[],[],0.03,,9170,3321,0.003321,3399,0.003399,0,7.6,0.0,-,0.0,0.0,3224,0.003224,13.573716218647666,0.0,0.0,0.0,0.0,0.0,9.785932721712538,13.573716218647666,14.645308924485127,1.2009803921568627,9.785932721712538,13.573716218647666,14.645308924485127,1.2009803921568627,nan,nan,nan,nan,nan,nan,nan,nan,nan,nan,nan,nan,nan,nan,nan,nan,nan,nan,nan,nan,nan,nan,nan,nan,nan,nan,nan,nan,nan,nan,nan,nan,0.9707919301415235,1.023486901535682
79872,Conv2dDeviceOperation,tt_dnn_device,0,blackhole,"{'activation': 'BasicUnaryWithParam<float>(op_type=UnaryOpType::RELU;param={})'; 'block_config': 'Conv2dBlockConfig(act_block_h_ntiles=1;act_block_w_ntiles=24;out_subblock_h_ntiles=1;out_subblock_w_ntiles=8)'; 'compute_kernel_config': 'ComputeKernelConfig(math_fidelity=LoFi;math_approx_mode=1;fp32_dest_acc_en=0;packer_l1_acc=1;dst_full_sync_en=0;throttle_level=ThrottleLevel::NO_THROTTLE)'; 'config_tensors_in_dram': 'false'; 'dtype': 'DataType::BFLOAT8_B'; 'enable_act_double_buffer': 'true'; 'enable_activation_reuse': 'false'; 'enable_weights_double_buffer': 'true'; 'force_split_reader': 'std::nullopt'; 'full_inner_dim': 'true'; 'groups': '1'; 'has_bias': 'true'; 'input_tensor_shape': '{16; 14; 14; 256}'; 'memory_config': 'MemoryConfig(memory_layout=TensorMemoryLayout::HEIGHT_SHARDED;buffer_type=BufferType::L1;shard_spec=ShardSpec{grid=[{""start"":{""x"":0;""y"":0};""end"":{""x"":10;""y"":7}; {""start"":{""x"":0;""y"":8};""end"":{""x"":9;""y"":8}]; shape=[32; 256]; orientation=ShardOrientation::ROW_MAJOR};nd_shard_spec=std::nullopt;created_with_nd_shard_spec=0)'; 'output_channels': '256'; 'parallelization_config': 'Conv2dParallelizationConfig(grid_size=11-9;num_cores_nhw=98;num_cores_c_in=1;num_cores_c_out=1;per_core_out_matrix_height_ntile=1;per_core_out_matrix_width_ntile=8)'; 'sliding_window_config': 'SlidingWindowConfig(batch_size=16; input_hw=(14;14); window_hw=(3;3); stride_hw=(1;1); padding=((1; 1); (1; 1)); output_padding = (0; 0); ceil_pad_hw=(0;0); dilation_hw=(1;1); scale_h=1; scale_w=1; num_cores_nhw=98; num_cores_c=1; core_range_set_={[0-0 - 10-7]; [0-8 - 9-8]}; is_transpose=false)'; 'untilize_out': 'false'}",LoFi,99,110,,,55098201932,55098208382,6450,140369176883,140369223422,243461,243461,34473,32007,,,,349,30515,2524,31876,31490,32006,,,,,,1[1],1[1],10192[10192],256[256],ROW_MAJOR,BFLOAT16,DEV_1_L1_HEIGHT_SHARDED,1[1],1[1],2304[2304],256[256],TILE,BFLOAT8_B,DEV_1_DRAM_INTERLEAVED,1[1],1[1],32[1],256[256],TILE,BFLOAT8_B,DEV_1_DRAM_INTERLEAVED,1[1],1[1],3136[3136],256[256],TILE,BFLOAT8_B,DEV_1_L1_HEIGHT_SHARDED,,,['ttnn/cpp/ttnn/operations/conv/conv2d/device/kernels/conv_bmm_tilize.cpp'],['conv_bmm_tilize/11791322773847033799/'],['ttnn/cpp/ttnn/operations/conv/conv2d/device/kernels/reader_conv_activations_padded_with_halo_3x3_weights_v2.cpp'; 'ttnn/cpp/ttnn/operations/conv/conv2d/device/kernels/reader_writer_tiled_out_1d_mcast_receiver_conv_weights_tiled_col_to_rm_blocks.cpp'; 'ttnn/cpp/ttnn/operations/conv/conv2d/device/kernels/reader_writer_tiled_out_1d_mcast_sender_conv_weights_tiled_col_to_rm_blocks.cpp'],['reader_conv_activations_padded_with_halo_3x3_weights_v2/17519351700392412478/'; 'reader_writer_tiled_out_1d_mcast_receiver_conv_weights_tiled_col_to_rm_blocks/18203437059067230585/'; 'reader_writer_tiled_out_1d_mcast_sender_conv_weights_tiled_col_to_rm_blocks/13522496476403757713/'],10766706559680465995,False,1976,748,2960,2744,4912,0,0,0,0,6083,6083,1072,[857.8504028320312; 96.96268463134766; 1.3467038869857788],[131.97698974609375],19.005,,6450,32007,0.032007,66370,0.06637,416273,0.3,0.1,-,0.0,1.4,32057,0.032057,23.13690279287368,0.0,0.0,0.0,0.0,0.0,0.0,23.13690279287368,23.52941176470588,18.478175474270397,0.0,23.13690279287368,23.52941176470588,18.478175474270397,nan,nan,nan,nan,nan,nan,nan,nan,nan,nan,nan,nan,nan,nan,nan,nan,nan,nan,nan,nan,nan,nan,nan,nan,nan,nan,nan,nan,nan,nan,nan,nan,1.0015621582778769,2.0736088980535508
80896,MatmulDeviceOperation,tt_dnn_device,0,blackhole,"{'bcast_batch': 'true'; 'compute_kernel_config': 'ComputeKernelConfig(math_fidelity=LoFi;math_approx_mode=1;fp32_dest_acc_en=0;packer_l1_acc=1;dst_full_sync_en=0;throttle_level=ThrottleLevel::NO_THROTTLE)'; 'global_cb': 'std::nullopt'; 'output_dtype': 'DataType::BFLOAT8_B'; 'output_mem_config': 'MemoryConfig(memory_layout=TensorMemoryLayout::HEIGHT_SHARDED;buffer_type=BufferType::L1;shard_spec=ShardSpec{grid=[{""start"":{""x"":0;""y"":0};""end"":{""x"":10;""y"":7}; {""start"":{""x"":0;""y"":8};""end"":{""x"":9;""y"":8}]; shape=[32; 1024]; orientation=ShardOrientation::ROW_MAJOR};nd_shard_spec=std::nullopt;created_with_nd_shard_spec=0)'; 'output_tile': 'Tile(tile_shape={32; 32};face_shape={16; 16};num_faces=4)'; 'program_config': 'MatmulMultiCoreReuseMultiCast1DProgramConfig(compute_with_storage_grid_size=11-9;in0_block_w=8;out_subblock_h=1;out_subblock_w=8;out_block_h=1;out_block_w=32;per_core_M=1;per_core_N=32;fuse_batch=1;fused_activation=std::nullopt;mcast_in0=0;gather_in0=0;hop_cores={};num_global_cb_receivers=0;untilize_out=0;allowed_worker_cores={[0-0 - 10-8]};stream_in1=0)'; 'sub_device_id': 'std::nullopt'; 'transpose_a': 'false'; 'transpose_b': 'false'; 'untilize_out': 'false'; 'user_core_coord': 'std::nullopt'; 'user_fused_activation': 'std::nullopt'; 'user_run_batched': 'false'}",LoFi,98,110,,,55110735798,55110742428,6630,140386082536,140386109777,12490436,12490259,20179,18223,,,,263,18223,230,18049,17800,18150,,,,,,1[1],1[1],3136[3136],256[256],TILE,BFLOAT8_B,DEV_1_L1_HEIGHT_SHARDED,1[1],1[1],256[256],1024[1024],TILE,BFLOAT8_B,DEV_1_DRAM_INTERLEAVED,1[1],1[1],32[1],1024[1024],TILE,BFLOAT8_B,DEV_1_DRAM_INTERLEAVED,1[1],1[1],3136[3136],1024[1024],TILE,BFLOAT8_B,DEV_1_L1_HEIGHT_SHARDED,,,['ttnn/cpp/ttnn/operations/matmul/device/kernels/compute/bmm_large_block_zm_fused_bias_activation.cpp'],['bmm_large_block_zm_fused_bias_activation/16491533063231365984/'],['ttnn/cpp/ttnn/operations/matmul/device/kernels/dataflow/reader_bmm_tile_layout_in1_receiver_writer_padding.cpp'; 'ttnn/cpp/ttnn/operations/matmul/device/kernels/dataflow/reader_bmm_tile_layout_in1_sender_writer_padding.cpp'; 'ttnn/cpp/ttnn/operations/matmul/device/kernels/dataflow/reader_bmm_tile_layout_in0_sender_padding.cpp'],['reader_bmm_tile_layout_in1_receiver_writer_padding/4690206536169904429/'; 'reader_bmm_tile_layout_in1_sender_writer_padding/17372618680625958250/'; 'reader_bmm_tile_layout_in0_sender_padding/2921030653792773466/'],17857041995237843636,False,2440,460,1980,2216,2824,0,0,0,0,2704,2704,476,[296.8994140625; 96.94674682617188],[1187.59765625],14.838,,6630,18224,0.018224,40357,0.040357,162719,0.2,0.0,-,0.0,0.9,18219,0.018219,18.01264414480539,0.0,0.0,0.0,0.0,0.0,17.874859310517323,18.01264414480539,18.138747884940777,14.2375454003361,17.874859310517323,18.01264414480539,18.138747884940777,14.2375454003361,nan,nan,nan,nan,nan,nan,nan,nan,nan,nan,nan,nan,nan,nan,nan,nan,nan,nan,nan,nan,nan,nan,nan,nan,nan,nan,nan,nan,nan,nan,nan,nan,0.999725636523266,2.2144973661106233
81920,BinaryNgDeviceOperation,tt_dnn_device,0,blackhole,"{'a_shard_volume': '32'; 'b_shard_volume': '32'; 'binary_op_type': 'BinaryOpType::ADD'; 'c_shard_volume': '32'; 'compute_kernel_config': 'std::nullopt'; 'dtype': 'DataType::BFLOAT8_B'; 'equal_nan': 'false'; 'input_layout_a': 'Layout::TILE'; 'input_layout_b': 'Layout::TILE'; 'is_quant_op': 'false'; 'is_sfpu': 'false'; 'is_where_op': 'false'; 'lhs_activations': '{}'; 'memory_config': 'MemoryConfig(memory_layout=TensorMemoryLayout::HEIGHT_SHARDED;buffer_type=BufferType::L1;shard_spec=ShardSpec{grid=[{""start"":{""x"":0;""y"":0};""end"":{""x"":10;""y"":7}; {""start"":{""x"":0;""y"":8};""end"":{""x"":9;""y"":8}]; shape=[32; 1024]; orientation=ShardOrientation::ROW_MAJOR};nd_shard_spec={""shard_shape"":[32; 1024];""grid"":[{""start"":{""x"":0;""y"":0};""end"":{""x"":10;""y"":7}}; {""start"":{""x"":0;""y"":8};""end"":{""x"":9;""y"":8}}];""orientation"":""ShardOrientation::ROW_MAJOR"";""shard_distribution_strategy"":""ShardDistributionStrategy::ROUND_ROBIN_1D""};created_with_nd_shard_spec=0)'; 'output_layout': 'Layout::TILE'; 'post_activations': '{BasicUnaryWithParam<float; int; unsigned int>(base=BasicUnaryWithParam<float>(op_type=UnaryOpType::RELU;param={}))}'; 'rhs_activations': '{}'; 'sub_core_grids': 'std::nullopt'; 'subtile_broadcast_type': 'SubtileBroadcastType::NONE'}",HiFi4,110,110,,,55111944920,55111950410,5490,140387724854,140387727435,1197246,1197395,1912,1279,,,,172,139,261,1156,978,1277,,,,,,1[1],1[1],3136[3136],1024[1024],TILE,BFLOAT8_B,DEV_1_L1_HEIGHT_SHARDED,1[1],1[1],3136[3136],1024[1024],TILE,BFLOAT8_B,DEV_1_L1_HEIGHT_SHARDED,1[1],1[1],3136[3136],1024[1024],TILE,BFLOAT8_B,DEV_1_L1_HEIGHT_SHARDED,1[1],1[1],3136[3136],1024[1024],TILE,BFLOAT8_B,DEV_1_L1_HEIGHT_SHARDED,,,['ttnn/cpp/ttnn/operations/eltwise/binary_ng/device/kernels/compute/eltwise_binary_no_bcast.cpp'],['eltwise_binary_no_bcast/2250846161256338320/'],['ttnn/cpp/ttnn/operations/eltwise/binary_ng/device/kernels_ng/dataflow/writer_interleaved_no_bcast.cpp'; 'ttnn/cpp/ttnn/operations/eltwise/binary_ng/device/kernels_ng/dataflow/reader_interleaved_no_bcast.cpp'],['writer_interleaved_no_bcast/5573464354450148985/'; 'reader_interleaved_no_bcast/244409684600890131/'],7687497871176030684,False,340,532,1836,1200,2824,0,0,0,0,1,1,1,[],[],0.078,,5490,1287,0.001287,1266,0.001266,0,nan,nan,-,0.0,0.0,1284,0.001284,17.43869209809264,0.0,0.0,0.0,0.0,0.0,0.0,17.43869209809264,17.827298050139277,9.042675893886967,0.0,17.43869209809264,17.827298050139277,9.042675893886967,nan,nan,nan,nan,nan,nan,nan,nan,nan,nan,nan,nan,nan,nan,nan,nan,nan,nan,nan,nan,nan,nan,nan,nan,nan,nan,nan,nan,nan,nan,nan,nan,0.9976689976689977,0.9836829836829837
82944,MatmulDeviceOperation,tt_dnn_device,0,blackhole,"{'bcast_batch': 'true'; 'compute_kernel_config': 'ComputeKernelConfig(math_fidelity=LoFi;math_approx_mode=1;fp32_dest_acc_en=0;packer_l1_acc=1;dst_full_sync_en=0;throttle_level=ThrottleLevel::NO_THROTTLE)'; 'global_cb': 'std::nullopt'; 'output_dtype': 'DataType::BFLOAT8_B'; 'output_mem_config': 'MemoryConfig(memory_layout=TensorMemoryLayout::HEIGHT_SHARDED;buffer_type=BufferType::L1;shard_spec=ShardSpec{grid=[{""start"":{""x"":0;""y"":0};""end"":{""x"":10;""y"":7}; {""start"":{""x"":0;""y"":8};""end"":{""x"":9;""y"":8}]; shape=[32; 256]; orientation=ShardOrientation::ROW_MAJOR};nd_shard_spec=std::nullopt;created_with_nd_shard_spec=0)'; 'output_tile': 'Tile(tile_shape={32; 32};face_shape={16; 16};num_faces=4)'; 'program_config': 'MatmulMultiCoreReuseMultiCast1DProgramConfig(compute_with_storage_grid_size=11-9;in0_block_w=32;out_subblock_h=1;out_subblock_w=8;out_block_h=1;out_block_w=8;per_core_M=1;per_core_N=8;fuse_batch=1;fused_activation=BasicUnaryWithParam<float>(op_type=UnaryOpType::RELU;param={});mcast_in0=0;gather_in0=0;hop_cores={};num_global_cb_receivers=0;untilize_out=0;allowed_worker_cores={[0-0 - 10-8]};stream_in1=0)'; 'sub_device_id': 'std::nullopt'; 'transpose_a': 'false'; 'transpose_b': 'false'; 'untilize_out': 'false'; 'user_core_coord': 'std::nullopt'; 'user_fused_activation': 'std::nullopt'; 'user_run_batched': 'false'}",LoFi,98,110,,,55124041650,55124046730,5080,140404055612,140404082805,12097251,12097251,20143,18199,,,,297,18199,242,18009,17591,18147,,,,,,1[1],1[1],3136[3136],1024[1024],TILE,BFLOAT8_B,DEV_1_L1_HEIGHT_SHARDED,1[1],1[1],1024[1024],256[256],TILE,BFLOAT8_B,DEV_1_DRAM_INTERLEAVED,1[1],1[1],32[1],256[256],TILE,BFLOAT8_B,DEV_1_DRAM_INTERLEAVED,1[1],1[1],3136[3136],256[256],TILE,BFLOAT8_B,DEV_1_L1_HEIGHT_SHARDED,,,['ttnn/cpp/ttnn/operations/matmul/device/kernels/compute/bmm_large_block_zm_fused_bias_activation.cpp'],['bmm_large_block_zm_fused_bias_activation/5256723043435895160/'],['ttnn/cpp/ttnn/operations/matmul/device/kernels/dataflow/reader_bmm_tile_layout_in1_receiver_writer_padding.cpp'; 'ttnn/cpp/ttnn/operations/matmul/device/kernels/dataflow/reader_bmm_tile_layout_in1_sender_writer_padding.cpp'; 'ttnn/cpp/ttnn/operations/matmul/device/kernels/dataflow/reader_bmm_tile_layout_in0_sender_padding.cpp'],['reader_bmm_tile_layout_in1_receiver_writer_padding/7455865190715862173/'; 'reader_bmm_tile_layout_in1_sender_writer_padding/6877378147804492739/'; 'reader_bmm_tile_layout_in0_sender_padding/9754176694990679169/'],11082174721903927234,False,2436,464,1884,1812,2592,0,0,0,0,2704,2704,476,[1187.59765625; 96.94674682617188],[296.8994140625],14.858,,5080,18199,0.018199,38466,0.038466,155095,0.2,0.0,-,0.0,0.9,18152,0.018152,17.459877732883328,0.0,0.0,0.0,0.0,0.0,17.317774395399965,17.459877732883328,17.57638173704085,13.650547507311433,17.317774395399965,17.459877732883328,17.57638173704085,13.650547507311433,nan,nan,nan,nan,nan,nan,nan,nan,nan,nan,nan,nan,nan,nan,nan,nan,nan,nan,nan,nan,nan,nan,nan,nan,nan,nan,nan,nan,nan,nan,nan,nan,0.99741744051871,2.113632617176768
83968,HaloDeviceOperation,tt_dnn_device,0,blackhole,{'compute_kernel_config': 'ComputeKernelConfig(math_fidelity=LoFi;math_approx_mode=1;fp32_dest_acc_en=0;packer_l1_acc=1;dst_full_sync_en=0;throttle_level=ThrottleLevel::NO_THROTTLE)'; 'config': 'SlidingWindowConfig(batch_size=16; input_hw=(14;14); window_hw=(3;3); stride_hw=(1;1); padding=((1; 1); (1; 1)); output_padding = (0; 0); ceil_pad_hw=(0;0); dilation_hw=(1;1); scale_h=1; scale_w=1; num_cores_nhw=98; num_cores_c=1; core_range_set_={[0-0 - 10-7]; [0-8 - 9-8]}; is_transpose=false)'; 'config_tensors_in_dram': 'false'; 'in_nsticks_per_core': '32'; 'is_out_tiled': 'true'; 'max_out_nsticks_per_core': '104'; 'output_memory_config': 'MemoryConfig(memory_layout=TensorMemoryLayout::INTERLEAVED;buffer_type=BufferType::DRAM;shard_spec=std::nullopt;nd_shard_spec=std::nullopt;created_with_nd_shard_spec=0)'; 'pad_val': '0'; 'parallel_config': 'ParallelConfig(grid={[0-0 - 10-7]; [0-8 - 9-8]}; shard_scheme=HEIGHT_SHARDED; shard_orientation=ROW_MAJOR)'; 'remote_read': 'false'; 'transpose_mcast': 'false'},LoFi,98,110,,,55142424698,55142433008,8310,140428864080,140428869911,18357556,18357556,4319,3260,,,,293,3259,1178,584,568,1096,,,,,,1[1],1[1],3136[3136],256[256],TILE,BFLOAT8_B,DEV_1_L1_HEIGHT_SHARDED,,,,,,,,,,,,,,,1[1],1[1],10192[10192],256[256],ROW_MAJOR,BFLOAT16,DEV_1_L1_HEIGHT_SHARDED,,,['ttnn/cpp/ttnn/operations/sliding_window/halo/device/kernels/compute/pack_untilize.cpp'],['pack_untilize/8211161030105617417/'],['ttnn/cpp/ttnn/operations/sliding_window/halo/device/kernels/dataflow/halo_gather.cpp'],['halo_gather/7223065189574624188/'],5286150502023653246,False,1432,1336,1692,1176,3500,0,0,0,0,1,1,1,[],[],0.031,,8310,3260,0.00326,3192,0.003192,0,7.9,0.0,-,0.0,0.0,3309,0.003309,14.301693831895173,0.0,0.0,0.0,0.0,0.0,10.256410256410255,14.301693831895173,15.421686746987953,1.1700619356764421,10.256410256410255,14.301693831895173,15.421686746987953,1.1700619356764421,nan,nan,nan,nan,nan,nan,nan,nan,nan,nan,nan,nan,nan,nan,nan,nan,nan,nan,nan,nan,nan,nan,nan,nan,nan,nan,nan,nan,nan,nan,nan,nan,1.0150306748466258,0.9791411042944785
84992,Conv2dDeviceOperation,tt_dnn_device,0,blackhole,"{'activation': 'BasicUnaryWithParam<float>(op_type=UnaryOpType::RELU;param={})'; 'block_config': 'Conv2dBlockConfig(act_block_h_ntiles=1;act_block_w_ntiles=24;out_subblock_h_ntiles=1;out_subblock_w_ntiles=8)'; 'compute_kernel_config': 'ComputeKernelConfig(math_fidelity=LoFi;math_approx_mode=1;fp32_dest_acc_en=0;packer_l1_acc=1;dst_full_sync_en=0;throttle_level=ThrottleLevel::NO_THROTTLE)'; 'config_tensors_in_dram': 'false'; 'dtype': 'DataType::BFLOAT8_B'; 'enable_act_double_buffer': 'true'; 'enable_activation_reuse': 'false'; 'enable_weights_double_buffer': 'true'; 'force_split_reader': 'std::nullopt'; 'full_inner_dim': 'true'; 'groups': '1'; 'has_bias': 'true'; 'input_tensor_shape': '{16; 14; 14; 256}'; 'memory_config': 'MemoryConfig(memory_layout=TensorMemoryLayout::HEIGHT_SHARDED;buffer_type=BufferType::L1;shard_spec=ShardSpec{grid=[{""start"":{""x"":0;""y"":0};""end"":{""x"":10;""y"":7}; {""start"":{""x"":0;""y"":8};""end"":{""x"":9;""y"":8}]; shape=[32; 256]; orientation=ShardOrientation::ROW_MAJOR};nd_shard_spec=std::nullopt;created_with_nd_shard_spec=0)'; 'output_channels': '256'; 'parallelization_config': 'Conv2dParallelizationConfig(grid_size=11-9;num_cores_nhw=98;num_cores_c_in=1;num_cores_c_out=1;per_core_out_matrix_height_ntile=1;per_core_out_matrix_width_ntile=8)'; 'sliding_window_config': 'SlidingWindowConfig(batch_size=16; input_hw=(14;14); window_hw=(3;3); stride_hw=(1;1); padding=((1; 1); (1; 1)); output_padding = (0; 0); ceil_pad_hw=(0;0); dilation_hw=(1;1); scale_h=1; scale_w=1; num_cores_nhw=98; num_cores_c=1; core_range_set_={[0-0 - 10-7]; [0-8 - 9-8]}; is_transpose=false)'; 'untilize_out': 'false'}",LoFi,99,110,,,55142645576,55142651346,5770,140429176760,140429223365,229734,229734,34522,32041,,,,343,30536,2549,31905,31531,32037,,,,,,1[1],1[1],10192[10192],256[256],ROW_MAJOR,BFLOAT16,DEV_1_L1_HEIGHT_SHARDED,1[1],1[1],2304[2304],256[256],TILE,BFLOAT8_B,DEV_1_DRAM_INTERLEAVED,1[1],1[1],32[1],256[256],TILE,BFLOAT8_B,DEV_1_DRAM_INTERLEAVED,1[1],1[1],3136[3136],256[256],TILE,BFLOAT8_B,DEV_1_L1_HEIGHT_SHARDED,,,['ttnn/cpp/ttnn/operations/conv/conv2d/device/kernels/conv_bmm_tilize.cpp'],['conv_bmm_tilize/11791322773847033799/'],['ttnn/cpp/ttnn/operations/conv/conv2d/device/kernels/reader_conv_activations_padded_with_halo_3x3_weights_v2.cpp'; 'ttnn/cpp/ttnn/operations/conv/conv2d/device/kernels/reader_writer_tiled_out_1d_mcast_receiver_conv_weights_tiled_col_to_rm_blocks.cpp'; 'ttnn/cpp/ttnn/operations/conv/conv2d/device/kernels/reader_writer_tiled_out_1d_mcast_sender_conv_weights_tiled_col_to_rm_blocks.cpp'],['reader_conv_activations_padded_with_halo_3x3_weights_v2/17519351700392412478/'; 'reader_writer_tiled_out_1d_mcast_receiver_conv_weights_tiled_col_to_rm_blocks/18203437059067230585/'; 'reader_writer_tiled_out_1d_mcast_sender_conv_weights_tiled_col_to_rm_blocks/13522496476403757713/'],10766706559680465995,False,1976,748,2960,2744,4912,0,0,0,0,6083,6083,1072,[857.8504028320312; 96.96268463134766; 1.3467038869857788],[131.97698974609375],18.985,,5770,32041,0.032041,66353,0.066353,416166,0.3,0.1,-,0.0,1.4,32010,0.03201,23.16755784791558,0.0,0.0,0.0,0.0,0.0,0.0,23.16755784791558,23.559415826576522,18.505542313655614,0.0,23.16755784791558,23.559415826576522,18.505542313655614,nan,nan,nan,nan,nan,nan,nan,nan,nan,nan,nan,nan,nan,nan,nan,nan,nan,nan,nan,nan,nan,nan,nan,nan,nan,nan,nan,nan,nan,nan,nan,nan,0.9990324896226709,2.0708779376423956
86016,MatmulDeviceOperation,tt_dnn_device,0,blackhole,"{'bcast_batch': 'true'; 'compute_kernel_config': 'ComputeKernelConfig(math_fidelity=LoFi;math_approx_mode=1;fp32_dest_acc_en=0;packer_l1_acc=1;dst_full_sync_en=0;throttle_level=ThrottleLevel::NO_THROTTLE)'; 'global_cb': 'std::nullopt'; 'output_dtype': 'DataType::BFLOAT8_B'; 'output_mem_config': 'MemoryConfig(memory_layout=TensorMemoryLayout::HEIGHT_SHARDED;buffer_type=BufferType::L1;shard_spec=ShardSpec{grid=[{""start"":{""x"":0;""y"":0};""end"":{""x"":10;""y"":7}; {""start"":{""x"":0;""y"":8};""end"":{""x"":9;""y"":8}]; shape=[32; 1024]; orientation=ShardOrientation::ROW_MAJOR};nd_shard_spec=std::nullopt;created_with_nd_shard_spec=0)'; 'output_tile': 'Tile(tile_shape={32; 32};face_shape={16; 16};num_faces=4)'; 'program_config': 'MatmulMultiCoreReuseMultiCast1DProgramConfig(compute_with_storage_grid_size=11-9;in0_block_w=8;out_subblock_h=1;out_subblock_w=8;out_block_h=1;out_block_w=32;per_core_M=1;per_core_N=32;fuse_batch=1;fused_activation=std::nullopt;mcast_in0=0;gather_in0=0;hop_cores={};num_global_cb_receivers=0;untilize_out=0;allowed_worker_cores={[0-0 - 10-8]};stream_in1=0)'; 'sub_device_id': 'std::nullopt'; 'transpose_a': 'false'; 'transpose_b': 'false'; 'untilize_out': 'false'; 'user_core_coord': 'std::nullopt'; 'user_fused_activation': 'std::nullopt'; 'user_run_batched': 'false'}",LoFi,98,110,,,55155238213,55155244693,6480,140446167040,140446194404,12552913,12553067,20270,18301,,,,301,18300,238,18137,17884,18230,,,,,,1[1],1[1],3136[3136],256[256],TILE,BFLOAT8_B,DEV_1_L1_HEIGHT_SHARDED,1[1],1[1],256[256],1024[1024],TILE,BFLOAT8_B,DEV_1_DRAM_INTERLEAVED,1[1],1[1],32[1],1024[1024],TILE,BFLOAT8_B,DEV_1_DRAM_INTERLEAVED,1[1],1[1],3136[3136],1024[1024],TILE,BFLOAT8_B,DEV_1_L1_HEIGHT_SHARDED,,,['ttnn/cpp/ttnn/operations/matmul/device/kernels/compute/bmm_large_block_zm_fused_bias_activation.cpp'],['bmm_large_block_zm_fused_bias_activation/16491533063231365984/'],['ttnn/cpp/ttnn/operations/matmul/device/kernels/dataflow/reader_bmm_tile_layout_in1_receiver_writer_padding.cpp'; 'ttnn/cpp/ttnn/operations/matmul/device/kernels/dataflow/reader_bmm_tile_layout_in1_sender_writer_padding.cpp'; 'ttnn/cpp/ttnn/operations/matmul/device/kernels/dataflow/reader_bmm_tile_layout_in0_sender_padding.cpp'],['reader_bmm_tile_layout_in1_receiver_writer_padding/4690206536169904429/'; 'reader_bmm_tile_layout_in1_sender_writer_padding/17372618680625958250/'; 'reader_bmm_tile_layout_in0_sender_padding/2921030653792773466/'],17857041995237843636,False,2440,460,1980,2216,2824,0,0,0,0,2704,2704,476,[296.8994140625; 96.94674682617188],[1187.59765625],14.774,,6480,18303,0.018303,40419,0.040419,162969,0.2,0.0,-,0.0,0.9,18230,0.01823,18.027790048116834,0.0,0.0,0.0,0.0,0.0,17.871134450279236,18.027790048116834,18.137980626877034,14.22903715140926,17.871134450279236,18.027790048116834,18.137980626877034,14.22903715140926,nan,nan,nan,nan,nan,nan,nan,nan,nan,nan,nan,nan,nan,nan,nan,nan,nan,nan,nan,nan,nan,nan,nan,nan,nan,nan,nan,nan,nan,nan,nan,nan,0.9960115828006337,2.2083265038518274
87040,BinaryNgDeviceOperation,tt_dnn_device,0,blackhole,"{'a_shard_volume': '32'; 'b_shard_volume': '32'; 'binary_op_type': 'BinaryOpType::ADD'; 'c_shard_volume': '32'; 'compute_kernel_config': 'std::nullopt'; 'dtype': 'DataType::BFLOAT8_B'; 'equal_nan': 'false'; 'input_layout_a': 'Layout::TILE'; 'input_layout_b': 'Layout::TILE'; 'is_quant_op': 'false'; 'is_sfpu': 'false'; 'is_where_op': 'false'; 'lhs_activations': '{}'; 'memory_config': 'MemoryConfig(memory_layout=TensorMemoryLayout::HEIGHT_SHARDED;buffer_type=BufferType::L1;shard_spec=ShardSpec{grid=[{""start"":{""x"":0;""y"":0};""end"":{""x"":10;""y"":7}; {""start"":{""x"":0;""y"":8};""end"":{""x"":9;""y"":8}]; shape=[32; 1024]; orientation=ShardOrientation::ROW_MAJOR};nd_shard_spec={""shard_shape"":[32; 1024];""grid"":[{""start"":{""x"":0;""y"":0};""end"":{""x"":10;""y"":7}}; {""start"":{""x"":0;""y"":8};""end"":{""x"":9;""y"":8}}];""orientation"":""ShardOrientation::ROW_MAJOR"";""shard_distribution_strategy"":""ShardDistributionStrategy::ROUND_ROBIN_1D""};created_with_nd_shard_spec=0)'; 'output_layout': 'Layout::TILE'; 'post_activations': '{BasicUnaryWithParam<float; int; unsigned int>(base=BasicUnaryWithParam<float>(op_type=UnaryOpType::RELU;param={}))}'; 'rhs_activations': '{}'; 'sub_core_grids': 'std::nullopt'; 'subtile_broadcast_type': 'SubtileBroadcastType::NONE'}",HiFi4,110,110,,,55156435125,55156440475,5350,140447785945,140447788493,1179553,1179937,1887,1279,,,,183,144,256,1167,973,1274,,,,,,1[1],1[1],3136[3136],1024[1024],TILE,BFLOAT8_B,DEV_1_L1_HEIGHT_SHARDED,1[1],1[1],3136[3136],1024[1024],TILE,BFLOAT8_B,DEV_1_L1_HEIGHT_SHARDED,1[1],1[1],3136[3136],1024[1024],TILE,BFLOAT8_B,DEV_1_L1_HEIGHT_SHARDED,1[1],1[1],3136[3136],1024[1024],TILE,BFLOAT8_B,DEV_1_L1_HEIGHT_SHARDED,,,['ttnn/cpp/ttnn/operations/eltwise/binary_ng/device/kernels/compute/eltwise_binary_no_bcast.cpp'],['eltwise_binary_no_bcast/2250846161256338320/'],['ttnn/cpp/ttnn/operations/eltwise/binary_ng/device/kernels_ng/dataflow/writer_interleaved_no_bcast.cpp'; 'ttnn/cpp/ttnn/operations/eltwise/binary_ng/device/kernels_ng/dataflow/reader_interleaved_no_bcast.cpp'],['writer_interleaved_no_bcast/5573464354450148985/'; 'reader_interleaved_no_bcast/244409684600890131/'],7687497871176030684,False,340,532,1836,1200,2824,0,0,0,0,1,1,1,[],[],0.078,,5350,1286,0.001286,1259,0.001259,0,nan,nan,-,0.0,0.0,1287,0.001287,17.48633879781421,0.0,0.0,0.0,0.0,0.0,0.0,17.48633879781421,17.827298050139277,9.02186421173763,0.0,17.48633879781421,17.827298050139277,9.02186421173763,nan,nan,nan,nan,nan,nan,nan,nan,nan,nan,nan,nan,nan,nan,nan,nan,nan,nan,nan,nan,nan,nan,nan,nan,nan,nan,nan,nan,nan,nan,nan,nan,1.0007776049766717,0.97900466562986
88064,MatmulDeviceOperation,tt_dnn_device,0,blackhole,"{'bcast_batch': 'true'; 'compute_kernel_config': 'ComputeKernelConfig(math_fidelity=LoFi;math_approx_mode=1;fp32_dest_acc_en=0;packer_l1_acc=1;dst_full_sync_en=0;throttle_level=ThrottleLevel::NO_THROTTLE)'; 'global_cb': 'std::nullopt'; 'output_dtype': 'DataType::BFLOAT8_B'; 'output_mem_config': 'MemoryConfig(memory_layout=TensorMemoryLayout::HEIGHT_SHARDED;buffer_type=BufferType::L1;shard_spec=ShardSpec{grid=[{""start"":{""x"":0;""y"":0};""end"":{""x"":10;""y"":7}; {""start"":{""x"":0;""y"":8};""end"":{""x"":9;""y"":8}]; shape=[32; 256]; orientation=ShardOrientation::ROW_MAJOR};nd_shard_spec=std::nullopt;created_with_nd_shard_spec=0)'; 'output_tile': 'Tile(tile_shape={32; 32};face_shape={16; 16};num_faces=4)'; 'program_config': 'MatmulMultiCoreReuseMultiCast1DProgramConfig(compute_with_storage_grid_size=11-9;in0_block_w=32;out_subblock_h=1;out_subblock_w=8;out_block_h=1;out_block_w=8;per_core_M=1;per_core_N=8;fuse_batch=1;fused_activation=BasicUnaryWithParam<float>(op_type=UnaryOpType::RELU;param={});mcast_in0=0;gather_in0=0;hop_cores={};num_global_cb_receivers=0;untilize_out=0;allowed_worker_cores={[0-0 - 10-8]};stream_in1=0)'; 'sub_device_id': 'std::nullopt'; 'transpose_a': 'false'; 'transpose_b': 'false'; 'untilize_out': 'false'; 'user_core_coord': 'std::nullopt'; 'user_fused_activation': 'std::nullopt'; 'user_run_batched': 'false'}",LoFi,98,110,,,55168586824,55168593764,6940,140464187060,140464214116,12148931,12148931,20041,18082,,,,280,18074,236,17906,17481,18009,,,,,,1[1],1[1],3136[3136],1024[1024],TILE,BFLOAT8_B,DEV_1_L1_HEIGHT_SHARDED,1[1],1[1],1024[1024],256[256],TILE,BFLOAT8_B,DEV_1_DRAM_INTERLEAVED,1[1],1[1],32[1],256[256],TILE,BFLOAT8_B,DEV_1_DRAM_INTERLEAVED,1[1],1[1],3136[3136],256[256],TILE,BFLOAT8_B,DEV_1_L1_HEIGHT_SHARDED,,,['ttnn/cpp/ttnn/operations/matmul/device/kernels/compute/bmm_large_block_zm_fused_bias_activation.cpp'],['bmm_large_block_zm_fused_bias_activation/5256723043435895160/'],['ttnn/cpp/ttnn/operations/matmul/device/kernels/dataflow/reader_bmm_tile_layout_in1_receiver_writer_padding.cpp'; 'ttnn/cpp/ttnn/operations/matmul/device/kernels/dataflow/reader_bmm_tile_layout_in1_sender_writer_padding.cpp'; 'ttnn/cpp/ttnn/operations/matmul/device/kernels/dataflow/reader_bmm_tile_layout_in0_sender_padding.cpp'],['reader_bmm_tile_layout_in1_receiver_writer_padding/7455865190715862173/'; 'reader_bmm_tile_layout_in1_sender_writer_padding/6877378147804492739/'; 'reader_bmm_tile_layout_in0_sender_padding/9754176694990679169/'],11082174721903927234,False,2436,464,1884,1812,2592,0,0,0,0,2704,2704,476,[1187.59765625; 96.94674682617188],[296.8994140625],14.954,,6940,18082,0.018082,38434,0.038434,154966,0.2,0.0,-,0.0,0.9,18082,0.018082,17.53387147925391,0.0,0.0,0.0,0.0,0.0,17.387613023729678,17.53387147925391,17.653650547366606,13.70311198503407,17.387613023729678,17.53387147925391,17.653650547366606,13.70311198503407,nan,nan,nan,nan,nan,nan,nan,nan,nan,nan,nan,nan,nan,nan,nan,nan,nan,nan,nan,nan,nan,nan,nan,nan,nan,nan,nan,nan,nan,nan,nan,nan,1.0,2.1255392102643516
89088,HaloDeviceOperation,tt_dnn_device,0,blackhole,{'compute_kernel_config': 'ComputeKernelConfig(math_fidelity=LoFi;math_approx_mode=1;fp32_dest_acc_en=0;packer_l1_acc=1;dst_full_sync_en=0;throttle_level=ThrottleLevel::NO_THROTTLE)'; 'config': 'SlidingWindowConfig(batch_size=16; input_hw=(14;14); window_hw=(3;3); stride_hw=(1;1); padding=((1; 1); (1; 1)); output_padding = (0; 0); ceil_pad_hw=(0;0); dilation_hw=(1;1); scale_h=1; scale_w=1; num_cores_nhw=98; num_cores_c=1; core_range_set_={[0-0 - 10-7]; [0-8 - 9-8]}; is_transpose=false)'; 'config_tensors_in_dram': 'false'; 'in_nsticks_per_core': '32'; 'is_out_tiled': 'true'; 'max_out_nsticks_per_core': '104'; 'output_memory_config': 'MemoryConfig(memory_layout=TensorMemoryLayout::INTERLEAVED;buffer_type=BufferType::DRAM;shard_spec=std::nullopt;nd_shard_spec=std::nullopt;created_with_nd_shard_spec=0)'; 'pad_val': '0'; 'parallel_config': 'ParallelConfig(grid={[0-0 - 10-7]; [0-8 - 9-8]}; shard_scheme=HEIGHT_SHARDED; shard_orientation=ROW_MAJOR)'; 'remote_read': 'false'; 'transpose_mcast': 'false'},LoFi,98,110,,,55187097291,55187122871,25580,140489171981,140489178044,18487551,18485755,4491,3421,,,,319,3421,1167,610,592,1117,,,,,,1[1],1[1],3136[3136],256[256],TILE,BFLOAT8_B,DEV_1_L1_HEIGHT_SHARDED,,,,,,,,,,,,,,,1[1],1[1],10192[10192],256[256],ROW_MAJOR,BFLOAT16,DEV_1_L1_HEIGHT_SHARDED,,,['ttnn/cpp/ttnn/operations/sliding_window/halo/device/kernels/compute/pack_untilize.cpp'],['pack_untilize/8211161030105617417/'],['ttnn/cpp/ttnn/operations/sliding_window/halo/device/kernels/dataflow/halo_gather.cpp'],['halo_gather/7223065189574624188/'],5286150502023653246,False,1432,1336,1692,1176,3500,0,0,0,0,1,1,1,[],[],0.029,,25580,3428,0.003428,3290,0.00329,0,7.9,0.0,-,0.0,0.0,3239,0.003239,13.733905579399142,0.0,0.0,0.0,0.0,0.0,10.015649452269171,13.733905579399142,14.849187935034802,1.195486428789265,10.015649452269171,13.733905579399142,14.849187935034802,1.195486428789265,nan,nan,nan,nan,nan,nan,nan,nan,nan,nan,nan,nan,nan,nan,nan,nan,nan,nan,nan,nan,nan,nan,nan,nan,nan,nan,nan,nan,nan,nan,nan,nan,0.9448658109684948,0.9597432905484247
90112,Conv2dDeviceOperation,tt_dnn_device,0,blackhole,"{'activation': 'BasicUnaryWithParam<float>(op_type=UnaryOpType::RELU;param={})'; 'block_config': 'Conv2dBlockConfig(act_block_h_ntiles=1;act_block_w_ntiles=24;out_subblock_h_ntiles=1;out_subblock_w_ntiles=8)'; 'compute_kernel_config': 'ComputeKernelConfig(math_fidelity=LoFi;math_approx_mode=1;fp32_dest_acc_en=0;packer_l1_acc=1;dst_full_sync_en=0;throttle_level=ThrottleLevel::NO_THROTTLE)'; 'config_tensors_in_dram': 'false'; 'dtype': 'DataType::BFLOAT8_B'; 'enable_act_double_buffer': 'true'; 'enable_activation_reuse': 'false'; 'enable_weights_double_buffer': 'true'; 'force_split_reader': 'std::nullopt'; 'full_inner_dim': 'true'; 'groups': '1'; 'has_bias': 'true'; 'input_tensor_shape': '{16; 14; 14; 256}'; 'memory_config': 'MemoryConfig(memory_layout=TensorMemoryLayout::HEIGHT_SHARDED;buffer_type=BufferType::L1;shard_spec=ShardSpec{grid=[{""start"":{""x"":0;""y"":0};""end"":{""x"":10;""y"":7}; {""start"":{""x"":0;""y"":8};""end"":{""x"":9;""y"":8}]; shape=[32; 256]; orientation=ShardOrientation::ROW_MAJOR};nd_shard_spec=std::nullopt;created_with_nd_shard_spec=0)'; 'output_channels': '256'; 'parallelization_config': 'Conv2dParallelizationConfig(grid_size=11-9;num_cores_nhw=98;num_cores_c_in=1;num_cores_c_out=1;per_core_out_matrix_height_ntile=1;per_core_out_matrix_width_ntile=8)'; 'sliding_window_config': 'SlidingWindowConfig(batch_size=16; input_hw=(14;14); window_hw=(3;3); stride_hw=(1;1); padding=((1; 1); (1; 1)); output_padding = (0; 0); ceil_pad_hw=(0;0); dilation_hw=(1;1); scale_h=1; scale_w=1; num_cores_nhw=98; num_cores_c=1; core_range_set_={[0-0 - 10-7]; [0-8 - 9-8]}; is_transpose=false)'; 'untilize_out': 'false'}",LoFi,99,110,,,55187340899,55187349179,8280,140489511371,140489557936,249354,249354,34493,32019,,,,377,30510,2530,31879,31500,32012,,,,,,1[1],1[1],10192[10192],256[256],ROW_MAJOR,BFLOAT16,DEV_1_L1_HEIGHT_SHARDED,1[1],1[1],2304[2304],256[256],TILE,BFLOAT8_B,DEV_1_DRAM_INTERLEAVED,1[1],1[1],32[1],256[256],TILE,BFLOAT8_B,DEV_1_DRAM_INTERLEAVED,1[1],1[1],3136[3136],256[256],TILE,BFLOAT8_B,DEV_1_L1_HEIGHT_SHARDED,,,['ttnn/cpp/ttnn/operations/conv/conv2d/device/kernels/conv_bmm_tilize.cpp'],['conv_bmm_tilize/11791322773847033799/'],['ttnn/cpp/ttnn/operations/conv/conv2d/device/kernels/reader_conv_activations_padded_with_halo_3x3_weights_v2.cpp'; 'ttnn/cpp/ttnn/operations/conv/conv2d/device/kernels/reader_writer_tiled_out_1d_mcast_receiver_conv_weights_tiled_col_to_rm_blocks.cpp'; 'ttnn/cpp/ttnn/operations/conv/conv2d/device/kernels/reader_writer_tiled_out_1d_mcast_sender_conv_weights_tiled_col_to_rm_blocks.cpp'],['reader_conv_activations_padded_with_halo_3x3_weights_v2/17519351700392412478/'; 'reader_writer_tiled_out_1d_mcast_receiver_conv_weights_tiled_col_to_rm_blocks/18203437059067230585/'; 'reader_writer_tiled_out_1d_mcast_sender_conv_weights_tiled_col_to_rm_blocks/13522496476403757713/'],10766706559680465995,False,1976,748,2960,2744,4912,0,0,0,0,6083,6083,1072,[857.8504028320312; 96.96268463134766; 1.3467038869857788],[131.97698974609375],18.998,,8280,32019,0.032019,66341,0.066341,416091,0.3,0.1,-,0.0,1.4,32083,0.032083,23.11723877425752,0.0,0.0,0.0,0.0,0.0,0.0,23.11723877425752,23.505689183350135,18.463243442925748,0.0,23.11723877425752,23.505689183350135,18.463243442925748,nan,nan,nan,nan,nan,nan,nan,nan,nan,nan,nan,nan,nan,nan,nan,nan,nan,nan,nan,nan,nan,nan,nan,nan,nan,nan,nan,nan,nan,nan,nan,nan,1.0019988132046598,2.0719260439114278
91136,MatmulDeviceOperation,tt_dnn_device,0,blackhole,"{'bcast_batch': 'true'; 'compute_kernel_config': 'ComputeKernelConfig(math_fidelity=LoFi;math_approx_mode=1;fp32_dest_acc_en=0;packer_l1_acc=1;dst_full_sync_en=0;throttle_level=ThrottleLevel::NO_THROTTLE)'; 'global_cb': 'std::nullopt'; 'output_dtype': 'DataType::BFLOAT8_B'; 'output_mem_config': 'MemoryConfig(memory_layout=TensorMemoryLayout::HEIGHT_SHARDED;buffer_type=BufferType::L1;shard_spec=ShardSpec{grid=[{""start"":{""x"":0;""y"":0};""end"":{""x"":10;""y"":7}; {""start"":{""x"":0;""y"":8};""end"":{""x"":9;""y"":8}]; shape=[32; 1024]; orientation=ShardOrientation::ROW_MAJOR};nd_shard_spec=std::nullopt;created_with_nd_shard_spec=0)'; 'output_tile': 'Tile(tile_shape={32; 32};face_shape={16; 16};num_faces=4)'; 'program_config': 'MatmulMultiCoreReuseMultiCast1DProgramConfig(compute_with_storage_grid_size=11-9;in0_block_w=8;out_subblock_h=1;out_subblock_w=8;out_block_h=1;out_block_w=32;per_core_M=1;per_core_N=32;fuse_batch=1;fused_activation=std::nullopt;mcast_in0=0;gather_in0=0;hop_cores={};num_global_cb_receivers=0;untilize_out=0;allowed_worker_cores={[0-0 - 10-8]};stream_in1=0)'; 'sub_device_id': 'std::nullopt'; 'transpose_a': 'false'; 'transpose_b': 'false'; 'untilize_out': 'false'; 'user_core_coord': 'std::nullopt'; 'user_fused_activation': 'std::nullopt'; 'user_run_batched': 'false'}",LoFi,98,110,,,55199995515,55200003355,7840,140506588058,140506615342,12616679,12617014,20210,18252,,,,287,18249,248,18092,17831,18177,,,,,,1[1],1[1],3136[3136],256[256],TILE,BFLOAT8_B,DEV_1_L1_HEIGHT_SHARDED,1[1],1[1],256[256],1024[1024],TILE,BFLOAT8_B,DEV_1_DRAM_INTERLEAVED,1[1],1[1],32[1],1024[1024],TILE,BFLOAT8_B,DEV_1_DRAM_INTERLEAVED,1[1],1[1],3136[3136],1024[1024],TILE,BFLOAT8_B,DEV_1_L1_HEIGHT_SHARDED,,,['ttnn/cpp/ttnn/operations/matmul/device/kernels/compute/bmm_large_block_zm_fused_bias_activation.cpp'],['bmm_large_block_zm_fused_bias_activation/16491533063231365984/'],['ttnn/cpp/ttnn/operations/matmul/device/kernels/dataflow/reader_bmm_tile_layout_in1_receiver_writer_padding.cpp'; 'ttnn/cpp/ttnn/operations/matmul/device/kernels/dataflow/reader_bmm_tile_layout_in1_sender_writer_padding.cpp'; 'ttnn/cpp/ttnn/operations/matmul/device/kernels/dataflow/reader_bmm_tile_layout_in0_sender_padding.cpp'],['reader_bmm_tile_layout_in1_receiver_writer_padding/4690206536169904429/'; 'reader_bmm_tile_layout_in1_sender_writer_padding/17372618680625958250/'; 'reader_bmm_tile_layout_in0_sender_padding/2921030653792773466/'],17857041995237843636,False,2440,460,1980,2216,2824,0,0,0,0,2704,2704,476,[296.8994140625; 96.94674682617188],[1187.59765625],14.814,,7840,18253,0.018253,40346,0.040346,162675,0.2,0.0,-,0.0,0.9,18258,0.018258,17.996768692537316,0.0,0.0,0.0,0.0,0.0,17.857142857142858,17.996768692537316,18.111167426930226,14.209165043816943,17.857142857142858,17.996768692537316,18.111167426930226,14.209165043816943,nan,nan,nan,nan,nan,nan,nan,nan,nan,nan,nan,nan,nan,nan,nan,nan,nan,nan,nan,nan,nan,nan,nan,nan,nan,nan,nan,nan,nan,nan,nan,nan,1.0002739275735497,2.210376376486057
92160,BinaryNgDeviceOperation,tt_dnn_device,0,blackhole,"{'a_shard_volume': '32'; 'b_shard_volume': '32'; 'binary_op_type': 'BinaryOpType::ADD'; 'c_shard_volume': '32'; 'compute_kernel_config': 'std::nullopt'; 'dtype': 'DataType::BFLOAT8_B'; 'equal_nan': 'false'; 'input_layout_a': 'Layout::TILE'; 'input_layout_b': 'Layout::TILE'; 'is_quant_op': 'false'; 'is_sfpu': 'false'; 'is_where_op': 'false'; 'lhs_activations': '{}'; 'memory_config': 'MemoryConfig(memory_layout=TensorMemoryLayout::HEIGHT_SHARDED;buffer_type=BufferType::L1;shard_spec=ShardSpec{grid=[{""start"":{""x"":0;""y"":0};""end"":{""x"":10;""y"":7}; {""start"":{""x"":0;""y"":8};""end"":{""x"":9;""y"":8}]; shape=[32; 1024]; orientation=ShardOrientation::ROW_MAJOR};nd_shard_spec={""shard_shape"":[32; 1024];""grid"":[{""start"":{""x"":0;""y"":0};""end"":{""x"":10;""y"":7}}; {""start"":{""x"":0;""y"":8};""end"":{""x"":9;""y"":8}}];""orientation"":""ShardOrientation::ROW_MAJOR"";""shard_distribution_strategy"":""ShardDistributionStrategy::ROUND_ROBIN_1D""};created_with_nd_shard_spec=0)'; 'output_layout': 'Layout::TILE'; 'post_activations': '{BasicUnaryWithParam<float; int; unsigned int>(base=BasicUnaryWithParam<float>(op_type=UnaryOpType::RELU;param={}))}'; 'rhs_activations': '{}'; 'sub_core_grids': 'std::nullopt'; 'subtile_broadcast_type': 'SubtileBroadcastType::NONE'}",HiFi4,110,110,,,55201196837,55201204717,7880,140508211761,140508214357,1183491,1183491,1923,1293,,,,177,136,267,1171,978,1280,,,,,,1[1],1[1],3136[3136],1024[1024],TILE,BFLOAT8_B,DEV_1_L1_HEIGHT_SHARDED,1[1],1[1],3136[3136],1024[1024],TILE,BFLOAT8_B,DEV_1_L1_HEIGHT_SHARDED,1[1],1[1],3136[3136],1024[1024],TILE,BFLOAT8_B,DEV_1_L1_HEIGHT_SHARDED,1[1],1[1],3136[3136],1024[1024],TILE,BFLOAT8_B,DEV_1_L1_HEIGHT_SHARDED,,,['ttnn/cpp/ttnn/operations/eltwise/binary_ng/device/kernels/compute/eltwise_binary_no_bcast.cpp'],['eltwise_binary_no_bcast/2250846161256338320/'],['ttnn/cpp/ttnn/operations/eltwise/binary_ng/device/kernels_ng/dataflow/writer_interleaved_no_bcast.cpp'; 'ttnn/cpp/ttnn/operations/eltwise/binary_ng/device/kernels_ng/dataflow/reader_interleaved_no_bcast.cpp'],['writer_interleaved_no_bcast/5573464354450148985/'; 'reader_interleaved_no_bcast/244409684600890131/'],7687497871176030684,False,340,532,1836,1200,2824,0,0,0,0,1,1,1,[],[],0.077,,7880,1293,0.001293,1256,0.001256,0,nan,nan,-,0.0,0.0,1286,0.001286,17.574374390476862,0.0,0.0,0.0,0.0,0.0,0.0,17.574374390476862,18.268315889628926,9.03225806451613,0.0,17.574374390476862,18.268315889628926,9.03225806451613,nan,nan,nan,nan,nan,nan,nan,nan,nan,nan,nan,nan,nan,nan,nan,nan,nan,nan,nan,nan,nan,nan,nan,nan,nan,nan,nan,nan,nan,nan,nan,nan,0.9945862335653518,0.9713843774168599
93184,ReshardDeviceOperation,tt_dnn_device,0,blackhole,"{'output_mem_config': 'MemoryConfig(memory_layout=TensorMemoryLayout::BLOCK_SHARDED;buffer_type=BufferType::L1;shard_spec=ShardSpec{grid=[{""start"":{""x"":0;""y"":0};""end"":{""x"":7;""y"":9}]; shape=[320; 128]; orientation=ShardOrientation::ROW_MAJOR};nd_shard_spec=std::nullopt;created_with_nd_shard_spec=0)'}",,80,110,,,55223693998,55223761957,67959,140538587373,140538592329,22498887,22498887,3671,3077,,,,159,1921,3077,,,,,,,,,1[1],1[1],3136[3136],1024[1024],TILE,BFLOAT8_B,DEV_1_L1_HEIGHT_SHARDED,,,,,,,,,,,,,,,1[1],1[1],3136[3136],1024[1024],TILE,BFLOAT8_B,DEV_1_L1_BLOCK_SHARDED,,,[],[],['ttnn/cpp/ttnn/operations/data_movement/sharded/device/kernels/dataflow/reshard_reader.cpp'],['reshard_reader/8868068512433180695/'],6956993661483947964,False,1068,1056,0,0,0,0,0,0,0,1,1,1,[],[],0.032,,67959,3077,0.003077,3148,0.003148,0,26.6,0.0,-,55.63,0.0,3010,0.00301,0.0,0.0,0.0,0.0,0.0,0.0,0.0,0.0,0.0,0.0,0.0,0.0,0.0,0.0,nan,nan,nan,nan,nan,nan,nan,nan,nan,nan,nan,nan,nan,nan,nan,nan,nan,nan,nan,nan,nan,nan,nan,nan,nan,nan,nan,nan,nan,nan,nan,nan,0.9782255443613911,1.0230744231394215
94208,MatmulDeviceOperation,tt_dnn_device,0,blackhole,"{'bcast_batch': 'true'; 'compute_kernel_config': 'ComputeKernelConfig(math_fidelity=LoFi;math_approx_mode=1;fp32_dest_acc_en=0;packer_l1_acc=1;dst_full_sync_en=0;throttle_level=ThrottleLevel::NO_THROTTLE)'; 'global_cb': 'std::nullopt'; 'output_dtype': 'DataType::BFLOAT8_B'; 'output_mem_config': 'MemoryConfig(memory_layout=TensorMemoryLayout::BLOCK_SHARDED;buffer_type=BufferType::L1;shard_spec=ShardSpec{grid=[{""start"":{""x"":0;""y"":0};""end"":{""x"":7;""y"":9}]; shape=[320; 64]; orientation=ShardOrientation::ROW_MAJOR};nd_shard_spec=std::nullopt;created_with_nd_shard_spec=0)'; 'output_tile': 'Tile(tile_shape={32; 32};face_shape={16; 16};num_faces=4)'; 'program_config': 'MatmulMultiCoreReuseMultiCastProgramConfig(compute_with_storage_grid_size=8-10;in0_block_w=4;out_subblock_h=2;out_subblock_w=2;out_block_h=10;out_block_w=2;per_core_M=10;per_core_N=2;transpose_mcast=0;fused_activation=BasicUnaryWithParam<float>(op_type=UnaryOpType::RELU;param={});fuse_batch=1;allowed_worker_cores={[0-0 - 7-9]})'; 'sub_device_id': 'std::nullopt'; 'transpose_a': 'false'; 'transpose_b': 'false'; 'untilize_out': 'false'; 'user_core_coord': 'std::nullopt'; 'user_fused_activation': 'std::nullopt'; 'user_run_batched': 'false'}",LoFi,80,110,,,55452569796,55452718695,148899,140847563681,140847582084,228868652,228867985,13632,12657,,,,202,12657,10481,12549,12322,12588,,,,,,1[1],1[1],3136[3136],1024[1024],TILE,BFLOAT8_B,DEV_1_L1_BLOCK_SHARDED,1[1],1[1],1024[1024],512[512],TILE,BFLOAT8_B,DEV_1_DRAM_INTERLEAVED,1[1],1[1],32[1],512[512],TILE,BFLOAT8_B,DEV_1_DRAM_INTERLEAVED,1[1],1[1],3136[3136],512[512],TILE,BFLOAT8_B,DEV_1_L1_BLOCK_SHARDED,,,['ttnn/cpp/ttnn/operations/matmul/device/kernels/compute/bmm_large_block_zm_fused_bias_activation.cpp'],['bmm_large_block_zm_fused_bias_activation/13806460393420430177/'],['ttnn/cpp/ttnn/operations/matmul/device/kernels/dataflow/reader_bmm_tile_layout_in1_receiver_writer_padding.cpp'; 'ttnn/cpp/ttnn/operations/matmul/device/kernels/dataflow/reader_bmm_tile_layout_in1_sender_writer_padding.cpp'; 'ttnn/cpp/ttnn/operations/matmul/device/kernels/dataflow/reader_bmm_tile_layout_in0_sender_receiver_padding_block_sharded.cpp'],['reader_bmm_tile_layout_in1_receiver_writer_padding/518555743366131728/'; 'reader_bmm_tile_layout_in1_sender_writer_padding/2132987922710828696/'; 'reader_bmm_tile_layout_in0_sender_receiver_padding_block_sharded/14628179847041205599/'],12915763567653573015,False,2272,1396,2388,2176,3580,0,0,0,0,5407,5407,953,[593.9086303710938; 96.96467590332031],[296.9543151855469],42.709,,148899,12660,0.01266,17115,0.017115,682409,2.3,1.1,-,0.0,8.9,12616,0.012616,63.08348567946375,0.0,0.0,0.0,0.0,0.0,62.83841204321961,63.08348567946375,63.72422283779624,40.52159787054978,62.83841204321961,63.08348567946375,63.72422283779624,40.52159787054978,nan,nan,nan,nan,nan,nan,nan,nan,nan,nan,nan,nan,nan,nan,nan,nan,nan,nan,nan,nan,nan,nan,nan,nan,nan,nan,nan,nan,nan,nan,nan,nan,0.99652448657188,1.3518957345971563
95232,HaloDeviceOperation,tt_dnn_device,0,blackhole,{'compute_kernel_config': 'ComputeKernelConfig(math_fidelity=LoFi;math_approx_mode=1;fp32_dest_acc_en=0;packer_l1_acc=1;dst_full_sync_en=0;throttle_level=ThrottleLevel::NO_THROTTLE)'; 'config': 'SlidingWindowConfig(batch_size=16; input_hw=(14;14); window_hw=(3;3); stride_hw=(2;2); padding=((1; 1); (1; 1)); output_padding = (0; 0); ceil_pad_hw=(0;0); dilation_hw=(1;1); scale_h=1; scale_w=1; num_cores_nhw=10; num_cores_c=1; core_range_set_={[0-0 - 7-9]}; is_transpose=false)'; 'config_tensors_in_dram': 'false'; 'in_nsticks_per_core': '320'; 'is_out_tiled': 'true'; 'max_out_nsticks_per_core': '541'; 'output_memory_config': 'MemoryConfig(memory_layout=TensorMemoryLayout::INTERLEAVED;buffer_type=BufferType::DRAM;shard_spec=std::nullopt;nd_shard_spec=std::nullopt;created_with_nd_shard_spec=0)'; 'pad_val': '0'; 'parallel_config': 'ParallelConfig(grid={[0-0 - 7-9]}; shard_scheme=BLOCK_SHARDED; shard_orientation=ROW_MAJOR)'; 'remote_read': 'false'; 'transpose_mcast': 'false'},LoFi,80,110,,,55659864838,55659973398,108560,141127406142,141127412568,207253669,207257146,4760,4107,,,,273,4002,4098,3030,3574,4099,,,,,,1[1],1[1],3136[3136],512[512],TILE,BFLOAT8_B,DEV_1_L1_BLOCK_SHARDED,,,,,,,,,,,,,,,1[1],1[1],5410[5410],512[512],ROW_MAJOR,BFLOAT16,DEV_1_L1_BLOCK_SHARDED,,,['ttnn/cpp/ttnn/operations/sliding_window/halo/device/kernels/compute/pack_untilize.cpp'],['pack_untilize/2118482223586392099/'],['ttnn/cpp/ttnn/operations/sliding_window/halo/device/kernels/dataflow/halo_gather.cpp'],['halo_gather/9381069375882425469/'],2631810467942841035,False,1536,1428,1448,1056,3076,0,0,0,0,1,1,1,[],[],0.024,,108560,4161,0.004161,6643,0.006643,0,5.1,0.0,-,0.0,0.0,4164,0.004164,4.573409613474335,0.0,0.0,0.0,0.0,0.0,3.346580213344488,4.573409613474335,8.60215053763441,1.8593620301197675,3.346580213344488,4.573409613474335,8.60215053763441,1.8593620301197675,nan,nan,nan,nan,nan,nan,nan,nan,nan,nan,nan,nan,nan,nan,nan,nan,nan,nan,nan,nan,nan,nan,nan,nan,nan,nan,nan,nan,nan,nan,nan,nan,1.0007209805335258,1.5964912280701755
96256,Conv2dDeviceOperation,tt_dnn_device,0,blackhole,"{'activation': 'BasicUnaryWithParam<float>(op_type=UnaryOpType::RELU;param={})'; 'block_config': 'Conv2dBlockConfig(act_block_h_ntiles=3;act_block_w_ntiles=18;out_subblock_h_ntiles=3;out_subblock_w_ntiles=2)'; 'compute_kernel_config': 'ComputeKernelConfig(math_fidelity=LoFi;math_approx_mode=1;fp32_dest_acc_en=0;packer_l1_acc=1;dst_full_sync_en=0;throttle_level=ThrottleLevel::NO_THROTTLE)'; 'config_tensors_in_dram': 'false'; 'dtype': 'DataType::BFLOAT8_B'; 'enable_act_double_buffer': 'true'; 'enable_activation_reuse': 'false'; 'enable_weights_double_buffer': 'true'; 'force_split_reader': 'std::nullopt'; 'full_inner_dim': 'true'; 'groups': '1'; 'has_bias': 'true'; 'input_tensor_shape': '{16; 14; 14; 512}'; 'memory_config': 'MemoryConfig(memory_layout=TensorMemoryLayout::BLOCK_SHARDED;buffer_type=BufferType::L1;shard_spec=ShardSpec{grid=[{""start"":{""x"":0;""y"":0};""end"":{""x"":7;""y"":9}]; shape=[96; 64]; orientation=ShardOrientation::ROW_MAJOR};nd_shard_spec=std::nullopt;created_with_nd_shard_spec=0)'; 'output_channels': '512'; 'parallelization_config': 'Conv2dParallelizationConfig(grid_size=8-10;num_cores_nhw=10;num_cores_c_in=8;num_cores_c_out=8;per_core_out_matrix_height_ntile=3;per_core_out_matrix_width_ntile=2)'; 'sliding_window_config': 'SlidingWindowConfig(batch_size=16; input_hw=(14;14); window_hw=(3;3); stride_hw=(2;2); padding=((1; 1); (1; 1)); output_padding = (0; 0); ceil_pad_hw=(0;0); dilation_hw=(1;1); scale_h=1; scale_w=1; num_cores_nhw=10; num_cores_c=1; core_range_set_={[0-0 - 7-9]}; is_transpose=false)'; 'untilize_out': 'false'}",LoFi,80,110,,,55909973836,55910144155,170319,141465050052,141465082130,250101205,250100396,23761,22742,,,,291,21306,19680,22647,22304,22743,,,,,,1[1],1[1],5410[5410],512[512],ROW_MAJOR,BFLOAT16,DEV_1_L1_BLOCK_SHARDED,1[1],1[1],4608[4608],512[512],TILE,BFLOAT8_B,DEV_1_DRAM_INTERLEAVED,1[1],1[1],32[1],512[512],TILE,BFLOAT8_B,DEV_1_DRAM_INTERLEAVED,1[1],1[1],800[784],512[512],TILE,BFLOAT8_B,DEV_1_L1_BLOCK_SHARDED,,,['ttnn/cpp/ttnn/operations/conv/conv2d/device/kernels/conv_bmm_tilize.cpp'],['conv_bmm_tilize/6432495689486675741/'],['ttnn/cpp/ttnn/operations/conv/conv2d/device/kernels/reader_conv_activations_2d_mcast_padded_with_halo_3x3_weights_v2.cpp'; 'ttnn/cpp/ttnn/operations/conv/conv2d/device/kernels/writer_tiled_out_2d_mcast_receiver_conv_weights_tiled_col_to_rm_blocks.cpp'; 'ttnn/cpp/ttnn/operations/conv/conv2d/device/kernels/writer_tiled_out_2d_mcast_sender_conv_weights_tiled_col_to_rm_blocks.cpp'],['reader_conv_activations_2d_mcast_padded_with_halo_3x3_weights_v2/493157213065363698/'; 'writer_tiled_out_2d_mcast_receiver_conv_weights_tiled_col_to_rm_blocks/4489700778307871451/'; 'writer_tiled_out_2d_mcast_sender_conv_weights_tiled_col_to_rm_blocks/17153469970660474744/'],6555611403240192567,False,2556,2472,3592,2760,5128,0,0,0,0,6083,6083,4291,[910.7085571289062; 387.8507385253906; 2.6934077739715576],[67.33519744873047],26.741,,170319,22748,0.022748,42459,0.042459,1521731,2.4,1.1,-,0.0,8.0,22715,0.022715,47.88751255440241,0.0,0.0,0.0,0.0,0.0,47.735691640246955,47.88751255440241,48.56880920851584,31.097342246861242,47.735691640246955,47.88751255440241,48.56880920851584,31.097342246861242,nan,nan,nan,nan,nan,nan,nan,nan,nan,nan,nan,nan,nan,nan,nan,nan,nan,nan,nan,nan,nan,nan,nan,nan,nan,nan,nan,nan,nan,nan,nan,nan,0.9985493230174081,1.8664937576929839
97280,MatmulDeviceOperation,tt_dnn_device,0,blackhole,"{'bcast_batch': 'true'; 'compute_kernel_config': 'ComputeKernelConfig(math_fidelity=LoFi;math_approx_mode=1;fp32_dest_acc_en=0;packer_l1_acc=1;dst_full_sync_en=0;throttle_level=ThrottleLevel::NO_THROTTLE)'; 'global_cb': 'std::nullopt'; 'output_dtype': 'DataType::BFLOAT8_B'; 'output_mem_config': 'MemoryConfig(memory_layout=TensorMemoryLayout::BLOCK_SHARDED;buffer_type=BufferType::L1;shard_spec=ShardSpec{grid=[{""start"":{""x"":0;""y"":0};""end"":{""x"":7;""y"":9}]; shape=[96; 256]; orientation=ShardOrientation::ROW_MAJOR};nd_shard_spec=std::nullopt;created_with_nd_shard_spec=0)'; 'output_tile': 'Tile(tile_shape={32; 32};face_shape={16; 16};num_faces=4)'; 'program_config': 'MatmulMultiCoreReuseMultiCastProgramConfig(compute_with_storage_grid_size=8-10;in0_block_w=2;out_subblock_h=1;out_subblock_w=8;out_block_h=3;out_block_w=8;per_core_M=3;per_core_N=8;transpose_mcast=0;fused_activation=std::nullopt;fuse_batch=1;allowed_worker_cores={[0-0 - 7-9]})'; 'sub_device_id': 'std::nullopt'; 'transpose_a': 'false'; 'transpose_b': 'false'; 'untilize_out': 'false'; 'user_core_coord': 'std::nullopt'; 'user_fused_activation': 'std::nullopt'; 'user_run_batched': 'false'}",LoFi,72,110,,,56170307755,56170465654,157899,141816494373,141816512622,260297157,260300997,13518,12559,,,,241,12557,9387,12357,12137,12478,,,,,,1[1],1[1],800[784],512[512],TILE,BFLOAT8_B,DEV_1_L1_BLOCK_SHARDED,1[1],1[1],512[512],2048[2048],TILE,BFLOAT8_B,DEV_1_DRAM_INTERLEAVED,1[1],1[1],32[1],2048[2048],TILE,BFLOAT8_B,DEV_1_DRAM_INTERLEAVED,1[1],1[1],800[784],2048[2048],TILE,BFLOAT8_B,DEV_1_L1_BLOCK_SHARDED,,,['ttnn/cpp/ttnn/operations/matmul/device/kernels/compute/bmm_large_block_zm_fused_bias_activation.cpp'],['bmm_large_block_zm_fused_bias_activation/10595141528417224140/'],['ttnn/cpp/ttnn/operations/matmul/device/kernels/dataflow/reader_bmm_tile_layout_in1_receiver_writer_padding.cpp'; 'ttnn/cpp/ttnn/operations/matmul/device/kernels/dataflow/reader_bmm_tile_layout_in1_sender_writer_padding.cpp'; 'ttnn/cpp/ttnn/operations/matmul/device/kernels/dataflow/reader_bmm_tile_layout_in0_sender_receiver_padding_block_sharded.cpp'],['reader_bmm_tile_layout_in1_receiver_writer_padding/16513571940762494230/'; 'reader_bmm_tile_layout_in1_sender_writer_padding/14462539877681030184/'; 'reader_bmm_tile_layout_in0_sender_receiver_padding_block_sharded/5991360554630260582/'],5109335267690455248,False,2404,1140,2300,2308,4536,0,0,0,0,2704,2704,1907,[151.4792938232422; 387.7869873046875],[605.9171752929688],21.522,,157899,12564,0.012564,25519,0.025519,880303,1.9,0.6,-,0.0,7.7,12576,0.012576,38.80643181199153,0.0,0.0,0.0,0.0,0.0,38.54422604422604,38.80643181199153,39.14914852473333,22.1779957196992,38.54422604422604,38.80643181199153,39.14914852473333,22.1779957196992,nan,nan,nan,nan,nan,nan,nan,nan,nan,nan,nan,nan,nan,nan,nan,nan,nan,nan,nan,nan,nan,nan,nan,nan,nan,nan,nan,nan,nan,nan,nan,nan,1.0009551098376313,2.0311206622094873
98304,HaloDeviceOperation,tt_dnn_device,0,blackhole,{'compute_kernel_config': 'ComputeKernelConfig(math_fidelity=LoFi;math_approx_mode=1;fp32_dest_acc_en=0;packer_l1_acc=1;dst_full_sync_en=0;throttle_level=ThrottleLevel::NO_THROTTLE)'; 'config': 'SlidingWindowConfig(batch_size=16; input_hw=(14;14); window_hw=(1;1); stride_hw=(2;2); padding=((0; 0); (0; 0)); output_padding = (0; 0); ceil_pad_hw=(0;0); dilation_hw=(1;1); scale_h=1; scale_w=1; num_cores_nhw=10; num_cores_c=1; core_range_set_={[0-0 - 7-9]}; is_transpose=false)'; 'config_tensors_in_dram': 'false'; 'in_nsticks_per_core': '320'; 'is_out_tiled': 'true'; 'max_out_nsticks_per_core': '387'; 'output_memory_config': 'MemoryConfig(memory_layout=TensorMemoryLayout::INTERLEAVED;buffer_type=BufferType::DRAM;shard_spec=std::nullopt;nd_shard_spec=std::nullopt;created_with_nd_shard_spec=0)'; 'pad_val': '0'; 'parallel_config': 'ParallelConfig(grid={[0-0 - 7-9]}; shard_scheme=BLOCK_SHARDED; shard_orientation=ROW_MAJOR)'; 'remote_read': 'false'; 'transpose_mcast': 'false'},LoFi,80,110,,,56381772000,56381885489,113489,142101965925,142101974353,211450216,211439138,6243,5622,,,,295,5423,5622,5086,5261,5566,,,,,,1[1],1[1],3136[3136],1024[1024],TILE,BFLOAT8_B,DEV_1_L1_BLOCK_SHARDED,,,,,,,,,,,,,,,1[1],1[1],3870[3870],1024[1024],ROW_MAJOR,BFLOAT16,DEV_1_L1_BLOCK_SHARDED,,,['ttnn/cpp/ttnn/operations/sliding_window/halo/device/kernels/compute/pack_untilize.cpp'],['pack_untilize/13510657640706263669/'],['ttnn/cpp/ttnn/operations/sliding_window/halo/device/kernels/dataflow/halo_gather.cpp'],['halo_gather/3420174542350862781/'],11050799640889559795,False,1268,1168,1488,1248,3092,0,0,0,0,1,1,1,[],[],0.018,,113489,5666,0.005666,6001,0.006001,0,7.7,0.0,-,0.0,0.0,5573,0.005573,8.483679964868749,0.0,0.0,0.0,0.0,0.0,4.61960444636928,8.483679964868749,15.8494304110946,2.77866383129541,4.61960444636928,8.483679964868749,15.8494304110946,2.77866383129541,nan,nan,nan,nan,nan,nan,nan,nan,nan,nan,nan,nan,nan,nan,nan,nan,nan,nan,nan,nan,nan,nan,nan,nan,nan,nan,nan,nan,nan,nan,nan,nan,0.9835863042710907,1.0591246028944583
99328,Conv2dDeviceOperation,tt_dnn_device,0,blackhole,"{'activation': 'std::nullopt'; 'block_config': 'Conv2dBlockConfig(act_block_h_ntiles=3;act_block_w_ntiles=4;out_subblock_h_ntiles=1;out_subblock_w_ntiles=6)'; 'compute_kernel_config': 'ComputeKernelConfig(math_fidelity=LoFi;math_approx_mode=1;fp32_dest_acc_en=0;packer_l1_acc=1;dst_full_sync_en=0;throttle_level=ThrottleLevel::NO_THROTTLE)'; 'config_tensors_in_dram': 'false'; 'dtype': 'DataType::BFLOAT8_B'; 'enable_act_double_buffer': 'true'; 'enable_activation_reuse': 'false'; 'enable_weights_double_buffer': 'true'; 'force_split_reader': 'std::nullopt'; 'full_inner_dim': 'true'; 'groups': '1'; 'has_bias': 'true'; 'input_tensor_shape': '{16; 14; 14; 1024}'; 'memory_config': 'MemoryConfig(memory_layout=TensorMemoryLayout::BLOCK_SHARDED;buffer_type=BufferType::L1;shard_spec=ShardSpec{grid=[{""start"":{""x"":0;""y"":0};""end"":{""x"":10;""y"":9}]; shape=[96; 192]; orientation=ShardOrientation::ROW_MAJOR};nd_shard_spec=std::nullopt;created_with_nd_shard_spec=0)'; 'output_channels': '2048'; 'parallelization_config': 'Conv2dParallelizationConfig(grid_size=11-10;num_cores_nhw=10;num_cores_c_in=8;num_cores_c_out=11;per_core_out_matrix_height_ntile=3;per_core_out_matrix_width_ntile=6)'; 'sliding_window_config': 'SlidingWindowConfig(batch_size=16; input_hw=(14;14); window_hw=(1;1); stride_hw=(2;2); padding=((0; 0); (0; 0)); output_padding = (0; 0); ceil_pad_hw=(0;0); dilation_hw=(1;1); scale_h=1; scale_w=1; num_cores_nhw=10; num_cores_c=1; core_range_set_={[0-0 - 7-9]}; is_transpose=false)'; 'untilize_out': 'false'}",LoFi,110,110,,,56630473037,56630626616,153579,142437711713,142437732218,248694700,248697312,15189,14149,,,,313,13014,11572,14046,13887,14150,,,,,,1[1],1[1],3870[3870],1024[1024],ROW_MAJOR,BFLOAT16,DEV_1_L1_BLOCK_SHARDED,1[1],1[1],1024[1024],2112[2048],TILE,BFLOAT8_B,DEV_1_DRAM_INTERLEAVED,1[1],1[1],32[1],2112[2048],TILE,BFLOAT8_B,DEV_1_DRAM_INTERLEAVED,1[1],1[1],800[784],2048[2048],TILE,BFLOAT8_B,DEV_1_L1_BLOCK_SHARDED,,,['ttnn/cpp/ttnn/operations/conv/conv2d/device/kernels/conv_bmm_tilize.cpp'],['conv_bmm_tilize/1927762239748626650/'],['ttnn/cpp/ttnn/operations/conv/conv2d/device/kernels/reader_conv_activations_2d_mcast_padded_with_halo_3x3_weights_v2.cpp'; 'ttnn/cpp/ttnn/operations/conv/conv2d/device/kernels/writer_tiled_out_2d_mcast_receiver_conv_weights_tiled_col_to_rm_blocks.cpp'; 'ttnn/cpp/ttnn/operations/conv/conv2d/device/kernels/writer_tiled_out_2d_mcast_sender_conv_weights_tiled_col_to_rm_blocks.cpp'],['reader_conv_activations_2d_mcast_padded_with_halo_3x3_weights_v2/8142968304764793891/'; 'writer_tiled_out_2d_mcast_receiver_conv_weights_tiled_col_to_rm_blocks/397120086396992278/'; 'writer_tiled_out_2d_mcast_sender_conv_weights_tiled_col_to_rm_blocks/6444061998333674595/'],5261083422176477882,False,2432,1804,3408,2872,5152,0,0,0,0,5407,5407,3933,[1465.8331298828125; 399.9792785644531; 12.49935245513916],[303.0146179199219],38.193,,153579,14157,0.014157,28102,0.028102,1737378,3.0,0.7,-,0.0,13.8,14162,0.014162,50.819716741477535,0.0,0.0,0.0,0.0,0.0,50.37211543609787,50.819716741477535,52.7531681058652,45.10696166117475,50.37211543609787,50.819716741477535,52.7531681058652,45.10696166117475,nan,nan,nan,nan,nan,nan,nan,nan,nan,nan,nan,nan,nan,nan,nan,nan,nan,nan,nan,nan,nan,nan,nan,nan,nan,nan,nan,nan,nan,nan,nan,nan,1.000353182171364,1.9850250759341668
100352,ReshardDeviceOperation,tt_dnn_device,0,blackhole,"{'output_mem_config': 'MemoryConfig(memory_layout=TensorMemoryLayout::BLOCK_SHARDED;buffer_type=BufferType::L1;shard_spec=ShardSpec{grid=[{""start"":{""x"":0;""y"":0};""end"":{""x"":7;""y"":8}]; shape=[96; 256]; orientation=ShardOrientation::ROW_MAJOR};nd_shard_spec={""shard_shape"":[96; 256];""grid"":[{""start"":{""x"":0;""y"":0};""end"":{""x"":7;""y"":8}}];""orientation"":""ShardOrientation::ROW_MAJOR"";""shard_distribution_strategy"":""ShardDistributionStrategy::GRID_2D""};created_with_nd_shard_spec=0)'}",,72,110,,,56646470950,56646532120,61170,142459306695,142459309583,15980939,15980939,2139,1554,,,,169,701,1554,,,,,,,,,1[1],1[1],800[784],2048[2048],TILE,BFLOAT8_B,DEV_1_L1_BLOCK_SHARDED,,,,,,,,,,,,,,,1[1],1[1],800[784],2048[2048],TILE,BFLOAT8_B,DEV_1_L1_BLOCK_SHARDED,,,[],[],['ttnn/cpp/ttnn/operations/data_movement/sharded/device/kernels/dataflow/reshard_reader.cpp'],['reshard_reader/8868068512433180695/'],8668312848230940587,False,1068,1056,0,0,0,0,0,0,0,1,1,1,[],[],0.064,,61170,1554,0.001554,1530,0.00153,0,15.7,0.0,-,40.28,0.0,1510,0.00151,0.0,0.0,0.0,0.0,0.0,0.0,0.0,0.0,0.0,0.0,0.0,0.0,0.0,0.0,nan,nan,nan,nan,nan,nan,nan,nan,nan,nan,nan,nan,nan,nan,nan,nan,nan,nan,nan,nan,nan,nan,nan,nan,nan,nan,nan,nan,nan,nan,nan,nan,0.9716859716859717,0.9845559845559845
101376,BinaryNgDeviceOperation,tt_dnn_device,0,blackhole,"{'a_shard_volume': '24'; 'b_shard_volume': '24'; 'binary_op_type': 'BinaryOpType::ADD'; 'c_shard_volume': '24'; 'compute_kernel_config': 'std::nullopt'; 'dtype': 'DataType::BFLOAT8_B'; 'equal_nan': 'false'; 'input_layout_a': 'Layout::TILE'; 'input_layout_b': 'Layout::TILE'; 'is_quant_op': 'false'; 'is_sfpu': 'false'; 'is_where_op': 'false'; 'lhs_activations': '{}'; 'memory_config': 'MemoryConfig(memory_layout=TensorMemoryLayout::BLOCK_SHARDED;buffer_type=BufferType::L1;shard_spec=ShardSpec{grid=[{""start"":{""x"":0;""y"":0};""end"":{""x"":7;""y"":8}]; shape=[96; 256]; orientation=ShardOrientation::ROW_MAJOR};nd_shard_spec={""shard_shape"":[96; 256];""grid"":[{""start"":{""x"":0;""y"":0};""end"":{""x"":7;""y"":8}}];""orientation"":""ShardOrientation::ROW_MAJOR"";""shard_distribution_strategy"":""ShardDistributionStrategy::GRID_2D""};created_with_nd_shard_spec=0)'; 'output_layout': 'Layout::TILE'; 'post_activations': '{BasicUnaryWithParam<float; int; unsigned int>(base=BasicUnaryWithParam<float>(op_type=UnaryOpType::RELU;param={}))}'; 'rhs_activations': '{}'; 'sub_core_grids': 'std::nullopt'; 'subtile_broadcast_type': 'SubtileBroadcastType::NONE'}",HiFi4,110,110,,,56799523293,56799680362,157069,142665925304,142665927650,153028826,152982393,1738,1101,,,,227,177,252,982,796,1094,,,,,,1[1],1[1],800[784],2048[2048],TILE,BFLOAT8_B,DEV_1_L1_BLOCK_SHARDED,1[1],1[1],800[784],2048[2048],TILE,BFLOAT8_B,DEV_1_L1_BLOCK_SHARDED,1[1],1[1],800[784],2048[2048],TILE,BFLOAT8_B,DEV_1_L1_BLOCK_SHARDED,1[1],1[1],800[784],2048[2048],TILE,BFLOAT8_B,DEV_1_L1_BLOCK_SHARDED,,,['ttnn/cpp/ttnn/operations/eltwise/binary_ng/device/kernels/compute/eltwise_binary_no_bcast.cpp'],['eltwise_binary_no_bcast/2250846161256338320/'],['ttnn/cpp/ttnn/operations/eltwise/binary_ng/device/kernels_ng/dataflow/writer_interleaved_no_bcast.cpp'; 'ttnn/cpp/ttnn/operations/eltwise/binary_ng/device/kernels_ng/dataflow/reader_interleaved_no_bcast.cpp'],['writer_interleaved_no_bcast/3425164347727478467/'; 'reader_interleaved_no_bcast/5761993484369962389/'],7533163555515474040,False,340,532,1836,1200,2824,0,0,0,0,1,1,1,[],[],0.09,,157069,1108,0.001108,1122,0.001122,0,nan,nan,-,0.0,0.0,1082,0.001082,15.067692094505645,0.0,0.0,0.0,0.0,0.0,0.0,15.067692094505645,15.421686746987953,5.256673511293634,0.0,15.067692094505645,15.421686746987953,5.256673511293634,nan,nan,nan,nan,nan,nan,nan,nan,nan,nan,nan,nan,nan,nan,nan,nan,nan,nan,nan,nan,nan,nan,nan,nan,nan,nan,nan,nan,nan,nan,nan,nan,0.9765342960288809,1.0126353790613718
102400,MatmulDeviceOperation,tt_dnn_device,0,blackhole,"{'bcast_batch': 'true'; 'compute_kernel_config': 'ComputeKernelConfig(math_fidelity=LoFi;math_approx_mode=1;fp32_dest_acc_en=0;packer_l1_acc=1;dst_full_sync_en=0;throttle_level=ThrottleLevel::NO_THROTTLE)'; 'global_cb': 'std::nullopt'; 'output_dtype': 'DataType::BFLOAT8_B'; 'output_mem_config': 'MemoryConfig(memory_layout=TensorMemoryLayout::BLOCK_SHARDED;buffer_type=BufferType::L1;shard_spec=ShardSpec{grid=[{""start"":{""x"":0;""y"":0};""end"":{""x"":7;""y"":8}]; shape=[96; 64]; orientation=ShardOrientation::ROW_MAJOR};nd_shard_spec=std::nullopt;created_with_nd_shard_spec=0)'; 'output_tile': 'Tile(tile_shape={32; 32};face_shape={16; 16};num_faces=4)'; 'program_config': 'MatmulMultiCoreReuseMultiCastProgramConfig(compute_with_storage_grid_size=8-9;in0_block_w=8;out_subblock_h=3;out_subblock_w=2;out_block_h=3;out_block_w=2;per_core_M=3;per_core_N=2;transpose_mcast=0;fused_activation=BasicUnaryWithParam<float>(op_type=UnaryOpType::RELU;param={});fuse_batch=1;allowed_worker_cores={[0-0 - 7-8]})'; 'sub_device_id': 'std::nullopt'; 'transpose_a': 'false'; 'transpose_b': 'false'; 'untilize_out': 'false'; 'user_core_coord': 'std::nullopt'; 'user_fused_activation': 'std::nullopt'; 'user_run_batched': 'false'}",LoFi,72,110,,,57063681377,57063830976,149599,143022530956,143022548606,264152373,264145930,13074,12139,,,,205,12139,9844,12016,11590,12100,,,,,,1[1],1[1],800[784],2048[2048],TILE,BFLOAT8_B,DEV_1_L1_BLOCK_SHARDED,1[1],1[1],2048[2048],512[512],TILE,BFLOAT8_B,DEV_1_DRAM_INTERLEAVED,1[1],1[1],32[1],512[512],TILE,BFLOAT8_B,DEV_1_DRAM_INTERLEAVED,1[1],1[1],800[784],512[512],TILE,BFLOAT8_B,DEV_1_L1_BLOCK_SHARDED,,,['ttnn/cpp/ttnn/operations/matmul/device/kernels/compute/bmm_large_block_zm_fused_bias_activation.cpp'],['bmm_large_block_zm_fused_bias_activation/7117004252200130733/'],['ttnn/cpp/ttnn/operations/matmul/device/kernels/dataflow/reader_bmm_tile_layout_in1_receiver_writer_padding.cpp'; 'ttnn/cpp/ttnn/operations/matmul/device/kernels/dataflow/reader_bmm_tile_layout_in1_sender_writer_padding.cpp'; 'ttnn/cpp/ttnn/operations/matmul/device/kernels/dataflow/reader_bmm_tile_layout_in0_sender_receiver_padding_block_sharded.cpp'],['reader_bmm_tile_layout_in1_receiver_writer_padding/2428434051036150932/'; 'reader_bmm_tile_layout_in1_sender_writer_padding/13815434677734340851/'; 'reader_bmm_tile_layout_in0_sender_receiver_padding_block_sharded/11039345822959127370/'],16002260636605872491,False,2400,1272,2296,1912,4012,0,0,0,0,2704,2704,1907,[605.9171752929688; 387.7869873046875],[151.4792938232422],22.268,,149599,12143,0.012143,25019,0.025019,874264,1.9,0.7,-,0.0,7.8,12236,0.012236,39.71301210443603,0.0,0.0,0.0,0.0,0.0,39.14373088685015,39.71301210443603,40.180498332352364,22.31747184889212,39.14373088685015,39.71301210443603,40.180498332352364,22.31747184889212,nan,nan,nan,nan,nan,nan,nan,nan,nan,nan,nan,nan,nan,nan,nan,nan,nan,nan,nan,nan,nan,nan,nan,nan,nan,nan,nan,nan,nan,nan,nan,nan,1.0076587334266656,2.0603639957176973
103424,HaloDeviceOperation,tt_dnn_device,0,blackhole,{'compute_kernel_config': 'ComputeKernelConfig(math_fidelity=LoFi;math_approx_mode=1;fp32_dest_acc_en=0;packer_l1_acc=1;dst_full_sync_en=0;throttle_level=ThrottleLevel::NO_THROTTLE)'; 'config': 'SlidingWindowConfig(batch_size=16; input_hw=(7;7); window_hw=(3;3); stride_hw=(1;1); padding=((1; 1); (1; 1)); output_padding = (0; 0); ceil_pad_hw=(0;0); dilation_hw=(1;1); scale_h=1; scale_w=1; num_cores_nhw=9; num_cores_c=1; core_range_set_={[0-0 - 7-8]}; is_transpose=false)'; 'config_tensors_in_dram': 'false'; 'in_nsticks_per_core': '96'; 'is_out_tiled': 'true'; 'max_out_nsticks_per_core': '180'; 'output_memory_config': 'MemoryConfig(memory_layout=TensorMemoryLayout::INTERLEAVED;buffer_type=BufferType::DRAM;shard_spec=std::nullopt;nd_shard_spec=std::nullopt;created_with_nd_shard_spec=0)'; 'pad_val': '0'; 'parallel_config': 'ParallelConfig(grid={[0-0 - 7-8]}; shard_scheme=BLOCK_SHARDED; shard_orientation=ROW_MAJOR)'; 'remote_read': 'false'; 'transpose_mcast': 'false'},LoFi,72,110,,,57257320030,57257428419,108389,143283938074,143283941533,193644154,193615027,2562,1934,,,,262,1879,1247,537,767,1105,,,,,,1[1],1[1],800[784],512[512],TILE,BFLOAT8_B,DEV_1_L1_BLOCK_SHARDED,,,,,,,,,,,,,,,1[1],1[1],1620[1620],512[512],ROW_MAJOR,BFLOAT16,DEV_1_L1_BLOCK_SHARDED,,,['ttnn/cpp/ttnn/operations/sliding_window/halo/device/kernels/compute/pack_untilize.cpp'],['pack_untilize/2118482223586392099/'],['ttnn/cpp/ttnn/operations/sliding_window/halo/device/kernels/dataflow/halo_gather.cpp'],['halo_gather/14705966032521475911/'],12385972156914725078,False,1536,1428,1448,1056,3076,0,0,0,0,1,1,1,[],[],0.051,,108389,1978,0.001978,4153,0.004153,0,0.6,0.0,-,0.0,0.0,1958,0.001958,5.882361775461625,0.0,0.0,0.0,0.0,0.0,2.735042735042735,5.882361775461625,6.9164265129683,1.0089544709294993,2.735042735042735,5.882361775461625,6.9164265129683,1.0089544709294993,nan,nan,nan,nan,nan,nan,nan,nan,nan,nan,nan,nan,nan,nan,nan,nan,nan,nan,nan,nan,nan,nan,nan,nan,nan,nan,nan,nan,nan,nan,nan,nan,0.9898887765419615,2.099595551061678
104448,Conv2dDeviceOperation,tt_dnn_device,0,blackhole,"{'activation': 'BasicUnaryWithParam<float>(op_type=UnaryOpType::RELU;param={})'; 'block_config': 'Conv2dBlockConfig(act_block_h_ntiles=3;act_block_w_ntiles=18;out_subblock_h_ntiles=3;out_subblock_w_ntiles=2)'; 'compute_kernel_config': 'ComputeKernelConfig(math_fidelity=LoFi;math_approx_mode=1;fp32_dest_acc_en=0;packer_l1_acc=1;dst_full_sync_en=0;throttle_level=ThrottleLevel::NO_THROTTLE)'; 'config_tensors_in_dram': 'false'; 'dtype': 'DataType::BFLOAT8_B'; 'enable_act_double_buffer': 'true'; 'enable_activation_reuse': 'false'; 'enable_weights_double_buffer': 'true'; 'force_split_reader': 'std::nullopt'; 'full_inner_dim': 'true'; 'groups': '1'; 'has_bias': 'true'; 'input_tensor_shape': '{16; 7; 7; 512}'; 'memory_config': 'MemoryConfig(memory_layout=TensorMemoryLayout::BLOCK_SHARDED;buffer_type=BufferType::L1;shard_spec=ShardSpec{grid=[{""start"":{""x"":0;""y"":0};""end"":{""x"":7;""y"":8}]; shape=[96; 64]; orientation=ShardOrientation::ROW_MAJOR};nd_shard_spec=std::nullopt;created_with_nd_shard_spec=0)'; 'output_channels': '512'; 'parallelization_config': 'Conv2dParallelizationConfig(grid_size=8-9;num_cores_nhw=9;num_cores_c_in=8;num_cores_c_out=8;per_core_out_matrix_height_ntile=3;per_core_out_matrix_width_ntile=2)'; 'sliding_window_config': 'SlidingWindowConfig(batch_size=16; input_hw=(7;7); window_hw=(3;3); stride_hw=(1;1); padding=((1; 1); (1; 1)); output_padding = (0; 0); ceil_pad_hw=(0;0); dilation_hw=(1;1); scale_h=1; scale_w=1; num_cores_nhw=9; num_cores_c=1; core_range_set_={[0-0 - 7-8]}; is_transpose=false)'; 'untilize_out': 'false'}",LoFi,72,110,,,57410180414,57410330753,150339,143490299794,143490331701,152862185,152856688,23635,22633,,,,281,21263,19579,22533,22196,22633,,,,,,1[1],1[1],1620[1620],512[512],ROW_MAJOR,BFLOAT16,DEV_1_L1_BLOCK_SHARDED,1[1],1[1],4608[4608],512[512],TILE,BFLOAT8_B,DEV_1_DRAM_INTERLEAVED,1[1],1[1],32[1],512[512],TILE,BFLOAT8_B,DEV_1_DRAM_INTERLEAVED,1[1],1[1],800[784],512[512],TILE,BFLOAT8_B,DEV_1_L1_BLOCK_SHARDED,,,['ttnn/cpp/ttnn/operations/conv/conv2d/device/kernels/conv_bmm_tilize.cpp'],['conv_bmm_tilize/6432495689486675741/'],['ttnn/cpp/ttnn/operations/conv/conv2d/device/kernels/reader_conv_activations_2d_mcast_padded_with_halo_3x3_weights_v2.cpp'; 'ttnn/cpp/ttnn/operations/conv/conv2d/device/kernels/writer_tiled_out_2d_mcast_receiver_conv_weights_tiled_col_to_rm_blocks.cpp'; 'ttnn/cpp/ttnn/operations/conv/conv2d/device/kernels/writer_tiled_out_2d_mcast_sender_conv_weights_tiled_col_to_rm_blocks.cpp'],['reader_conv_activations_2d_mcast_padded_with_halo_3x3_weights_v2/13066490275408194810/'; 'writer_tiled_out_2d_mcast_receiver_conv_weights_tiled_col_to_rm_blocks/15549290812972480125/'; 'writer_tiled_out_2d_mcast_sender_conv_weights_tiled_col_to_rm_blocks/1211474865477051049/'],11244271374746064141,False,2544,2416,3592,2760,5128,0,0,0,0,6083,6083,4291,[272.7075500488281; 387.8507385253906; 2.6934077739715576],[67.33519744873047],26.87,,150339,22639,0.022639,42430,0.04243,1520691,2.3,1.0,-,0.0,8.0,22659,0.022659,47.99114269590591,0.0,0.0,0.0,0.0,0.0,47.83946488294315,47.99114269590591,48.63321093431253,28.05714472522802,47.83946488294315,47.99114269590591,48.63321093431253,28.05714472522802,nan,nan,nan,nan,nan,nan,nan,nan,nan,nan,nan,nan,nan,nan,nan,nan,nan,nan,nan,nan,nan,nan,nan,nan,nan,nan,nan,nan,nan,nan,nan,nan,1.0008834312469632,1.8741993904324397
105472,MatmulDeviceOperation,tt_dnn_device,0,blackhole,"{'bcast_batch': 'true'; 'compute_kernel_config': 'ComputeKernelConfig(math_fidelity=LoFi;math_approx_mode=1;fp32_dest_acc_en=0;packer_l1_acc=1;dst_full_sync_en=0;throttle_level=ThrottleLevel::NO_THROTTLE)'; 'global_cb': 'std::nullopt'; 'output_dtype': 'DataType::BFLOAT8_B'; 'output_mem_config': 'MemoryConfig(memory_layout=TensorMemoryLayout::BLOCK_SHARDED;buffer_type=BufferType::L1;shard_spec=ShardSpec{grid=[{""start"":{""x"":0;""y"":0};""end"":{""x"":7;""y"":8}]; shape=[96; 256]; orientation=ShardOrientation::ROW_MAJOR};nd_shard_spec=std::nullopt;created_with_nd_shard_spec=0)'; 'output_tile': 'Tile(tile_shape={32; 32};face_shape={16; 16};num_faces=4)'; 'program_config': 'MatmulMultiCoreReuseMultiCastProgramConfig(compute_with_storage_grid_size=8-9;in0_block_w=2;out_subblock_h=1;out_subblock_w=8;out_block_h=3;out_block_w=8;per_core_M=3;per_core_N=8;transpose_mcast=0;fused_activation=std::nullopt;fuse_batch=1;allowed_worker_cores={[0-0 - 7-8]})'; 'sub_device_id': 'std::nullopt'; 'transpose_a': 'false'; 'transpose_b': 'false'; 'untilize_out': 'false'; 'user_core_coord': 'std::nullopt'; 'user_fused_activation': 'std::nullopt'; 'user_run_batched': 'false'}",LoFi,72,110,,,57444070319,57444235128,164809,143536050103,143536068249,33865964,33866470,13441,12500,,,,229,12499,9364,12308,12087,12423,,,,,,1[1],1[1],800[784],512[512],TILE,BFLOAT8_B,DEV_1_L1_BLOCK_SHARDED,1[1],1[1],512[512],2048[2048],TILE,BFLOAT8_B,DEV_1_DRAM_INTERLEAVED,1[1],1[1],32[1],2048[2048],TILE,BFLOAT8_B,DEV_1_DRAM_INTERLEAVED,1[1],1[1],800[784],2048[2048],TILE,BFLOAT8_B,DEV_1_L1_BLOCK_SHARDED,,,['ttnn/cpp/ttnn/operations/matmul/device/kernels/compute/bmm_large_block_zm_fused_bias_activation.cpp'],['bmm_large_block_zm_fused_bias_activation/10595141528417224140/'],['ttnn/cpp/ttnn/operations/matmul/device/kernels/dataflow/reader_bmm_tile_layout_in1_receiver_writer_padding.cpp'; 'ttnn/cpp/ttnn/operations/matmul/device/kernels/dataflow/reader_bmm_tile_layout_in1_sender_writer_padding.cpp'; 'ttnn/cpp/ttnn/operations/matmul/device/kernels/dataflow/reader_bmm_tile_layout_in0_sender_receiver_padding_block_sharded.cpp'],['reader_bmm_tile_layout_in1_receiver_writer_padding/16513571940762494230/'; 'reader_bmm_tile_layout_in1_sender_writer_padding/14462539877681030184/'; 'reader_bmm_tile_layout_in0_sender_receiver_padding_block_sharded/5991360554630260582/'],17556832803838342198,False,2404,1140,2300,2308,4536,0,0,0,0,2704,2704,1907,[151.4792938232422; 387.7869873046875],[605.9171752929688],21.623,,164809,12505,0.012505,25476,0.025476,878820,1.8,0.6,-,0.0,7.7,12510,0.01251,38.88596304732746,0.0,0.0,0.0,0.0,0.0,38.6144096474497,38.88596304732746,39.13450146536135,22.297390652139587,38.6144096474497,38.88596304732746,39.13450146536135,22.297390652139587,nan,nan,nan,nan,nan,nan,nan,nan,nan,nan,nan,nan,nan,nan,nan,nan,nan,nan,nan,nan,nan,nan,nan,nan,nan,nan,nan,nan,nan,nan,nan,nan,1.0003998400639744,2.037265093962415
106496,BinaryNgDeviceOperation,tt_dnn_device,0,blackhole,"{'a_shard_volume': '24'; 'b_shard_volume': '24'; 'binary_op_type': 'BinaryOpType::ADD'; 'c_shard_volume': '24'; 'compute_kernel_config': 'std::nullopt'; 'dtype': 'DataType::BFLOAT8_B'; 'equal_nan': 'false'; 'input_layout_a': 'Layout::TILE'; 'input_layout_b': 'Layout::TILE'; 'is_quant_op': 'false'; 'is_sfpu': 'false'; 'is_where_op': 'false'; 'lhs_activations': '{}'; 'memory_config': 'MemoryConfig(memory_layout=TensorMemoryLayout::BLOCK_SHARDED;buffer_type=BufferType::L1;shard_spec=ShardSpec{grid=[{""start"":{""x"":0;""y"":0};""end"":{""x"":7;""y"":8}]; shape=[96; 256]; orientation=ShardOrientation::ROW_MAJOR};nd_shard_spec={""shard_shape"":[96; 256];""grid"":[{""start"":{""x"":0;""y"":0};""end"":{""x"":7;""y"":8}}];""orientation"":""ShardOrientation::ROW_MAJOR"";""shard_distribution_strategy"":""ShardDistributionStrategy::GRID_2D""};created_with_nd_shard_spec=0)'; 'output_layout': 'Layout::TILE'; 'post_activations': '{BasicUnaryWithParam<float; int; unsigned int>(base=BasicUnaryWithParam<float>(op_type=UnaryOpType::RELU;param={}))}'; 'rhs_activations': '{}'; 'sub_core_grids': 'std::nullopt'; 'subtile_broadcast_type': 'SubtileBroadcastType::NONE'}",HiFi4,110,110,,,57445710338,57445716788,6450,143538258751,143538261079,1623615,1623079,1724,1094,,,,199,187,248,986,793,1088,,,,,,1[1],1[1],800[784],2048[2048],TILE,BFLOAT8_B,DEV_1_L1_BLOCK_SHARDED,1[1],1[1],800[784],2048[2048],TILE,BFLOAT8_B,DEV_1_L1_BLOCK_SHARDED,1[1],1[1],800[784],2048[2048],TILE,BFLOAT8_B,DEV_1_L1_BLOCK_SHARDED,1[1],1[1],800[784],2048[2048],TILE,BFLOAT8_B,DEV_1_L1_BLOCK_SHARDED,,,['ttnn/cpp/ttnn/operations/eltwise/binary_ng/device/kernels/compute/eltwise_binary_no_bcast.cpp'],['eltwise_binary_no_bcast/2250846161256338320/'],['ttnn/cpp/ttnn/operations/eltwise/binary_ng/device/kernels_ng/dataflow/writer_interleaved_no_bcast.cpp'; 'ttnn/cpp/ttnn/operations/eltwise/binary_ng/device/kernels_ng/dataflow/reader_interleaved_no_bcast.cpp'],['writer_interleaved_no_bcast/3425164347727478467/'; 'reader_interleaved_no_bcast/5761993484369962389/'],7533163555515474040,False,340,532,1836,1200,2824,0,0,0,0,1,1,1,[],[],0.091,,6450,1104,0.001104,1110,0.00111,0,nan,nan,-,0.0,0.0,1097,0.001097,14.93584297322615,0.0,0.0,0.0,0.0,0.0,0.0,14.93584297322615,15.403128760529484,5.185685347738015,0.0,14.93584297322615,15.403128760529484,5.185685347738015,nan,nan,nan,nan,nan,nan,nan,nan,nan,nan,nan,nan,nan,nan,nan,nan,nan,nan,nan,nan,nan,nan,nan,nan,nan,nan,nan,nan,nan,nan,nan,nan,0.9936594202898552,1.0054347826086958
107520,MatmulDeviceOperation,tt_dnn_device,0,blackhole,"{'bcast_batch': 'true'; 'compute_kernel_config': 'ComputeKernelConfig(math_fidelity=LoFi;math_approx_mode=1;fp32_dest_acc_en=0;packer_l1_acc=1;dst_full_sync_en=0;throttle_level=ThrottleLevel::NO_THROTTLE)'; 'global_cb': 'std::nullopt'; 'output_dtype': 'DataType::BFLOAT8_B'; 'output_mem_config': 'MemoryConfig(memory_layout=TensorMemoryLayout::BLOCK_SHARDED;buffer_type=BufferType::L1;shard_spec=ShardSpec{grid=[{""start"":{""x"":0;""y"":0};""end"":{""x"":7;""y"":8}]; shape=[96; 64]; orientation=ShardOrientation::ROW_MAJOR};nd_shard_spec=std::nullopt;created_with_nd_shard_spec=0)'; 'output_tile': 'Tile(tile_shape={32; 32};face_shape={16; 16};num_faces=4)'; 'program_config': 'MatmulMultiCoreReuseMultiCastProgramConfig(compute_with_storage_grid_size=8-9;in0_block_w=8;out_subblock_h=3;out_subblock_w=2;out_block_h=3;out_block_w=2;per_core_M=3;per_core_N=2;transpose_mcast=0;fused_activation=BasicUnaryWithParam<float>(op_type=UnaryOpType::RELU;param={});fuse_batch=1;allowed_worker_cores={[0-0 - 7-8]})'; 'sub_device_id': 'std::nullopt'; 'transpose_a': 'false'; 'transpose_b': 'false'; 'untilize_out': 'false'; 'user_core_coord': 'std::nullopt'; 'user_fused_activation': 'std::nullopt'; 'user_run_batched': 'false'}",LoFi,72,110,,,57470944070,57470952390,8320,143572302995,143572320649,25217431,25217747,13077,12141,,,,201,12140,9848,12012,11609,12067,,,,,,1[1],1[1],800[784],2048[2048],TILE,BFLOAT8_B,DEV_1_L1_BLOCK_SHARDED,1[1],1[1],2048[2048],512[512],TILE,BFLOAT8_B,DEV_1_DRAM_INTERLEAVED,1[1],1[1],32[1],512[512],TILE,BFLOAT8_B,DEV_1_DRAM_INTERLEAVED,1[1],1[1],800[784],512[512],TILE,BFLOAT8_B,DEV_1_L1_BLOCK_SHARDED,,,['ttnn/cpp/ttnn/operations/matmul/device/kernels/compute/bmm_large_block_zm_fused_bias_activation.cpp'],['bmm_large_block_zm_fused_bias_activation/7117004252200130733/'],['ttnn/cpp/ttnn/operations/matmul/device/kernels/dataflow/reader_bmm_tile_layout_in1_receiver_writer_padding.cpp'; 'ttnn/cpp/ttnn/operations/matmul/device/kernels/dataflow/reader_bmm_tile_layout_in1_sender_writer_padding.cpp'; 'ttnn/cpp/ttnn/operations/matmul/device/kernels/dataflow/reader_bmm_tile_layout_in0_sender_receiver_padding_block_sharded.cpp'],['reader_bmm_tile_layout_in1_receiver_writer_padding/2428434051036150932/'; 'reader_bmm_tile_layout_in1_sender_writer_padding/13815434677734340851/'; 'reader_bmm_tile_layout_in0_sender_receiver_padding_block_sharded/11039345822959127370/'],16002260636605872491,False,2400,1272,2296,1912,4012,0,0,0,0,2704,2704,1907,[605.9171752929688; 387.7869873046875],[151.4792938232422],22.257,,8320,12149,0.012149,24940,0.02494,882676,1.9,0.7,-,0.0,7.9,12099,0.012099,39.82627860245025,0.0,0.0,0.0,0.0,0.0,39.51633650630306,39.82627860245025,40.14899039404038,22.570256535847673,39.51633650630306,39.82627860245025,40.14899039404038,22.570256535847673,nan,nan,nan,nan,nan,nan,nan,nan,nan,nan,nan,nan,nan,nan,nan,nan,nan,nan,nan,nan,nan,nan,nan,nan,nan,nan,nan,nan,nan,nan,nan,nan,0.9958844349329163,2.052843855461355
108544,HaloDeviceOperation,tt_dnn_device,0,blackhole,{'compute_kernel_config': 'ComputeKernelConfig(math_fidelity=LoFi;math_approx_mode=1;fp32_dest_acc_en=0;packer_l1_acc=1;dst_full_sync_en=0;throttle_level=ThrottleLevel::NO_THROTTLE)'; 'config': 'SlidingWindowConfig(batch_size=16; input_hw=(7;7); window_hw=(3;3); stride_hw=(1;1); padding=((1; 1); (1; 1)); output_padding = (0; 0); ceil_pad_hw=(0;0); dilation_hw=(1;1); scale_h=1; scale_w=1; num_cores_nhw=9; num_cores_c=1; core_range_set_={[0-0 - 7-8]}; is_transpose=false)'; 'config_tensors_in_dram': 'false'; 'in_nsticks_per_core': '96'; 'is_out_tiled': 'true'; 'max_out_nsticks_per_core': '180'; 'output_memory_config': 'MemoryConfig(memory_layout=TensorMemoryLayout::INTERLEAVED;buffer_type=BufferType::DRAM;shard_spec=std::nullopt;nd_shard_spec=std::nullopt;created_with_nd_shard_spec=0)'; 'pad_val': '0'; 'parallel_config': 'ParallelConfig(grid={[0-0 - 7-8]}; shard_scheme=BLOCK_SHARDED; shard_orientation=ROW_MAJOR)'; 'remote_read': 'false'; 'transpose_mcast': 'false'},LoFi,72,110,,,57520138323,57520150853,12530,143638669475,143638672966,49141479,49142286,2586,1942,,,,277,1878,1233,537,779,1182,,,,,,1[1],1[1],800[784],512[512],TILE,BFLOAT8_B,DEV_1_L1_BLOCK_SHARDED,,,,,,,,,,,,,,,1[1],1[1],1620[1620],512[512],ROW_MAJOR,BFLOAT16,DEV_1_L1_BLOCK_SHARDED,,,['ttnn/cpp/ttnn/operations/sliding_window/halo/device/kernels/compute/pack_untilize.cpp'],['pack_untilize/2118482223586392099/'],['ttnn/cpp/ttnn/operations/sliding_window/halo/device/kernels/dataflow/halo_gather.cpp'],['halo_gather/14705966032521475911/'],12385972156914725078,False,1536,1428,1448,1056,3076,0,0,0,0,1,1,1,[],[],0.05,,12530,1999,0.001999,4148,0.004148,0,0.6,0.0,-,0.0,0.0,1980,0.00198,5.637112924314394,0.0,0.0,0.0,0.0,0.0,3.285420944558522,5.637112924314394,6.290956749672345,0.997630627260257,3.285420944558522,5.637112924314394,6.290956749672345,0.997630627260257,nan,nan,nan,nan,nan,nan,nan,nan,nan,nan,nan,nan,nan,nan,nan,nan,nan,nan,nan,nan,nan,nan,nan,nan,nan,nan,nan,nan,nan,nan,nan,nan,0.9904952476238119,2.0750375187593795
109568,Conv2dDeviceOperation,tt_dnn_device,0,blackhole,"{'activation': 'BasicUnaryWithParam<float>(op_type=UnaryOpType::RELU;param={})'; 'block_config': 'Conv2dBlockConfig(act_block_h_ntiles=3;act_block_w_ntiles=18;out_subblock_h_ntiles=3;out_subblock_w_ntiles=2)'; 'compute_kernel_config': 'ComputeKernelConfig(math_fidelity=LoFi;math_approx_mode=1;fp32_dest_acc_en=0;packer_l1_acc=1;dst_full_sync_en=0;throttle_level=ThrottleLevel::NO_THROTTLE)'; 'config_tensors_in_dram': 'false'; 'dtype': 'DataType::BFLOAT8_B'; 'enable_act_double_buffer': 'true'; 'enable_activation_reuse': 'false'; 'enable_weights_double_buffer': 'true'; 'force_split_reader': 'std::nullopt'; 'full_inner_dim': 'true'; 'groups': '1'; 'has_bias': 'true'; 'input_tensor_shape': '{16; 7; 7; 512}'; 'memory_config': 'MemoryConfig(memory_layout=TensorMemoryLayout::BLOCK_SHARDED;buffer_type=BufferType::L1;shard_spec=ShardSpec{grid=[{""start"":{""x"":0;""y"":0};""end"":{""x"":7;""y"":8}]; shape=[96; 64]; orientation=ShardOrientation::ROW_MAJOR};nd_shard_spec=std::nullopt;created_with_nd_shard_spec=0)'; 'output_channels': '512'; 'parallelization_config': 'Conv2dParallelizationConfig(grid_size=8-9;num_cores_nhw=9;num_cores_c_in=8;num_cores_c_out=8;per_core_out_matrix_height_ntile=3;per_core_out_matrix_width_ntile=2)'; 'sliding_window_config': 'SlidingWindowConfig(batch_size=16; input_hw=(7;7); window_hw=(3;3); stride_hw=(1;1); padding=((1; 1); (1; 1)); output_padding = (0; 0); ceil_pad_hw=(0;0); dilation_hw=(1;1); scale_h=1; scale_w=1; num_cores_nhw=9; num_cores_c=1; core_range_set_={[0-0 - 7-8]}; is_transpose=false)'; 'untilize_out': 'false'}",LoFi,72,110,,,57520363712,57520371612,7900,143639042897,143639074740,274965,274980,23587,22595,,,,317,21158,19536,22513,22168,22592,,,,,,1[1],1[1],1620[1620],512[512],ROW_MAJOR,BFLOAT16,DEV_1_L1_BLOCK_SHARDED,1[1],1[1],4608[4608],512[512],TILE,BFLOAT8_B,DEV_1_DRAM_INTERLEAVED,1[1],1[1],32[1],512[512],TILE,BFLOAT8_B,DEV_1_DRAM_INTERLEAVED,1[1],1[1],800[784],512[512],TILE,BFLOAT8_B,DEV_1_L1_BLOCK_SHARDED,,,['ttnn/cpp/ttnn/operations/conv/conv2d/device/kernels/conv_bmm_tilize.cpp'],['conv_bmm_tilize/6432495689486675741/'],['ttnn/cpp/ttnn/operations/conv/conv2d/device/kernels/reader_conv_activations_2d_mcast_padded_with_halo_3x3_weights_v2.cpp'; 'ttnn/cpp/ttnn/operations/conv/conv2d/device/kernels/writer_tiled_out_2d_mcast_receiver_conv_weights_tiled_col_to_rm_blocks.cpp'; 'ttnn/cpp/ttnn/operations/conv/conv2d/device/kernels/writer_tiled_out_2d_mcast_sender_conv_weights_tiled_col_to_rm_blocks.cpp'],['reader_conv_activations_2d_mcast_padded_with_halo_3x3_weights_v2/13066490275408194810/'; 'writer_tiled_out_2d_mcast_receiver_conv_weights_tiled_col_to_rm_blocks/15549290812972480125/'; 'writer_tiled_out_2d_mcast_sender_conv_weights_tiled_col_to_rm_blocks/1211474865477051049/'],11244271374746064141,False,2544,2416,3592,2760,5128,0,0,0,0,6083,6083,4291,[272.7075500488281; 387.8507385253906; 2.6934077739715576],[67.33519744873047],26.915,,7900,22601,0.022601,42436,0.042436,1520906,2.2,1.0,-,0.0,8.0,22609,0.022609,48.09845657217795,0.0,0.0,0.0,0.0,0.0,47.91157260090437,48.09845657217795,48.750894652534,28.11873402791429,47.91157260090437,48.09845657217795,48.750894652534,28.11873402791429,nan,nan,nan,nan,nan,nan,nan,nan,nan,nan,nan,nan,nan,nan,nan,nan,nan,nan,nan,nan,nan,nan,nan,nan,nan,nan,nan,nan,nan,nan,nan,nan,1.0003539666386443,1.8776160346887307
110592,MatmulDeviceOperation,tt_dnn_device,0,blackhole,"{'bcast_batch': 'true'; 'compute_kernel_config': 'ComputeKernelConfig(math_fidelity=LoFi;math_approx_mode=1;fp32_dest_acc_en=0;packer_l1_acc=1;dst_full_sync_en=0;throttle_level=ThrottleLevel::NO_THROTTLE)'; 'global_cb': 'std::nullopt'; 'output_dtype': 'DataType::BFLOAT8_B'; 'output_mem_config': 'MemoryConfig(memory_layout=TensorMemoryLayout::BLOCK_SHARDED;buffer_type=BufferType::L1;shard_spec=ShardSpec{grid=[{""start"":{""x"":0;""y"":0};""end"":{""x"":7;""y"":8}]; shape=[96; 256]; orientation=ShardOrientation::ROW_MAJOR};nd_shard_spec=std::nullopt;created_with_nd_shard_spec=0)'; 'output_tile': 'Tile(tile_shape={32; 32};face_shape={16; 16};num_faces=4)'; 'program_config': 'MatmulMultiCoreReuseMultiCastProgramConfig(compute_with_storage_grid_size=8-9;in0_block_w=2;out_subblock_h=1;out_subblock_w=8;out_block_h=3;out_block_w=8;per_core_M=3;per_core_N=8;transpose_mcast=0;fused_activation=std::nullopt;fuse_batch=1;allowed_worker_cores={[0-0 - 7-8]})'; 'sub_device_id': 'std::nullopt'; 'transpose_a': 'false'; 'transpose_b': 'false'; 'untilize_out': 'false'; 'user_core_coord': 'std::nullopt'; 'user_fused_activation': 'std::nullopt'; 'user_run_batched': 'false'}",LoFi,72,110,,,57546230850,57546239470,8620,143673940062,143673958157,25827692,25827082,13404,12457,,,,159,12456,9370,12268,12039,12373,,,,,,1[1],1[1],800[784],512[512],TILE,BFLOAT8_B,DEV_1_L1_BLOCK_SHARDED,1[1],1[1],512[512],2048[2048],TILE,BFLOAT8_B,DEV_1_DRAM_INTERLEAVED,1[1],1[1],32[1],2048[2048],TILE,BFLOAT8_B,DEV_1_DRAM_INTERLEAVED,1[1],1[1],800[784],2048[2048],TILE,BFLOAT8_B,DEV_1_L1_BLOCK_SHARDED,,,['ttnn/cpp/ttnn/operations/matmul/device/kernels/compute/bmm_large_block_zm_fused_bias_activation.cpp'],['bmm_large_block_zm_fused_bias_activation/10595141528417224140/'],['ttnn/cpp/ttnn/operations/matmul/device/kernels/dataflow/reader_bmm_tile_layout_in1_receiver_writer_padding.cpp'; 'ttnn/cpp/ttnn/operations/matmul/device/kernels/dataflow/reader_bmm_tile_layout_in1_sender_writer_padding.cpp'; 'ttnn/cpp/ttnn/operations/matmul/device/kernels/dataflow/reader_bmm_tile_layout_in0_sender_receiver_padding_block_sharded.cpp'],['reader_bmm_tile_layout_in1_receiver_writer_padding/16513571940762494230/'; 'reader_bmm_tile_layout_in1_sender_writer_padding/14462539877681030184/'; 'reader_bmm_tile_layout_in0_sender_receiver_padding_block_sharded/5991360554630260582/'],17556832803838342198,False,2404,1140,2300,2308,4536,0,0,0,0,2704,2704,1907,[151.4792938232422; 387.7869873046875],[605.9171752929688],21.7,,8620,12461,0.012461,25601,0.025601,883132,1.9,0.6,-,0.0,7.7,12507,0.012507,38.98557946440022,0.0,0.0,0.0,0.0,0.0,38.63496365652335,38.98557946440022,39.229422066549915,22.29059322870398,38.63496365652335,38.98557946440022,39.229422066549915,22.29059322870398,nan,nan,nan,nan,nan,nan,nan,nan,nan,nan,nan,nan,nan,nan,nan,nan,nan,nan,nan,nan,nan,nan,nan,nan,nan,nan,nan,nan,nan,nan,nan,nan,1.0036915175347083,2.0544900088275417
111616,BinaryNgDeviceOperation,tt_dnn_device,0,blackhole,"{'a_shard_volume': '24'; 'b_shard_volume': '24'; 'binary_op_type': 'BinaryOpType::ADD'; 'c_shard_volume': '24'; 'compute_kernel_config': 'std::nullopt'; 'dtype': 'DataType::BFLOAT8_B'; 'equal_nan': 'false'; 'input_layout_a': 'Layout::TILE'; 'input_layout_b': 'Layout::TILE'; 'is_quant_op': 'false'; 'is_sfpu': 'false'; 'is_where_op': 'false'; 'lhs_activations': '{}'; 'memory_config': 'MemoryConfig(memory_layout=TensorMemoryLayout::BLOCK_SHARDED;buffer_type=BufferType::L1;shard_spec=ShardSpec{grid=[{""start"":{""x"":0;""y"":0};""end"":{""x"":7;""y"":8}]; shape=[96; 256]; orientation=ShardOrientation::ROW_MAJOR};nd_shard_spec={""shard_shape"":[96; 256];""grid"":[{""start"":{""x"":0;""y"":0};""end"":{""x"":7;""y"":8}}];""orientation"":""ShardOrientation::ROW_MAJOR"";""shard_distribution_strategy"":""ShardDistributionStrategy::GRID_2D""};created_with_nd_shard_spec=0)'; 'output_layout': 'Layout::TILE'; 'post_activations': '{BasicUnaryWithParam<float; int; unsigned int>(base=BasicUnaryWithParam<float>(op_type=UnaryOpType::RELU;param={}))}'; 'rhs_activations': '{}'; 'sub_core_grids': 'std::nullopt'; 'subtile_broadcast_type': 'SubtileBroadcastType::NONE'}",HiFi4,110,110,,,57547611480,57547616930,5450,143675825977,143675828297,1384718,1383930,1719,1085,,,,187,144,259,989,779,1088,,,,,,1[1],1[1],800[784],2048[2048],TILE,BFLOAT8_B,DEV_1_L1_BLOCK_SHARDED,1[1],1[1],800[784],2048[2048],TILE,BFLOAT8_B,DEV_1_L1_BLOCK_SHARDED,1[1],1[1],800[784],2048[2048],TILE,BFLOAT8_B,DEV_1_L1_BLOCK_SHARDED,1[1],1[1],800[784],2048[2048],TILE,BFLOAT8_B,DEV_1_L1_BLOCK_SHARDED,,,['ttnn/cpp/ttnn/operations/eltwise/binary_ng/device/kernels/compute/eltwise_binary_no_bcast.cpp'],['eltwise_binary_no_bcast/2250846161256338320/'],['ttnn/cpp/ttnn/operations/eltwise/binary_ng/device/kernels_ng/dataflow/writer_interleaved_no_bcast.cpp'; 'ttnn/cpp/ttnn/operations/eltwise/binary_ng/device/kernels_ng/dataflow/reader_interleaved_no_bcast.cpp'],['writer_interleaved_no_bcast/3425164347727478467/'; 'reader_interleaved_no_bcast/5761993484369962389/'],7533163555515474040,False,340,532,1836,1200,2824,0,0,0,0,1,1,1,[],[],0.091,,5450,1096,0.001096,1107,0.001107,0,nan,nan,-,0.0,0.0,1086,0.001086,15.192883689346104,0.0,0.0,0.0,0.0,0.0,0.0,15.192883689346104,15.980024968789014,5.238744884038199,0.0,15.192883689346104,15.980024968789014,5.238744884038199,nan,nan,nan,nan,nan,nan,nan,nan,nan,nan,nan,nan,nan,nan,nan,nan,nan,nan,nan,nan,nan,nan,nan,nan,nan,nan,nan,nan,nan,nan,nan,nan,0.990875912408759,1.010036496350365
112640,ReshardDeviceOperation,tt_dnn_device,0,blackhole,"{'output_mem_config': 'MemoryConfig(memory_layout=TensorMemoryLayout::WIDTH_SHARDED;buffer_type=BufferType::L1;shard_spec=ShardSpec{grid=[{""start"":{""x"":0;""y"":0};""end"":{""x"":7;""y"":7}]; shape=[800; 32]; orientation=ShardOrientation::ROW_MAJOR};nd_shard_spec=std::nullopt;created_with_nd_shard_spec=0)'}",,64,110,,,57558653987,57558720187,66200,143690737602,143690742410,11044826,11044826,3561,2966,,,,156,1643,2966,,,,,,,,,1[1],1[1],800[784],2048[2048],TILE,BFLOAT8_B,DEV_1_L1_BLOCK_SHARDED,,,,,,,,,,,,,,,1[1],1[1],800[784],2048[2048],TILE,BFLOAT8_B,DEV_1_L1_WIDTH_SHARDED,,,[],[],['ttnn/cpp/ttnn/operations/data_movement/sharded/device/kernels/dataflow/reshard_reader.cpp'],['reshard_reader/8868068512433180695/'],16649113681658036330,False,1068,1056,0,0,0,0,0,0,0,1,1,1,[],[],0.034,,66200,2966,0.002966,3259,0.003259,0,19.0,0.0,-,29.59,0.0,3046,0.003046,0.0,0.0,0.0,0.0,0.0,0.0,0.0,0.0,0.0,0.0,0.0,0.0,0.0,0.0,nan,nan,nan,nan,nan,nan,nan,nan,nan,nan,nan,nan,nan,nan,nan,nan,nan,nan,nan,nan,nan,nan,nan,nan,nan,nan,nan,nan,nan,nan,nan,nan,1.0269723533378288,1.0987862440997977
113664,HaloDeviceOperation,tt_dnn_device,0,blackhole,{'compute_kernel_config': 'ComputeKernelConfig(math_fidelity=LoFi;math_approx_mode=1;fp32_dest_acc_en=0;packer_l1_acc=0;dst_full_sync_en=0;throttle_level=ThrottleLevel::NO_THROTTLE)'; 'config': 'SlidingWindowConfig(batch_size=16; input_hw=(7;7); window_hw=(7;7); stride_hw=(1;1); padding=((0; 0); (0; 0)); output_padding = (0; 0); ceil_pad_hw=(0;0); dilation_hw=(1;1); scale_h=1; scale_w=1; num_cores_nhw=1; num_cores_c=64; core_range_set_={[0-0 - 7-7]}; is_transpose=false)'; 'config_tensors_in_dram': 'false'; 'in_nsticks_per_core': '800'; 'is_out_tiled': 'true'; 'max_out_nsticks_per_core': '784'; 'output_memory_config': 'MemoryConfig(memory_layout=TensorMemoryLayout::INTERLEAVED;buffer_type=BufferType::DRAM;shard_spec=std::nullopt;nd_shard_spec=std::nullopt;created_with_nd_shard_spec=0)'; 'pad_val': '0'; 'parallel_config': 'ParallelConfig(grid={[0-0 - 7-7]}; shard_scheme=WIDTH_SHARDED; shard_orientation=ROW_MAJOR)'; 'remote_read': 'false'; 'transpose_mcast': 'false'},LoFi,64,110,,,57752645918,57752736867,90949,143952620492,143952627404,193993799,193989170,5120,4509,,,,264,4430,4360,3696,3703,4421,,,,,,1[1],1[1],800[784],2048[2048],TILE,BFLOAT8_B,DEV_1_L1_WIDTH_SHARDED,,,,,,,,,,,,,,,1[1],1[1],784[784],2048[2048],ROW_MAJOR,BFLOAT16,DEV_1_L1_WIDTH_SHARDED,,,['ttnn/cpp/ttnn/operations/sliding_window/halo/device/kernels/compute/pack_untilize.cpp'],['pack_untilize/10182048858095786232/'],['ttnn/cpp/ttnn/operations/sliding_window/halo/device/kernels/dataflow/halo_gather.cpp'],['halo_gather/11576407494712618686/'],12932075730493117359,False,1224,1120,1232,904,2748,0,0,0,0,1,1,1,[],[],0.022,,90949,4558,0.004558,4682,0.004682,0,0.0,0.0,-,0.0,0.0,4531,0.004531,3.7002000946770037,0.0,0.0,0.0,0.0,0.0,3.5663627152988853,3.7002000946770037,3.7703513281919454,1.5345212794943055,3.5663627152988853,3.7002000946770037,3.7703513281919454,1.5345212794943055,nan,nan,nan,nan,nan,nan,nan,nan,nan,nan,nan,nan,nan,nan,nan,nan,nan,nan,nan,nan,nan,nan,nan,nan,nan,nan,nan,nan,nan,nan,nan,nan,0.9940763492759982,1.0272049144361561
114688,Pool2D,tt_dnn_device,0,blackhole,"{'compute_kernel_config_': 'ComputeKernelConfig(math_fidelity=LoFi;math_approx_mode=1;fp32_dest_acc_en=0;packer_l1_acc=0;dst_full_sync_en=0;throttle_level=ThrottleLevel::NO_THROTTLE)'; 'config_tensor_in_dram': 'false'; 'count_include_pad_': 'true'; 'divisor_override_': 'std::nullopt'; 'memory_config_': 'MemoryConfig(memory_layout=TensorMemoryLayout::WIDTH_SHARDED;buffer_type=BufferType::L1;shard_spec=ShardSpec{grid=[{""start"":{""x"":0;""y"":0};""end"":{""x"":7;""y"":7}]; shape=[32; 32]; orientation=ShardOrientation::ROW_MAJOR};nd_shard_spec=std::nullopt;created_with_nd_shard_spec=0)'; 'memory_used': '77376'; 'output_dtype_': 'DataType::BFLOAT8_B'; 'output_layout_': 'Layout::TILE'; 'pool_type_': 'Pool2DType::AVG_POOL2D'; 'return_indices_': 'false'; 'sliding_window_config_': 'SlidingWindowConfig(batch_size=16; input_hw=(7;7); window_hw=(7;7); stride_hw=(1;1); padding=((0; 0); (0; 0)); output_padding = (0; 0); ceil_pad_hw=(0;0); dilation_hw=(1;1); scale_h=1; scale_w=1; num_cores_nhw=1; num_cores_c=64; core_range_set_={[0-0 - 7-7]}; is_transpose=false)'}",LoFi,64,110,,,57994214542,57994329991,115449,144278732920,144278752909,241557692,241558983,14807,14174,,,,247,12397,13153,13967,14016,14136,,,,,,1[1],1[1],784[784],2048[2048],ROW_MAJOR,BFLOAT16,DEV_1_L1_WIDTH_SHARDED,,,,,,,,,,,,,,,1[1],1[1],32[16],2048[2048],TILE,BFLOAT8_B,DEV_1_L1_WIDTH_SHARDED,,,['ttnn/cpp/ttnn/operations/pool/generic/device/kernels/compute/compute_pool_2d.cpp'],['compute_pool_2d/2930371649760758933/'],['ttnn/cpp/ttnn/operations/pool/generic/device/kernels/dataflow/reader_pool_2d.cpp'],['reader_pool_2d/4478429683335148900/'],11455659956835137552,False,1612,1464,2776,1196,3692,0,0,0,0,10,10,1,[321126.40625],[6553.60009765625],0.07,,115449,14208,0.014208,18182,0.018182,0,0.0,0.0,-,0.0,0.0,14067,0.014067,0.7318516945263338,0.0,0.0,0.0,0.0,0.0,0.7260690833377823,0.7318516945263338,0.7366083518388128,0.3819554151307706,0.7260690833377823,0.7318516945263338,0.7366083518388128,0.3819554151307706,nan,nan,nan,nan,nan,nan,nan,nan,nan,nan,nan,nan,nan,nan,nan,nan,nan,nan,nan,nan,nan,nan,nan,nan,nan,nan,nan,nan,nan,nan,nan,nan,0.9900760135135135,1.2797015765765767
115712,ReshardDeviceOperation,tt_dnn_device,0,blackhole,"{'output_mem_config': 'MemoryConfig(memory_layout=TensorMemoryLayout::WIDTH_SHARDED;buffer_type=BufferType::L1;shard_spec=ShardSpec{grid=[{""start"":{""x"":0;""y"":0};""end"":{""x"":7;""y"":3}]; shape=[32; 64]; orientation=ShardOrientation::ROW_MAJOR};nd_shard_spec=std::nullopt;created_with_nd_shard_spec=0)'}",,32,110,,,58005446217,58005544407,98190,144293886940,144293888513,11213909,11213909,1165,572,,,,156,172,572,,,,,,,,,1[1],1[1],32[16],2048[2048],TILE,BFLOAT8_B,DEV_1_L1_WIDTH_SHARDED,,,,,,,,,,,,,,,1[1],1[1],32[16],2048[2048],TILE,BFLOAT8_B,DEV_1_L1_WIDTH_SHARDED,,,[],[],['ttnn/cpp/ttnn/operations/data_movement/sharded/device/kernels/dataflow/reshard_reader.cpp'],['reshard_reader/8868068512433180695/'],15557866397643481940,False,1068,1056,0,0,0,0,0,0,0,1,1,1,[],[],0.175,,98190,572,0.000572,701,0.000701,0,4.7,0.0,-,3.56,0.0,567,0.000567,0.0,0.0,0.0,0.0,0.0,0.0,0.0,0.0,0.0,0.0,0.0,0.0,0.0,0.0,nan,nan,nan,nan,nan,nan,nan,nan,nan,nan,nan,nan,nan,nan,nan,nan,nan,nan,nan,nan,nan,nan,nan,nan,nan,nan,nan,nan,nan,nan,nan,nan,0.9912587412587412,1.2255244755244754
116736,MatmulDeviceOperation,tt_dnn_device,0,blackhole,{'bcast_batch': 'true'; 'compute_kernel_config': 'ComputeKernelConfig(math_fidelity=LoFi;math_approx_mode=1;fp32_dest_acc_en=0;packer_l1_acc=1;dst_full_sync_en=0;throttle_level=ThrottleLevel::NO_THROTTLE)'; 'global_cb': 'std::nullopt'; 'output_dtype': 'DataType::BFLOAT8_B'; 'output_mem_config': 'MemoryConfig(memory_layout=TensorMemoryLayout::WIDTH_SHARDED;buffer_type=BufferType::L1;shard_spec=std::nullopt;nd_shard_spec=std::nullopt;created_with_nd_shard_spec=0)'; 'output_tile': 'Tile(tile_shape={32; 32};face_shape={16; 16};num_faces=4)'; 'program_config': 'MatmulMultiCoreReuseMultiCast1DProgramConfig(compute_with_storage_grid_size=8-4;in0_block_w=2;out_subblock_h=1;out_subblock_w=1;out_block_h=1;out_block_w=1;per_core_M=1;per_core_N=1;fuse_batch=1;fused_activation=std::nullopt;mcast_in0=1;gather_in0=0;hop_cores={};num_global_cb_receivers=1;untilize_out=0;allowed_worker_cores={[0-0 - 7-3]};stream_in1=0)'; 'sub_device_id': 'std::nullopt'; 'transpose_a': 'false'; 'transpose_b': 'false'; 'untilize_out': 'false'; 'user_core_coord': 'std::nullopt'; 'user_fused_activation': 'std::nullopt'; 'user_run_batched': 'false'},LoFi,32,110,,,58228511045,58228635894,124849,144595027717,144595065282,223066323,223063020,27826,27244,,,,257,27156,27009,27084,27017,27147,,,,,,1[1],1[1],32[16],2048[2048],TILE,BFLOAT8_B,DEV_1_L1_WIDTH_SHARDED,1[1],1[1],2048[2048],1024[1000],TILE,BFLOAT16,DEV_1_DRAM_INTERLEAVED,1[1],1[1],32[1],1024[1000],TILE,BFLOAT16,DEV_1_DRAM_INTERLEAVED,1[1],1[1],32[16],1024[1000],TILE,BFLOAT8_B,DEV_1_L1_WIDTH_SHARDED,,,['ttnn/cpp/ttnn/operations/matmul/device/kernels/compute/bmm_large_block_zm_fused_bias_activation.cpp'],['bmm_large_block_zm_fused_bias_activation/10570855460840440261/'],['ttnn/cpp/ttnn/operations/matmul/device/kernels/dataflow/reader_bmm_tile_layout_in1_sender_writer_padding.cpp'; 'ttnn/cpp/ttnn/operations/matmul/device/kernels/dataflow/reader_bmm_tile_layout_in0_sender_receiver_padding_block_sharded.cpp'],['reader_bmm_tile_layout_in1_sender_writer_padding/7965541841769743661/'; 'reader_bmm_tile_layout_in0_sender_receiver_padding_block_sharded/1302056038773035023/'],1214998441865318401,False,1308,1164,2088,1696,2688,0,0,0,0,7629,109,7629,[8.590378761291504; 549.7842407226562],[4.295189380645752],0.4,,124849,27277,0.027277,42486,0.042486,5062972,3.5,0.2,-,0.0,26.6,27322,0.027322,2.8163978295071788,0.0,0.0,0.0,0.0,0.0,2.8078642134415532,2.8163978295071788,2.8209366391184574,0.7403190095341375,2.8078642134415532,2.8163978295071788,2.8209366391184574,0.7403190095341375,nan,nan,nan,nan,nan,nan,nan,nan,nan,nan,nan,nan,nan,nan,nan,nan,nan,nan,nan,nan,nan,nan,nan,nan,nan,nan,nan,nan,nan,nan,nan,nan,1.001649741540492,1.5575759797631705
117760,UntilizeWithUnpaddingDeviceOperation,tt_dnn_device,0,blackhole,{'enough_space_height': 'true'; 'fp32_dest_acc_en': 'false'; 'output_mem_config': 'MemoryConfig(memory_layout=TensorMemoryLayout::INTERLEAVED;buffer_type=BufferType::L1;shard_spec=std::nullopt;nd_shard_spec=std::nullopt;created_with_nd_shard_spec=0)'; 'output_tensor_end': 'Shape([0; 0; 15; 999])'; 'sub_core_grids': 'std::nullopt'; 'use_multicore': 'true'},HiFi4,32,110,,,58440408676,58440495115,86439,144881076157,144881079387,211843480,211912359,2393,1816,,,,231,1773,175,347,282,707,,,,,,1[1],1[1],32[16],1024[1000],TILE,BFLOAT8_B,DEV_1_L1_WIDTH_SHARDED,,,,,,,,,,,,,,,1[1],1[1],16[16],1000[1000],ROW_MAJOR,BFLOAT16,DEV_1_L1_INTERLEAVED,,,['ttnn/cpp/ttnn/operations/data_movement/untilize/device/kernels/compute/untilize.cpp'],['untilize/6740167084253889895/'],['ttnn/cpp/ttnn/kernel/dataflow/writer_unary_stick_layout_interleaved_blocks.cpp'; 'ttnn/cpp/ttnn/operations/eltwise/unary/device/kernels/dataflow/reader_unary_sharded.cpp'],['writer_unary_stick_layout_interleaved_blocks/5586980385574174945/'; 'reader_unary_sharded/12726538396553136226/'],16013740952269779485,False,1704,404,1312,788,2360,0,0,0,0,342,342,1,[95.8128662109375],[93.56725311279297],18.506,,86439,1848,0.001848,2507,0.002507,0,3.4,0.0,-,0.1,0.0,1841,0.001841,0.0,0.0,0.0,0.0,0.0,0.0,0.0,0.0,0.0,0.0,0.0,0.0,0.0,0.0,nan,nan,nan,nan,nan,nan,nan,nan,nan,nan,nan,nan,nan,nan,nan,nan,nan,nan,nan,nan,nan,nan,nan,nan,nan,nan,nan,nan,nan,nan,nan,nan,0.9962121212121212,1.3566017316017316
