archname,devname,freq_MHz,pipe,precision,wlgroup,wlname,wlinstance,batch,opnum,opname,is_input_node,is_output_node,optype,op_rpt_count,attrs,inList,outList,input_tensors,output_tensors,weight_tensors,tensor_attributes,domain,opclass,removed,fused,fused_with_op,inElems,outElems,inBytes,outBytes,instrs,inParamCount,inActCount,outActCount,instr_count,compute_cycles,mem_rd_cycles,mem_wr_cycles,ramp_penalty,rsrc_bnck,ideal_cycles,ideal_msecs,cycles,matrix_cycles,vector_cycles,msecs,matrix_pipe_util,vector_pipe_util,mem_rd_util,mem_wr_util,memory_traffic,mem_util,uses_perf_lookup,lut_key,lut_key_resolved,lut_hit_source
Blackhole,p100a,1350.0,VECTOR,BF16,TTNN,vitoptim_bh,vitoptim_bh_b16,1,0,ttsim.ttnn.Op_1,True,False,Fold,1,"{'stride_h': 16, 'stride_w': 1, 'pad_h': 0, 'pad_w': 0, 'pad_c': 0, 'flatten_nd': True}",['ttsim.ttnn.Tensor_1'],['ttsim.ttnn.Op_1.out'],ttsim.ttnn.Tensor_1[10x224x14x64]:bfloat16,ttsim.ttnn.Op_1.out[1x1x1960x1024]:bfloat16,,"{""inputs"": [{""layout"": ""ROW_MAJOR_LAYOUT"", ""memory"": null, ""dtype"": ""bfloat16""}], ""outputs"": [{""layout"": ""ROW_MAJOR_LAYOUT"", ""memory"": ""L1_HEIGHT_SHARDED"", ""dtype"": ""bfloat16""}]}",,None,False,False,NA,2007040,2007040,4014080,4014080,{'mov': 2007040},0,2007040,2007040,2007040,872,15120,15120,100.0,MEM,30340.0,0.022474074074074073,37925.0,0,872,0.028092592592592593,0.0,0.017244561634805537,0.39868160843770606,0.39868160843770606,0.0,0.0,False,,,
Blackhole,p100a,1350.0,VECTOR,BF16,TTNN,vitoptim_bh,vitoptim_bh_b16,1,1,ttsim.ttnn.Op_2,False,False,ShardedToInterleaved,1,"{'element_size': 2, 'memory_config': {'memory_layout': <TensorMemoryLayout.INTERLEAVED: 1>, 'buffer_type': <BufferType.L1: 2>, 'shard_spec': None, 'nd_shard_spec': None}}",['ttsim.ttnn.Op_1.out'],['ttsim.ttnn.Op_2.out'],ttsim.ttnn.Op_1.out[1x1x1960x1024]:bfloat16,ttsim.ttnn.Op_2.out[1x1x1960x1024]:bfloat16,,"{""inputs"": [{""layout"": ""ROW_MAJOR_LAYOUT"", ""memory"": ""L1_HEIGHT_SHARDED"", ""dtype"": ""bfloat16""}], ""outputs"": [{""layout"": ""ROW_MAJOR_LAYOUT"", ""memory"": ""L1_INTERLEAVED"", ""dtype"": ""bfloat16""}]}",,None,False,False,NA,2007040,2007040,4014080,4014080,{'mov': 2007040},0,2007040,2007040,2007040,872,15120,15120,100.0,MEM,30340.0,0.022474074074074073,37925.0,0,872,0.028092592592592593,0.0,0.017244561634805537,0.39868160843770606,0.39868160843770606,0.0,0.0,False,,,
Blackhole,p100a,1350.0,VECTOR,BF16,TTNN,vitoptim_bh,vitoptim_bh_b16,1,2,ttsim.ttnn.Op_3,False,False,TilizeWithValPadding,1,"{'output_padded_shape': [1, 1, 1984, 1024], 'pad_value': 0.0, 'use_multicore': True, 'element_size': 2}",['ttsim.ttnn.Op_2.out'],['ttsim.ttnn.Op_3.out'],ttsim.ttnn.Op_2.out[1x1x1960x1024]:bfloat16,ttsim.ttnn.Op_3.out[1x1x1960x1024]:bfloat8_b,,"{""inputs"": [{""layout"": ""ROW_MAJOR_LAYOUT"", ""memory"": ""L1_INTERLEAVED"", ""dtype"": ""bfloat16""}], ""outputs"": [{""layout"": ""TILE_LAYOUT"", ""memory"": ""L1_INTERLEAVED"", ""dtype"": ""bfloat8_b""}]}",,None,False,False,NA,2007040,2031616,4014080,4063232,{'mov': 2031616},0,2007040,2007040,2031616,882,15120,15306,100.0,MEM,30526.0,0.02261185185185185,38158.0,0,882,0.028265185185185185,0.0,0.017336041407324903,0.3962523750245692,0.4011269082093953,0.0,0.0,False,,,
Blackhole,p100a,1350.0,MATRIX,BF16,TTNN,vitoptim_bh,vitoptim_bh_b16,1,3,ttsim.ttnn.Op_4,True,False,MatMul,1,{},"['ttsim.ttnn.Op_3.out', 'ttsim.ttnn.Tensor_4', 'ttsim.ttnn.Tensor_5']",['ttsim.ttnn.Op_4.out'],ttsim.ttnn.Op_3.out[1x1x1960x1024]:bfloat8_b;ttsim.ttnn.Tensor_4[1024x768]:bfloat8_b;ttsim.ttnn.Tensor_5[1x768]:bfloat8_b,ttsim.ttnn.Op_4.out[1x1x1960x768]:bfloat16,,"{""inputs"": [{""layout"": ""TILE_LAYOUT"", ""memory"": ""L1_INTERLEAVED"", ""dtype"": ""bfloat8_b""}, {""layout"": ""TILE_LAYOUT"", ""memory"": null, ""dtype"": ""bfloat8_b""}, {""layout"": ""TILE_LAYOUT"", ""memory"": null, ""dtype"": ""bfloat8_b""}], ""outputs"": [{""layout"": ""TILE_LAYOUT"", ""memory"": ""L1_INTERLEAVED"", ""dtype"": ""bfloat16""}]}",,None,False,False,NA,787200,1505280,1574400,3010560,"{'mac': 1541406720, 'add': 1505280}",0,2794240,1505280,1542912000,41855,5931,11340,100.0,COMP,41955.0,0.03107777777777778,52444.0,41855,0,0.03884740740740741,0.5985698963174829,0.0,0.11309259921344297,0.21623167679656774,0.0,0.0,False,,,
Blackhole,p100a,1350.0,VECTOR,BF16,TTNN,vitoptim_bh,vitoptim_bh_b16,1,4,ttsim.ttnn.Op_5,False,False,UntilizeWithUnpadding,1,"{'output_shape': [1, 1, 1960, 768], 'use_multicore': True, 'use_pack_untilize': True, 'element_size': 2}",['ttsim.ttnn.Op_4.out'],['ttsim.ttnn.Op_5.out'],ttsim.ttnn.Op_4.out[1x1x1960x768]:bfloat16,ttsim.ttnn.Op_5.out[1x1x1960x768]:bfloat16,,"{""inputs"": [{""layout"": ""TILE_LAYOUT"", ""memory"": ""L1_INTERLEAVED"", ""dtype"": ""bfloat16""}], ""outputs"": [{""layout"": ""ROW_MAJOR_LAYOUT"", ""memory"": ""L1_INTERLEAVED"", ""dtype"": ""bfloat16""}]}",,None,False,False,NA,1523712,1505280,3047424,3010560,{'mov': 1505280},0,1505280,1505280,1505280,654,11479,11340,100.0,MEM,22919.0,0.016977037037037037,28649.0,0,654,0.021221481481481484,0.0,0.017121165844932153,0.4006806579693704,0.3958287883415507,0.0,0.0,False,,,
Blackhole,p100a,1350.0,VECTOR,BF16,TTNN,vitoptim_bh,vitoptim_bh_b16,1,5,ttsim.ttnn.Op_6,True,False,Concat,1,{'axis': 1},"['ttsim.ttnn.Tensor_2', 'ttsim.ttnn.Op_5.out']",['ttsim.ttnn.Op_6.out'],ttsim.ttnn.Tensor_2[10x1x768]:bfloat16;ttsim.ttnn.Op_5.out[10x196x768]:bfloat16,ttsim.ttnn.Op_6.out[10x197x768]:bfloat16,,"{""inputs"": [{""layout"": ""ROW_MAJOR_LAYOUT"", ""memory"": null, ""dtype"": ""bfloat16""}, {""layout"": ""ROW_MAJOR_LAYOUT"", ""memory"": ""L1_INTERLEAVED"", ""dtype"": ""bfloat16""}], ""outputs"": [{""layout"": ""ROW_MAJOR_LAYOUT"", ""memory"": ""L1_INTERLEAVED"", ""dtype"": ""bfloat16""}]}",,None,False,False,NA,1512960,1512960,3025920,3025920,{'mov': 1512960},0,1512960,1512960,1512960,657,11398,11398,100.0,MEM,22896.0,0.01696,28620.0,0,657,0.0212,0.0,0.01721698113207547,0.39825296995108317,0.39825296995108317,0.0,0.0,False,,,
Blackhole,p100a,1350.0,VECTOR,BF16,TTNN,vitoptim_bh,vitoptim_bh_b16,1,6,ttsim.ttnn.Op_7,False,False,TilizeWithValPadding,1,"{'output_padded_shape': [10, 224, 768], 'pad_value': 0.0, 'use_multicore': True, 'element_size': 2}",['ttsim.ttnn.Op_6.out'],['ttsim.ttnn.Op_7.out'],ttsim.ttnn.Op_6.out[10x197x768]:bfloat16,ttsim.ttnn.Op_7.out[10x197x768]:bfloat16,,"{""inputs"": [{""layout"": ""ROW_MAJOR_LAYOUT"", ""memory"": ""L1_INTERLEAVED"", ""dtype"": ""bfloat16""}], ""outputs"": [{""layout"": ""TILE_LAYOUT"", ""memory"": ""L1_INTERLEAVED"", ""dtype"": ""bfloat16""}]}",,None,False,False,NA,1512960,1720320,3025920,3440640,{'mov': 1720320},0,1512960,1512960,1720320,747,11398,12960,100.0,MEM,24458.0,0.018117037037037036,30573.0,0,747,0.02264666666666667,0.0,0.018325292337885355,0.3728187096246627,0.4239103769727697,0.0,0.0,False,,,
Blackhole,p100a,1350.0,VECTOR,BF16,TTNN,vitoptim_bh,vitoptim_bh_b16,1,7,ttsim.ttnn.Op_8,True,False,Add,1,{},"['ttsim.ttnn.Op_7.out', 'ttsim.ttnn.Tensor_3']",['ttsim.ttnn.Op_8.out'],ttsim.ttnn.Op_7.out[10x197x768]:bfloat16;ttsim.ttnn.Tensor_3[10x197x768]:bfloat8_b,ttsim.ttnn.Op_8.out[10x197x768]:bfloat8_b,,"{""inputs"": [{""layout"": ""TILE_LAYOUT"", ""memory"": ""L1_INTERLEAVED"", ""dtype"": ""bfloat16""}, {""layout"": ""TILE_LAYOUT"", ""memory"": null, ""dtype"": ""bfloat8_b""}], ""outputs"": [{""layout"": ""TILE_LAYOUT"", ""memory"": ""L1_INTERLEAVED"", ""dtype"": ""bfloat8_b""}]}",,None,False,False,NA,3025920,1512960,9077760,3025920,{'add': 1512960},0,3025920,1512960,1512960,657,34194,11398,100.0,MEM,45692.0,0.033845925925925925,57115.0,0,657,0.04230740740740741,0.0,0.008627330823776591,0.598686859844174,0.1995622866147247,0.0,0.0,False,,,
Blackhole,p100a,1350.0,VECTOR,BF16,TTNN,vitoptim_bh,vitoptim_bh_b16,1,8,ttsim.ttnn.Op_9,False,False,InterleavedToSharded,1,"{'element_size': 1, 'memory_config': {'memory_layout': <TensorMemoryLayout.BLOCK_SHARDED: 4>, 'buffer_type': <BufferType.L1: 2>, 'shard_spec': None, 'nd_shard_spec': None}}",['ttsim.ttnn.Op_8.out'],['ttsim.ttnn.Op_9.out'],ttsim.ttnn.Op_8.out[10x197x768]:bfloat8_b,ttsim.ttnn.Op_9.out[10x197x768]:bfloat8_b,,"{""inputs"": [{""layout"": ""TILE_LAYOUT"", ""memory"": ""L1_INTERLEAVED"", ""dtype"": ""bfloat8_b""}], ""outputs"": [{""layout"": ""TILE_LAYOUT"", ""memory"": ""L1_BLOCK_SHARDED"", ""dtype"": ""bfloat8_b""}]}",,None,False,False,NA,1512960,1512960,1512960,1512960,{'mov': 1512960},0,1512960,1512960,1512960,657,5699,5699,100.0,MEM,11498.0,0.008517037037037037,14373.0,0,657,0.010646666666666667,0.0,0.03428422334319012,0.39652113411028006,0.39652113411028006,0.0,0.0,False,,,
Blackhole,p100a,1350.0,VECTOR,BF16,TTNN,vitoptim_bh,vitoptim_bh_b16,1,9,ttsim.ttnn.Op_10,True,False,LayerNormalization,1,{'math_fidelity': 'HiFi2'},"['ttsim.ttnn.Op_9.out', 'ttsim.ttnn.Tensor_10', 'ttsim.ttnn.Tensor_11']",['ttsim.ttnn.Op_10.out'],ttsim.ttnn.Op_9.out[10x197x768]:bfloat8_b;ttsim.ttnn.Tensor_10[1x768]:bfloat16;ttsim.ttnn.Tensor_11[1x768]:bfloat16,ttsim.ttnn.Op_10.out[10x197x768]:bfloat8_b,,"{""inputs"": [{""layout"": ""TILE_LAYOUT"", ""memory"": ""L1_BLOCK_SHARDED"", ""dtype"": ""bfloat8_b""}, {""layout"": ""TILE_LAYOUT"", ""memory"": null, ""dtype"": ""bfloat16""}, {""layout"": ""TILE_LAYOUT"", ""memory"": null, ""dtype"": ""bfloat16""}], ""outputs"": [{""layout"": ""TILE_LAYOUT"", ""memory"": ""L1_BLOCK_SHARDED"", ""dtype"": ""bfloat8_b""}]}",,None,False,False,NA,1514496,1512960,3028992,3025920,"{'add': 3027890, 'sub': 1512960, 'mul': 3025920, 'div': 3940, 'mac': 1512960, 'rsqrt': 1970}",0,1514496,1512960,9085640,3946,11410,11398,100.0,MEM,22908.0,0.016968888888888888,28635.0,0,3946,0.02121111111111111,0.0,0.10335254059717129,0.3984634188929632,0.3980443513183167,0.0,0.0,False,,,
Blackhole,p100a,1350.0,MATRIX,BF16,TTNN,vitoptim_bh,vitoptim_bh_b16,1,10,ttsim.ttnn.Op_11,True,False,MatMul,1,{},"['ttsim.ttnn.Op_10.out', 'ttsim.ttnn.Tensor_6', 'ttsim.ttnn.Tensor_7']",['ttsim.ttnn.Op_11.out'],ttsim.ttnn.Op_10.out[10x197x768]:bfloat8_b;ttsim.ttnn.Tensor_6[768x2304]:bfloat8_b;ttsim.ttnn.Tensor_7[1x2304]:bfloat8_b,ttsim.ttnn.Op_11.out[10x197x2304]:bfloat8_b,,"{""inputs"": [{""layout"": ""TILE_LAYOUT"", ""memory"": ""L1_BLOCK_SHARDED"", ""dtype"": ""bfloat8_b""}, {""layout"": ""TILE_LAYOUT"", ""memory"": null, ""dtype"": ""bfloat8_b""}, {""layout"": ""TILE_LAYOUT"", ""memory"": null, ""dtype"": ""bfloat8_b""}], ""outputs"": [{""layout"": ""TILE_LAYOUT"", ""memory"": ""L1_BLOCK_SHARDED"", ""dtype"": ""bfloat8_b""}]}",,None,False,False,NA,1771776,4538880,3543552,9077760,"{'mac': 3485859840, 'add': 4538880}",0,3284736,4538880,3490398720,94684,13348,34194,100.0,COMP,94784.0,0.07021037037037037,118480.0,94684,0,0.08776296296296296,0.5993669817690749,0.0,0.11266036461850103,0.2886056718433491,0.0,0.0,False,,,
Blackhole,p100a,1350.0,VECTOR,BF16,TTNN,vitoptim_bh,vitoptim_bh_b16,1,11,ttsim.ttnn.Op_12,False,False,Reshard,1,"{'element_size': 1, 'memory_config': {'memory_layout': <TensorMemoryLayout.BLOCK_SHARDED: 4>, 'buffer_type': <BufferType.L1: 2>, 'shard_spec': None, 'nd_shard_spec': None}}",['ttsim.ttnn.Op_11.out'],['ttsim.ttnn.Op_12.out'],ttsim.ttnn.Op_11.out[10x197x2304]:bfloat8_b,ttsim.ttnn.Op_12.out[10x197x2304]:bfloat8_b,,"{""inputs"": [{""layout"": ""TILE_LAYOUT"", ""memory"": ""L1_BLOCK_SHARDED"", ""dtype"": ""bfloat8_b""}], ""outputs"": [{""layout"": ""TILE_LAYOUT"", ""memory"": ""L1_BLOCK_SHARDED"", ""dtype"": ""bfloat8_b""}]}",,None,False,False,NA,4538880,4538880,4538880,4538880,{'mov': 4538880},0,4538880,4538880,4538880,1970,17097,17097,100.0,MEM,34294.0,0.025402962962962964,42868.0,0,1970,0.03175407407407407,0.0,0.03446667055461596,0.39883361520965765,0.39883361520965765,0.0,0.0,False,,,
Blackhole,p100a,1350.0,VECTOR,BF16,TTNN,vitoptim_bh,vitoptim_bh_b16,1,12,ttsim.ttnn.Op_13,False,False,CreateQKVHeads,1,"{'num_heads': 12, 'num_kv_heads': 12, 'head_dim': 64, 'transpose_k_heads': True, 'element_size': 1}",['ttsim.ttnn.Op_12.out'],"['ttsim.ttnn.Op_13.out.0', 'ttsim.ttnn.Op_13.out.1', 'ttsim.ttnn.Op_13.out.2']",ttsim.ttnn.Op_12.out[10x197x2304]:bfloat8_b,ttsim.ttnn.Op_13.out.0[10x12x197x64]:bfloat8_b;ttsim.ttnn.Op_13.out.1[10x12x64x197]:bfloat8_b;ttsim.ttnn.Op_13.out.2[10x12x197x64]:bfloat8_b,,"{""inputs"": [{""layout"": ""TILE_LAYOUT"", ""memory"": ""L1_BLOCK_SHARDED"", ""dtype"": ""bfloat8_b""}], ""outputs"": [{""layout"": ""TILE_LAYOUT"", ""memory"": ""L1_HEIGHT_SHARDED"", ""dtype"": ""bfloat8_b""}, {""layout"": ""TILE_LAYOUT"", ""memory"": ""L1_HEIGHT_SHARDED"", ""dtype"": ""bfloat8_b""}, {""layout"": ""TILE_LAYOUT"", ""memory"": ""L1_HEIGHT_SHARDED"", ""dtype"": ""bfloat8_b""}]}",,None,False,False,NA,4538880,4538880,4538880,4538880,{'mov': 4538880},0,4538880,4538880,4538880,1970,17097,17097,100.0,MEM,34294.0,0.025402962962962964,42868.0,0,1970,0.03175407407407407,0.0,0.03446667055461596,0.39883361520965765,0.39883361520965765,0.0,0.0,False,,,
Blackhole,p100a,1350.0,MATRIX,BF16,TTNN,vitoptim_bh,vitoptim_bh_b16,1,13,ttsim.ttnn.Op_14,False,False,MatMul,1,{},"['ttsim.ttnn.Op_13.out.0', 'ttsim.ttnn.Op_13.out.1']",['ttsim.ttnn.Op_14.out'],ttsim.ttnn.Op_13.out.0[10x12x197x64]:bfloat8_b;ttsim.ttnn.Op_13.out.1[10x12x64x197]:bfloat8_b,ttsim.ttnn.Op_14.out[10x12x197x197]:bfloat8_b,,"{""inputs"": [{""layout"": ""TILE_LAYOUT"", ""memory"": ""L1_HEIGHT_SHARDED"", ""dtype"": ""bfloat8_b""}, {""layout"": ""TILE_LAYOUT"", ""memory"": ""L1_HEIGHT_SHARDED"", ""dtype"": ""bfloat8_b""}], ""outputs"": [{""layout"": ""TILE_LAYOUT"", ""memory"": ""L1_HEIGHT_SHARDED"", ""dtype"": ""bfloat8_b""}]}",,None,False,False,NA,0,4657080,0,9314160,{'mac': 298053120},0,3025920,4657080,298053120,8086,0,35085,100.0,MEM,35185.0,0.026062962962962965,43982.0,8086,13346,0.03257925925925926,0.13788830467528776,0.22758561887167827,0.0,0.7977263038226517,0.0,0.0,False,,,
Blackhole,p100a,1350.0,VECTOR,BF16,TTNN,vitoptim_bh,vitoptim_bh_b16,1,14,ttsim.ttnn.Op_15,True,False,Mul,1,{'scalar': 0.125},"['ttsim.ttnn.Op_14.out', 'ttsim.ttnn.Op_15.scalar']",['ttsim.ttnn.Op_15.out'],ttsim.ttnn.Op_14.out[10x12x197x197]:bfloat8_b;ttsim.ttnn.Op_15.scalar[10x12x197x197]:bfloat8_b,ttsim.ttnn.Op_15.out[10x12x197x197]:bfloat8_b,,"{""inputs"": [{""layout"": ""TILE_LAYOUT"", ""memory"": ""L1_HEIGHT_SHARDED"", ""dtype"": ""bfloat8_b""}, {""layout"": ""TILE_LAYOUT"", ""memory"": ""L1_HEIGHT_SHARDED"", ""dtype"": ""bfloat8_b""}], ""outputs"": [{""layout"": ""TILE_LAYOUT"", ""memory"": ""L1_HEIGHT_SHARDED"", ""dtype"": ""bfloat8_b""}]}",,None,False,True,ttsim.ttnn.Op_14,9314160,4657080,18628320,9314160,{'mul': 4657080},0,9314160,4657080,4657080,2022,70169,35085,100.0,NA,0.0,0.0,0.0,0,0,0.0,0.0,0.0,0.0,0.0,0.0,0.0,False,,,
Blackhole,p100a,1350.0,VECTOR,BF16,TTNN,vitoptim_bh,vitoptim_bh_b16,1,15,ttsim.ttnn.Op_16,False,False,Softmax,1,{'dim': -1},['ttsim.ttnn.Op_15.out'],['ttsim.ttnn.Op_16.out'],ttsim.ttnn.Op_15.out[10x12x197x197]:bfloat8_b,ttsim.ttnn.Op_16.out[10x12x197x197]:bfloat8_b,,"{""inputs"": [{""layout"": ""TILE_LAYOUT"", ""memory"": ""L1_HEIGHT_SHARDED"", ""dtype"": ""bfloat8_b""}], ""outputs"": [{""layout"": ""TILE_LAYOUT"", ""memory"": ""L1_HEIGHT_SHARDED"", ""dtype"": ""bfloat8_b""}]}",,None,False,True,ttsim.ttnn.Op_14,4657080,4657080,9314160,9314160,"{'cmp': 4657080, 'sub': 4657080, 'exp': 4657080, 'add': 4657080, 'div': 4657080}",0,4657080,4657080,23285400,10110,35085,35085,100.0,NA,0.0,0.0,0.0,0,0,0.0,0.0,0.0,0.0,0.0,0.0,0.0,False,,,
Blackhole,p100a,1350.0,MATRIX,BF16,TTNN,vitoptim_bh,vitoptim_bh_b16,1,16,ttsim.ttnn.Op_17,False,False,MatMul,1,{},"['ttsim.ttnn.Op_16.out', 'ttsim.ttnn.Op_13.out.2']",['ttsim.ttnn.Op_17.out'],ttsim.ttnn.Op_16.out[10x12x197x197]:bfloat8_b;ttsim.ttnn.Op_13.out.2[10x12x197x64]:bfloat8_b,ttsim.ttnn.Op_17.out[10x12x197x64]:bfloat8_b,,"{""inputs"": [{""layout"": ""TILE_LAYOUT"", ""memory"": ""L1_HEIGHT_SHARDED"", ""dtype"": ""bfloat8_b""}, {""layout"": ""TILE_LAYOUT"", ""memory"": ""L1_HEIGHT_SHARDED"", ""dtype"": ""bfloat8_b""}], ""outputs"": [{""layout"": ""TILE_LAYOUT"", ""memory"": ""L1_HEIGHT_SHARDED"", ""dtype"": ""bfloat8_b""}]}",,None,False,False,NA,0,1512960,0,3025920,{'mac': 298053120},0,6170040,1512960,298053120,8086,0,11398,100.0,MEM,11498.0,0.008517037037037037,14373.0,8086,0,0.010646666666666667,0.4219516437641329,0.0,0.0,0.7930422682205601,0.0,0.0,False,,,
Blackhole,p100a,1350.0,VECTOR,BF16,TTNN,vitoptim_bh,vitoptim_bh_b16,1,17,ttsim.ttnn.Op_18,False,False,ConcatHeads,1,{'element_size': 1},['ttsim.ttnn.Op_17.out'],['ttsim.ttnn.Op_18.out'],ttsim.ttnn.Op_17.out[10x12x197x64]:bfloat8_b,ttsim.ttnn.Op_18.out[10x197x768]:bfloat8_b,,"{""inputs"": [{""layout"": ""TILE_LAYOUT"", ""memory"": ""L1_HEIGHT_SHARDED"", ""dtype"": ""bfloat8_b""}], ""outputs"": [{""layout"": ""TILE_LAYOUT"", ""memory"": ""L1_BLOCK_SHARDED"", ""dtype"": ""bfloat8_b""}]}",,None,False,False,NA,1512960,1512960,1512960,1512960,{'mov': 1512960},0,1512960,1512960,1512960,657,5699,5699,100.0,MEM,11498.0,0.008517037037037037,14373.0,0,657,0.010646666666666667,0.0,0.03428422334319012,0.39652113411028006,0.39652113411028006,0.0,0.0,False,,,
Blackhole,p100a,1350.0,MATRIX,BF16,TTNN,vitoptim_bh,vitoptim_bh_b16,1,18,ttsim.ttnn.Op_19,True,False,MatMul,1,{},"['ttsim.ttnn.Op_18.out', 'ttsim.ttnn.Tensor_8', 'ttsim.ttnn.Tensor_9']",['ttsim.ttnn.Op_19.out'],ttsim.ttnn.Op_18.out[10x197x768]:bfloat8_b;ttsim.ttnn.Tensor_8[768x768]:bfloat8_b;ttsim.ttnn.Tensor_9[1x768]:bfloat8_b,ttsim.ttnn.Op_19.out[10x197x768]:bfloat8_b,,"{""inputs"": [{""layout"": ""TILE_LAYOUT"", ""memory"": ""L1_BLOCK_SHARDED"", ""dtype"": ""bfloat8_b""}, {""layout"": ""TILE_LAYOUT"", ""memory"": null, ""dtype"": ""bfloat8_b""}, {""layout"": ""TILE_LAYOUT"", ""memory"": null, ""dtype"": ""bfloat8_b""}], ""outputs"": [{""layout"": ""TILE_LAYOUT"", ""memory"": ""L1_BLOCK_SHARDED"", ""dtype"": ""bfloat8_b""}]}",,None,False,False,NA,590592,1512960,1181184,3025920,"{'mac': 1161953280, 'add': 1512960}",0,2103552,1512960,1163466240,31562,4450,11398,100.0,COMP,32385.0,0.023988888888888886,40482.0,31562,723,0.02998666666666667,0.5847522000926355,0.013395090319592403,0.10992743554114559,0.2815624517523545,0.0,0.0,False,,,
Blackhole,p100a,1350.0,VECTOR,BF16,TTNN,vitoptim_bh,vitoptim_bh_b16,1,19,ttsim.ttnn.Op_20,False,False,Add,1,{},"['ttsim.ttnn.Op_19.out', 'ttsim.ttnn.Op_9.out']",['ttsim.ttnn.Op_20.out'],ttsim.ttnn.Op_19.out[10x197x768]:bfloat8_b;ttsim.ttnn.Op_9.out[10x197x768]:bfloat8_b,ttsim.ttnn.Op_20.out[10x197x768]:bfloat8_b,,"{""inputs"": [{""layout"": ""TILE_LAYOUT"", ""memory"": ""L1_BLOCK_SHARDED"", ""dtype"": ""bfloat8_b""}, {""layout"": ""TILE_LAYOUT"", ""memory"": ""L1_BLOCK_SHARDED"", ""dtype"": ""bfloat8_b""}], ""outputs"": [{""layout"": ""TILE_LAYOUT"", ""memory"": ""L1_BLOCK_SHARDED"", ""dtype"": ""bfloat8_b""}]}",,None,False,True,ttsim.ttnn.Op_19,3025920,1512960,6051840,3025920,{'add': 1512960},0,3025920,1512960,1512960,657,22796,11398,100.0,NA,0.0,0.0,0.0,0,0,0.0,0.0,0.0,0.0,0.0,0.0,0.0,False,,,
Blackhole,p100a,1350.0,VECTOR,BF16,TTNN,vitoptim_bh,vitoptim_bh_b16,1,20,ttsim.ttnn.Op_21,True,False,LayerNormalization,1,{'math_fidelity': 'HiFi2'},"['ttsim.ttnn.Op_20.out', 'ttsim.ttnn.Tensor_12', 'ttsim.ttnn.Tensor_13']",['ttsim.ttnn.Op_21.out'],ttsim.ttnn.Op_20.out[10x197x768]:bfloat8_b;ttsim.ttnn.Tensor_12[1x768]:bfloat16;ttsim.ttnn.Tensor_13[1x768]:bfloat16,ttsim.ttnn.Op_21.out[10x197x768]:bfloat8_b,,"{""inputs"": [{""layout"": ""TILE_LAYOUT"", ""memory"": ""L1_BLOCK_SHARDED"", ""dtype"": ""bfloat8_b""}, {""layout"": ""TILE_LAYOUT"", ""memory"": null, ""dtype"": ""bfloat16""}, {""layout"": ""TILE_LAYOUT"", ""memory"": null, ""dtype"": ""bfloat16""}], ""outputs"": [{""layout"": ""TILE_LAYOUT"", ""memory"": ""L1_BLOCK_SHARDED"", ""dtype"": ""bfloat8_b""}]}",,None,False,False,NA,1514496,1512960,3028992,3025920,"{'add': 3027890, 'sub': 1512960, 'mul': 3025920, 'div': 3940, 'mac': 1512960, 'rsqrt': 1970}",0,1514496,1512960,9085640,3946,11410,11398,100.0,MEM,22908.0,0.016968888888888888,28635.0,0,3946,0.02121111111111111,0.0,0.10335254059717129,0.3984634188929632,0.3980443513183167,0.0,0.0,False,,,
Blackhole,p100a,1350.0,MATRIX,BF16,TTNN,vitoptim_bh,vitoptim_bh_b16,1,21,ttsim.ttnn.Op_22,True,False,MatMul,1,{'fused_activation': 'gelu'},"['ttsim.ttnn.Op_21.out', 'ttsim.ttnn.Tensor_14', 'ttsim.ttnn.Tensor_15']",['ttsim.ttnn.Op_22.out'],ttsim.ttnn.Op_21.out[10x197x768]:bfloat8_b;ttsim.ttnn.Tensor_14[768x3072]:bfloat8_b;ttsim.ttnn.Tensor_15[1x3072]:bfloat8_b,ttsim.ttnn.Op_22.out[10x197x3072]:bfloat8_b,,"{""inputs"": [{""layout"": ""TILE_LAYOUT"", ""memory"": ""L1_BLOCK_SHARDED"", ""dtype"": ""bfloat8_b""}, {""layout"": ""TILE_LAYOUT"", ""memory"": null, ""dtype"": ""bfloat8_b""}, {""layout"": ""TILE_LAYOUT"", ""memory"": null, ""dtype"": ""bfloat8_b""}], ""outputs"": [{""layout"": ""TILE_LAYOUT"", ""memory"": ""L1_BLOCK_SHARDED"", ""dtype"": ""bfloat8_b""}]}",,None,False,False,NA,2362368,6051840,4724736,12103680,"{'mac': 4647813120, 'add': 18155520, 'mul': 36311040, 'tanh': 6051840}",0,3875328,6051840,4708331520,130185,17797,45592,100.0,COMP,269020.0,0.19927407407407408,336275.0,268920,0,0.2490925925925926,0.5997769682551483,0.0,0.05292394617500558,0.03389487770425991,0.0,0.0,False,,,
Blackhole,p100a,1350.0,MATRIX,BF16,TTNN,vitoptim_bh,vitoptim_bh_b16,1,22,ttsim.ttnn.Op_23,True,False,MatMul,1,{},"['ttsim.ttnn.Op_22.out', 'ttsim.ttnn.Tensor_16', 'ttsim.ttnn.Tensor_17']",['ttsim.ttnn.Op_23.out'],ttsim.ttnn.Op_22.out[10x197x3072]:bfloat8_b;ttsim.ttnn.Tensor_16[3072x768]:bfloat8_b;ttsim.ttnn.Tensor_17[1x768]:bfloat8_b,ttsim.ttnn.Op_23.out[10x197x768]:bfloat8_b,,"{""inputs"": [{""layout"": ""TILE_LAYOUT"", ""memory"": ""L1_BLOCK_SHARDED"", ""dtype"": ""bfloat8_b""}, {""layout"": ""TILE_LAYOUT"", ""memory"": null, ""dtype"": ""bfloat8_b""}, {""layout"": ""TILE_LAYOUT"", ""memory"": null, ""dtype"": ""bfloat8_b""}], ""outputs"": [{""layout"": ""TILE_LAYOUT"", ""memory"": ""L1_BLOCK_SHARDED"", ""dtype"": ""bfloat8_b""}]}",,None,False,True,ttsim.ttnn.Op_22,2360064,1512960,4720128,3025920,"{'mac': 4647813120, 'add': 1512960}",0,8411904,1512960,4649326080,126122,17780,11398,100.0,NA,0.0,0.0,0.0,0,0,0.0,0.0,0.0,0.0,0.0,0.0,0.0,False,,,
Blackhole,p100a,1350.0,VECTOR,BF16,TTNN,vitoptim_bh,vitoptim_bh_b16,1,23,ttsim.ttnn.Op_24,False,False,Add,1,{},"['ttsim.ttnn.Op_23.out', 'ttsim.ttnn.Op_20.out']",['ttsim.ttnn.Op_24.out'],ttsim.ttnn.Op_23.out[10x197x768]:bfloat8_b;ttsim.ttnn.Op_20.out[10x197x768]:bfloat8_b,ttsim.ttnn.Op_24.out[10x197x768]:bfloat8_b,,"{""inputs"": [{""layout"": ""TILE_LAYOUT"", ""memory"": ""L1_BLOCK_SHARDED"", ""dtype"": ""bfloat8_b""}, {""layout"": ""TILE_LAYOUT"", ""memory"": ""L1_BLOCK_SHARDED"", ""dtype"": ""bfloat8_b""}], ""outputs"": [{""layout"": ""TILE_LAYOUT"", ""memory"": ""L1_BLOCK_SHARDED"", ""dtype"": ""bfloat8_b""}]}",,None,False,False,NA,3025920,1512960,6051840,3025920,{'add': 1512960},0,3025920,1512960,1512960,657,22796,11398,100.0,MEM,34294.0,0.025402962962962964,42868.0,0,657,0.03175407407407407,0.0,0.0114947221088237,0.531778153612877,0.2658890768064385,0.0,0.0,False,,,
Blackhole,p100a,1350.0,VECTOR,BF16,TTNN,vitoptim_bh,vitoptim_bh_b16,1,24,ttsim.ttnn.Op_25,True,False,LayerNormalization,1,{'math_fidelity': 'HiFi2'},"['ttsim.ttnn.Op_24.out', 'ttsim.ttnn.Tensor_22', 'ttsim.ttnn.Tensor_23']",['ttsim.ttnn.Op_25.out'],ttsim.ttnn.Op_24.out[10x197x768]:bfloat8_b;ttsim.ttnn.Tensor_22[1x768]:bfloat16;ttsim.ttnn.Tensor_23[1x768]:bfloat16,ttsim.ttnn.Op_25.out[10x197x768]:bfloat8_b,,"{""inputs"": [{""layout"": ""TILE_LAYOUT"", ""memory"": ""L1_BLOCK_SHARDED"", ""dtype"": ""bfloat8_b""}, {""layout"": ""TILE_LAYOUT"", ""memory"": null, ""dtype"": ""bfloat16""}, {""layout"": ""TILE_LAYOUT"", ""memory"": null, ""dtype"": ""bfloat16""}], ""outputs"": [{""layout"": ""TILE_LAYOUT"", ""memory"": ""L1_BLOCK_SHARDED"", ""dtype"": ""bfloat8_b""}]}",,None,False,False,NA,1514496,1512960,3028992,3025920,"{'add': 3027890, 'sub': 1512960, 'mul': 3025920, 'div': 3940, 'mac': 1512960, 'rsqrt': 1970}",0,1514496,1512960,9085640,3946,11410,11398,100.0,MEM,22908.0,0.016968888888888888,28635.0,0,3946,0.02121111111111111,0.0,0.10335254059717129,0.3984634188929632,0.3980443513183167,0.0,0.0,False,,,
Blackhole,p100a,1350.0,MATRIX,BF16,TTNN,vitoptim_bh,vitoptim_bh_b16,1,25,ttsim.ttnn.Op_26,True,False,MatMul,1,{},"['ttsim.ttnn.Op_25.out', 'ttsim.ttnn.Tensor_18', 'ttsim.ttnn.Tensor_19']",['ttsim.ttnn.Op_26.out'],ttsim.ttnn.Op_25.out[10x197x768]:bfloat8_b;ttsim.ttnn.Tensor_18[768x2304]:bfloat8_b;ttsim.ttnn.Tensor_19[1x2304]:bfloat8_b,ttsim.ttnn.Op_26.out[10x197x2304]:bfloat8_b,,"{""inputs"": [{""layout"": ""TILE_LAYOUT"", ""memory"": ""L1_BLOCK_SHARDED"", ""dtype"": ""bfloat8_b""}, {""layout"": ""TILE_LAYOUT"", ""memory"": null, ""dtype"": ""bfloat8_b""}, {""layout"": ""TILE_LAYOUT"", ""memory"": null, ""dtype"": ""bfloat8_b""}], ""outputs"": [{""layout"": ""TILE_LAYOUT"", ""memory"": ""L1_BLOCK_SHARDED"", ""dtype"": ""bfloat8_b""}]}",,None,False,False,NA,1771776,4538880,3543552,9077760,"{'mac': 3485859840, 'add': 4538880}",0,3284736,4538880,3490398720,94684,13348,34194,100.0,COMP,94784.0,0.07021037037037037,118480.0,94684,0,0.08776296296296296,0.5993669817690749,0.0,0.11266036461850103,0.2886056718433491,0.0,0.0,False,,,
Blackhole,p100a,1350.0,VECTOR,BF16,TTNN,vitoptim_bh,vitoptim_bh_b16,1,26,ttsim.ttnn.Op_27,False,False,Reshard,1,"{'element_size': 1, 'memory_config': {'memory_layout': <TensorMemoryLayout.BLOCK_SHARDED: 4>, 'buffer_type': <BufferType.L1: 2>, 'shard_spec': None, 'nd_shard_spec': None}}",['ttsim.ttnn.Op_26.out'],['ttsim.ttnn.Op_27.out'],ttsim.ttnn.Op_26.out[10x197x2304]:bfloat8_b,ttsim.ttnn.Op_27.out[10x197x2304]:bfloat8_b,,"{""inputs"": [{""layout"": ""TILE_LAYOUT"", ""memory"": ""L1_BLOCK_SHARDED"", ""dtype"": ""bfloat8_b""}], ""outputs"": [{""layout"": ""TILE_LAYOUT"", ""memory"": ""L1_BLOCK_SHARDED"", ""dtype"": ""bfloat8_b""}]}",,None,False,False,NA,4538880,4538880,4538880,4538880,{'mov': 4538880},0,4538880,4538880,4538880,1970,17097,17097,100.0,MEM,34294.0,0.025402962962962964,42868.0,0,1970,0.03175407407407407,0.0,0.03446667055461596,0.39883361520965765,0.39883361520965765,0.0,0.0,False,,,
Blackhole,p100a,1350.0,VECTOR,BF16,TTNN,vitoptim_bh,vitoptim_bh_b16,1,27,ttsim.ttnn.Op_28,False,False,CreateQKVHeads,1,"{'num_heads': 12, 'num_kv_heads': 12, 'head_dim': 64, 'transpose_k_heads': True, 'element_size': 1}",['ttsim.ttnn.Op_27.out'],"['ttsim.ttnn.Op_28.out.0', 'ttsim.ttnn.Op_28.out.1', 'ttsim.ttnn.Op_28.out.2']",ttsim.ttnn.Op_27.out[10x197x2304]:bfloat8_b,ttsim.ttnn.Op_28.out.0[10x12x197x64]:bfloat8_b;ttsim.ttnn.Op_28.out.1[10x12x64x197]:bfloat8_b;ttsim.ttnn.Op_28.out.2[10x12x197x64]:bfloat8_b,,"{""inputs"": [{""layout"": ""TILE_LAYOUT"", ""memory"": ""L1_BLOCK_SHARDED"", ""dtype"": ""bfloat8_b""}], ""outputs"": [{""layout"": ""TILE_LAYOUT"", ""memory"": ""L1_HEIGHT_SHARDED"", ""dtype"": ""bfloat8_b""}, {""layout"": ""TILE_LAYOUT"", ""memory"": ""L1_HEIGHT_SHARDED"", ""dtype"": ""bfloat8_b""}, {""layout"": ""TILE_LAYOUT"", ""memory"": ""L1_HEIGHT_SHARDED"", ""dtype"": ""bfloat8_b""}]}",,None,False,False,NA,4538880,4538880,4538880,4538880,{'mov': 4538880},0,4538880,4538880,4538880,1970,17097,17097,100.0,MEM,34294.0,0.025402962962962964,42868.0,0,1970,0.03175407407407407,0.0,0.03446667055461596,0.39883361520965765,0.39883361520965765,0.0,0.0,False,,,
Blackhole,p100a,1350.0,MATRIX,BF16,TTNN,vitoptim_bh,vitoptim_bh_b16,1,28,ttsim.ttnn.Op_29,False,False,MatMul,1,{},"['ttsim.ttnn.Op_28.out.0', 'ttsim.ttnn.Op_28.out.1']",['ttsim.ttnn.Op_29.out'],ttsim.ttnn.Op_28.out.0[10x12x197x64]:bfloat8_b;ttsim.ttnn.Op_28.out.1[10x12x64x197]:bfloat8_b,ttsim.ttnn.Op_29.out[10x12x197x197]:bfloat8_b,,"{""inputs"": [{""layout"": ""TILE_LAYOUT"", ""memory"": ""L1_HEIGHT_SHARDED"", ""dtype"": ""bfloat8_b""}, {""layout"": ""TILE_LAYOUT"", ""memory"": ""L1_HEIGHT_SHARDED"", ""dtype"": ""bfloat8_b""}], ""outputs"": [{""layout"": ""TILE_LAYOUT"", ""memory"": ""L1_HEIGHT_SHARDED"", ""dtype"": ""bfloat8_b""}]}",,None,False,False,NA,0,4657080,0,9314160,{'mac': 298053120},0,3025920,4657080,298053120,8086,0,35085,100.0,MEM,35185.0,0.026062962962962965,43982.0,8086,13346,0.03257925925925926,0.13788830467528776,0.22758561887167827,0.0,0.7977263038226517,0.0,0.0,False,,,
Blackhole,p100a,1350.0,VECTOR,BF16,TTNN,vitoptim_bh,vitoptim_bh_b16,1,29,ttsim.ttnn.Op_30,True,False,Mul,1,{'scalar': 0.125},"['ttsim.ttnn.Op_29.out', 'ttsim.ttnn.Op_30.scalar']",['ttsim.ttnn.Op_30.out'],ttsim.ttnn.Op_29.out[10x12x197x197]:bfloat8_b;ttsim.ttnn.Op_30.scalar[10x12x197x197]:bfloat8_b,ttsim.ttnn.Op_30.out[10x12x197x197]:bfloat8_b,,"{""inputs"": [{""layout"": ""TILE_LAYOUT"", ""memory"": ""L1_HEIGHT_SHARDED"", ""dtype"": ""bfloat8_b""}, {""layout"": ""TILE_LAYOUT"", ""memory"": ""L1_HEIGHT_SHARDED"", ""dtype"": ""bfloat8_b""}], ""outputs"": [{""layout"": ""TILE_LAYOUT"", ""memory"": ""L1_HEIGHT_SHARDED"", ""dtype"": ""bfloat8_b""}]}",,None,False,True,ttsim.ttnn.Op_29,9314160,4657080,18628320,9314160,{'mul': 4657080},0,9314160,4657080,4657080,2022,70169,35085,100.0,NA,0.0,0.0,0.0,0,0,0.0,0.0,0.0,0.0,0.0,0.0,0.0,False,,,
Blackhole,p100a,1350.0,VECTOR,BF16,TTNN,vitoptim_bh,vitoptim_bh_b16,1,30,ttsim.ttnn.Op_31,False,False,Softmax,1,{'dim': -1},['ttsim.ttnn.Op_30.out'],['ttsim.ttnn.Op_31.out'],ttsim.ttnn.Op_30.out[10x12x197x197]:bfloat8_b,ttsim.ttnn.Op_31.out[10x12x197x197]:bfloat8_b,,"{""inputs"": [{""layout"": ""TILE_LAYOUT"", ""memory"": ""L1_HEIGHT_SHARDED"", ""dtype"": ""bfloat8_b""}], ""outputs"": [{""layout"": ""TILE_LAYOUT"", ""memory"": ""L1_HEIGHT_SHARDED"", ""dtype"": ""bfloat8_b""}]}",,None,False,True,ttsim.ttnn.Op_29,4657080,4657080,9314160,9314160,"{'cmp': 4657080, 'sub': 4657080, 'exp': 4657080, 'add': 4657080, 'div': 4657080}",0,4657080,4657080,23285400,10110,35085,35085,100.0,NA,0.0,0.0,0.0,0,0,0.0,0.0,0.0,0.0,0.0,0.0,0.0,False,,,
Blackhole,p100a,1350.0,MATRIX,BF16,TTNN,vitoptim_bh,vitoptim_bh_b16,1,31,ttsim.ttnn.Op_32,False,False,MatMul,1,{},"['ttsim.ttnn.Op_31.out', 'ttsim.ttnn.Op_28.out.2']",['ttsim.ttnn.Op_32.out'],ttsim.ttnn.Op_31.out[10x12x197x197]:bfloat8_b;ttsim.ttnn.Op_28.out.2[10x12x197x64]:bfloat8_b,ttsim.ttnn.Op_32.out[10x12x197x64]:bfloat8_b,,"{""inputs"": [{""layout"": ""TILE_LAYOUT"", ""memory"": ""L1_HEIGHT_SHARDED"", ""dtype"": ""bfloat8_b""}, {""layout"": ""TILE_LAYOUT"", ""memory"": ""L1_HEIGHT_SHARDED"", ""dtype"": ""bfloat8_b""}], ""outputs"": [{""layout"": ""TILE_LAYOUT"", ""memory"": ""L1_HEIGHT_SHARDED"", ""dtype"": ""bfloat8_b""}]}",,None,False,False,NA,0,1512960,0,3025920,{'mac': 298053120},0,6170040,1512960,298053120,8086,0,11398,100.0,MEM,11498.0,0.008517037037037037,14373.0,8086,0,0.010646666666666667,0.4219516437641329,0.0,0.0,0.7930422682205601,0.0,0.0,False,,,
Blackhole,p100a,1350.0,VECTOR,BF16,TTNN,vitoptim_bh,vitoptim_bh_b16,1,32,ttsim.ttnn.Op_33,False,False,ConcatHeads,1,{'element_size': 1},['ttsim.ttnn.Op_32.out'],['ttsim.ttnn.Op_33.out'],ttsim.ttnn.Op_32.out[10x12x197x64]:bfloat8_b,ttsim.ttnn.Op_33.out[10x197x768]:bfloat8_b,,"{""inputs"": [{""layout"": ""TILE_LAYOUT"", ""memory"": ""L1_HEIGHT_SHARDED"", ""dtype"": ""bfloat8_b""}], ""outputs"": [{""layout"": ""TILE_LAYOUT"", ""memory"": ""L1_BLOCK_SHARDED"", ""dtype"": ""bfloat8_b""}]}",,None,False,False,NA,1512960,1512960,1512960,1512960,{'mov': 1512960},0,1512960,1512960,1512960,657,5699,5699,100.0,MEM,11498.0,0.008517037037037037,14373.0,0,657,0.010646666666666667,0.0,0.03428422334319012,0.39652113411028006,0.39652113411028006,0.0,0.0,False,,,
Blackhole,p100a,1350.0,MATRIX,BF16,TTNN,vitoptim_bh,vitoptim_bh_b16,1,33,ttsim.ttnn.Op_34,True,False,MatMul,1,{},"['ttsim.ttnn.Op_33.out', 'ttsim.ttnn.Tensor_20', 'ttsim.ttnn.Tensor_21']",['ttsim.ttnn.Op_34.out'],ttsim.ttnn.Op_33.out[10x197x768]:bfloat8_b;ttsim.ttnn.Tensor_20[768x768]:bfloat8_b;ttsim.ttnn.Tensor_21[1x768]:bfloat8_b,ttsim.ttnn.Op_34.out[10x197x768]:bfloat8_b,,"{""inputs"": [{""layout"": ""TILE_LAYOUT"", ""memory"": ""L1_BLOCK_SHARDED"", ""dtype"": ""bfloat8_b""}, {""layout"": ""TILE_LAYOUT"", ""memory"": null, ""dtype"": ""bfloat8_b""}, {""layout"": ""TILE_LAYOUT"", ""memory"": null, ""dtype"": ""bfloat8_b""}], ""outputs"": [{""layout"": ""TILE_LAYOUT"", ""memory"": ""L1_BLOCK_SHARDED"", ""dtype"": ""bfloat8_b""}]}",,None,False,False,NA,590592,1512960,1181184,3025920,"{'mac': 1161953280, 'add': 1512960}",0,2103552,1512960,1163466240,31562,4450,11398,100.0,COMP,32385.0,0.023988888888888886,40482.0,31562,723,0.02998666666666667,0.5847522000926355,0.013395090319592403,0.10992743554114559,0.2815624517523545,0.0,0.0,False,,,
Blackhole,p100a,1350.0,VECTOR,BF16,TTNN,vitoptim_bh,vitoptim_bh_b16,1,34,ttsim.ttnn.Op_35,False,False,Add,1,{},"['ttsim.ttnn.Op_34.out', 'ttsim.ttnn.Op_24.out']",['ttsim.ttnn.Op_35.out'],ttsim.ttnn.Op_34.out[10x197x768]:bfloat8_b;ttsim.ttnn.Op_24.out[10x197x768]:bfloat8_b,ttsim.ttnn.Op_35.out[10x197x768]:bfloat8_b,,"{""inputs"": [{""layout"": ""TILE_LAYOUT"", ""memory"": ""L1_BLOCK_SHARDED"", ""dtype"": ""bfloat8_b""}, {""layout"": ""TILE_LAYOUT"", ""memory"": ""L1_BLOCK_SHARDED"", ""dtype"": ""bfloat8_b""}], ""outputs"": [{""layout"": ""TILE_LAYOUT"", ""memory"": ""L1_BLOCK_SHARDED"", ""dtype"": ""bfloat8_b""}]}",,None,False,True,ttsim.ttnn.Op_34,3025920,1512960,6051840,3025920,{'add': 1512960},0,3025920,1512960,1512960,657,22796,11398,100.0,NA,0.0,0.0,0.0,0,0,0.0,0.0,0.0,0.0,0.0,0.0,0.0,False,,,
Blackhole,p100a,1350.0,VECTOR,BF16,TTNN,vitoptim_bh,vitoptim_bh_b16,1,35,ttsim.ttnn.Op_36,True,False,LayerNormalization,1,{'math_fidelity': 'HiFi2'},"['ttsim.ttnn.Op_35.out', 'ttsim.ttnn.Tensor_24', 'ttsim.ttnn.Tensor_25']",['ttsim.ttnn.Op_36.out'],ttsim.ttnn.Op_35.out[10x197x768]:bfloat8_b;ttsim.ttnn.Tensor_24[1x768]:bfloat16;ttsim.ttnn.Tensor_25[1x768]:bfloat16,ttsim.ttnn.Op_36.out[10x197x768]:bfloat8_b,,"{""inputs"": [{""layout"": ""TILE_LAYOUT"", ""memory"": ""L1_BLOCK_SHARDED"", ""dtype"": ""bfloat8_b""}, {""layout"": ""TILE_LAYOUT"", ""memory"": null, ""dtype"": ""bfloat16""}, {""layout"": ""TILE_LAYOUT"", ""memory"": null, ""dtype"": ""bfloat16""}], ""outputs"": [{""layout"": ""TILE_LAYOUT"", ""memory"": ""L1_BLOCK_SHARDED"", ""dtype"": ""bfloat8_b""}]}",,None,False,False,NA,1514496,1512960,3028992,3025920,"{'add': 3027890, 'sub': 1512960, 'mul': 3025920, 'div': 3940, 'mac': 1512960, 'rsqrt': 1970}",0,1514496,1512960,9085640,3946,11410,11398,100.0,MEM,22908.0,0.016968888888888888,28635.0,0,3946,0.02121111111111111,0.0,0.10335254059717129,0.3984634188929632,0.3980443513183167,0.0,0.0,False,,,
Blackhole,p100a,1350.0,MATRIX,BF16,TTNN,vitoptim_bh,vitoptim_bh_b16,1,36,ttsim.ttnn.Op_37,True,False,MatMul,1,{'fused_activation': 'gelu'},"['ttsim.ttnn.Op_36.out', 'ttsim.ttnn.Tensor_26', 'ttsim.ttnn.Tensor_27']",['ttsim.ttnn.Op_37.out'],ttsim.ttnn.Op_36.out[10x197x768]:bfloat8_b;ttsim.ttnn.Tensor_26[768x3072]:bfloat8_b;ttsim.ttnn.Tensor_27[1x3072]:bfloat8_b,ttsim.ttnn.Op_37.out[10x197x3072]:bfloat8_b,,"{""inputs"": [{""layout"": ""TILE_LAYOUT"", ""memory"": ""L1_BLOCK_SHARDED"", ""dtype"": ""bfloat8_b""}, {""layout"": ""TILE_LAYOUT"", ""memory"": null, ""dtype"": ""bfloat8_b""}, {""layout"": ""TILE_LAYOUT"", ""memory"": null, ""dtype"": ""bfloat8_b""}], ""outputs"": [{""layout"": ""TILE_LAYOUT"", ""memory"": ""L1_BLOCK_SHARDED"", ""dtype"": ""bfloat8_b""}]}",,None,False,False,NA,2362368,6051840,4724736,12103680,"{'mac': 4647813120, 'add': 18155520, 'mul': 36311040, 'tanh': 6051840}",0,3875328,6051840,4708331520,130185,17797,45592,100.0,COMP,269020.0,0.19927407407407408,336275.0,268920,0,0.2490925925925926,0.5997769682551483,0.0,0.05292394617500558,0.03389487770425991,0.0,0.0,False,,,
Blackhole,p100a,1350.0,MATRIX,BF16,TTNN,vitoptim_bh,vitoptim_bh_b16,1,37,ttsim.ttnn.Op_38,True,False,MatMul,1,{},"['ttsim.ttnn.Op_37.out', 'ttsim.ttnn.Tensor_28', 'ttsim.ttnn.Tensor_29']",['ttsim.ttnn.Op_38.out'],ttsim.ttnn.Op_37.out[10x197x3072]:bfloat8_b;ttsim.ttnn.Tensor_28[3072x768]:bfloat8_b;ttsim.ttnn.Tensor_29[1x768]:bfloat8_b,ttsim.ttnn.Op_38.out[10x197x768]:bfloat8_b,,"{""inputs"": [{""layout"": ""TILE_LAYOUT"", ""memory"": ""L1_BLOCK_SHARDED"", ""dtype"": ""bfloat8_b""}, {""layout"": ""TILE_LAYOUT"", ""memory"": null, ""dtype"": ""bfloat8_b""}, {""layout"": ""TILE_LAYOUT"", ""memory"": null, ""dtype"": ""bfloat8_b""}], ""outputs"": [{""layout"": ""TILE_LAYOUT"", ""memory"": ""L1_BLOCK_SHARDED"", ""dtype"": ""bfloat8_b""}]}",,None,False,True,ttsim.ttnn.Op_37,2360064,1512960,4720128,3025920,"{'mac': 4647813120, 'add': 1512960}",0,8411904,1512960,4649326080,126122,17780,11398,100.0,NA,0.0,0.0,0.0,0,0,0.0,0.0,0.0,0.0,0.0,0.0,0.0,False,,,
Blackhole,p100a,1350.0,VECTOR,BF16,TTNN,vitoptim_bh,vitoptim_bh_b16,1,38,ttsim.ttnn.Op_39,False,False,Add,1,{},"['ttsim.ttnn.Op_38.out', 'ttsim.ttnn.Op_35.out']",['ttsim.ttnn.Op_39.out'],ttsim.ttnn.Op_38.out[10x197x768]:bfloat8_b;ttsim.ttnn.Op_35.out[10x197x768]:bfloat8_b,ttsim.ttnn.Op_39.out[10x197x768]:bfloat8_b,,"{""inputs"": [{""layout"": ""TILE_LAYOUT"", ""memory"": ""L1_BLOCK_SHARDED"", ""dtype"": ""bfloat8_b""}, {""layout"": ""TILE_LAYOUT"", ""memory"": ""L1_BLOCK_SHARDED"", ""dtype"": ""bfloat8_b""}], ""outputs"": [{""layout"": ""TILE_LAYOUT"", ""memory"": ""L1_BLOCK_SHARDED"", ""dtype"": ""bfloat8_b""}]}",,None,False,False,NA,3025920,1512960,6051840,3025920,{'add': 1512960},0,3025920,1512960,1512960,657,22796,11398,100.0,MEM,34294.0,0.025402962962962964,42868.0,0,657,0.03175407407407407,0.0,0.0114947221088237,0.531778153612877,0.2658890768064385,0.0,0.0,False,,,
Blackhole,p100a,1350.0,VECTOR,BF16,TTNN,vitoptim_bh,vitoptim_bh_b16,1,39,ttsim.ttnn.Op_40,True,False,LayerNormalization,1,{'math_fidelity': 'HiFi2'},"['ttsim.ttnn.Op_39.out', 'ttsim.ttnn.Tensor_34', 'ttsim.ttnn.Tensor_35']",['ttsim.ttnn.Op_40.out'],ttsim.ttnn.Op_39.out[10x197x768]:bfloat8_b;ttsim.ttnn.Tensor_34[1x768]:bfloat16;ttsim.ttnn.Tensor_35[1x768]:bfloat16,ttsim.ttnn.Op_40.out[10x197x768]:bfloat8_b,,"{""inputs"": [{""layout"": ""TILE_LAYOUT"", ""memory"": ""L1_BLOCK_SHARDED"", ""dtype"": ""bfloat8_b""}, {""layout"": ""TILE_LAYOUT"", ""memory"": null, ""dtype"": ""bfloat16""}, {""layout"": ""TILE_LAYOUT"", ""memory"": null, ""dtype"": ""bfloat16""}], ""outputs"": [{""layout"": ""TILE_LAYOUT"", ""memory"": ""L1_BLOCK_SHARDED"", ""dtype"": ""bfloat8_b""}]}",,None,False,False,NA,1514496,1512960,3028992,3025920,"{'add': 3027890, 'sub': 1512960, 'mul': 3025920, 'div': 3940, 'mac': 1512960, 'rsqrt': 1970}",0,1514496,1512960,9085640,3946,11410,11398,100.0,MEM,22908.0,0.016968888888888888,28635.0,0,3946,0.02121111111111111,0.0,0.10335254059717129,0.3984634188929632,0.3980443513183167,0.0,0.0,False,,,
Blackhole,p100a,1350.0,MATRIX,BF16,TTNN,vitoptim_bh,vitoptim_bh_b16,1,40,ttsim.ttnn.Op_41,True,False,MatMul,1,{},"['ttsim.ttnn.Op_40.out', 'ttsim.ttnn.Tensor_30', 'ttsim.ttnn.Tensor_31']",['ttsim.ttnn.Op_41.out'],ttsim.ttnn.Op_40.out[10x197x768]:bfloat8_b;ttsim.ttnn.Tensor_30[768x2304]:bfloat8_b;ttsim.ttnn.Tensor_31[1x2304]:bfloat8_b,ttsim.ttnn.Op_41.out[10x197x2304]:bfloat8_b,,"{""inputs"": [{""layout"": ""TILE_LAYOUT"", ""memory"": ""L1_BLOCK_SHARDED"", ""dtype"": ""bfloat8_b""}, {""layout"": ""TILE_LAYOUT"", ""memory"": null, ""dtype"": ""bfloat8_b""}, {""layout"": ""TILE_LAYOUT"", ""memory"": null, ""dtype"": ""bfloat8_b""}], ""outputs"": [{""layout"": ""TILE_LAYOUT"", ""memory"": ""L1_BLOCK_SHARDED"", ""dtype"": ""bfloat8_b""}]}",,None,False,False,NA,1771776,4538880,3543552,9077760,"{'mac': 3485859840, 'add': 4538880}",0,3284736,4538880,3490398720,94684,13348,34194,100.0,COMP,94784.0,0.07021037037037037,118480.0,94684,0,0.08776296296296296,0.5993669817690749,0.0,0.11266036461850103,0.2886056718433491,0.0,0.0,False,,,
Blackhole,p100a,1350.0,VECTOR,BF16,TTNN,vitoptim_bh,vitoptim_bh_b16,1,41,ttsim.ttnn.Op_42,False,False,Reshard,1,"{'element_size': 1, 'memory_config': {'memory_layout': <TensorMemoryLayout.BLOCK_SHARDED: 4>, 'buffer_type': <BufferType.L1: 2>, 'shard_spec': None, 'nd_shard_spec': None}}",['ttsim.ttnn.Op_41.out'],['ttsim.ttnn.Op_42.out'],ttsim.ttnn.Op_41.out[10x197x2304]:bfloat8_b,ttsim.ttnn.Op_42.out[10x197x2304]:bfloat8_b,,"{""inputs"": [{""layout"": ""TILE_LAYOUT"", ""memory"": ""L1_BLOCK_SHARDED"", ""dtype"": ""bfloat8_b""}], ""outputs"": [{""layout"": ""TILE_LAYOUT"", ""memory"": ""L1_BLOCK_SHARDED"", ""dtype"": ""bfloat8_b""}]}",,None,False,False,NA,4538880,4538880,4538880,4538880,{'mov': 4538880},0,4538880,4538880,4538880,1970,17097,17097,100.0,MEM,34294.0,0.025402962962962964,42868.0,0,1970,0.03175407407407407,0.0,0.03446667055461596,0.39883361520965765,0.39883361520965765,0.0,0.0,False,,,
Blackhole,p100a,1350.0,VECTOR,BF16,TTNN,vitoptim_bh,vitoptim_bh_b16,1,42,ttsim.ttnn.Op_43,False,False,CreateQKVHeads,1,"{'num_heads': 12, 'num_kv_heads': 12, 'head_dim': 64, 'transpose_k_heads': True, 'element_size': 1}",['ttsim.ttnn.Op_42.out'],"['ttsim.ttnn.Op_43.out.0', 'ttsim.ttnn.Op_43.out.1', 'ttsim.ttnn.Op_43.out.2']",ttsim.ttnn.Op_42.out[10x197x2304]:bfloat8_b,ttsim.ttnn.Op_43.out.0[10x12x197x64]:bfloat8_b;ttsim.ttnn.Op_43.out.1[10x12x64x197]:bfloat8_b;ttsim.ttnn.Op_43.out.2[10x12x197x64]:bfloat8_b,,"{""inputs"": [{""layout"": ""TILE_LAYOUT"", ""memory"": ""L1_BLOCK_SHARDED"", ""dtype"": ""bfloat8_b""}], ""outputs"": [{""layout"": ""TILE_LAYOUT"", ""memory"": ""L1_HEIGHT_SHARDED"", ""dtype"": ""bfloat8_b""}, {""layout"": ""TILE_LAYOUT"", ""memory"": ""L1_HEIGHT_SHARDED"", ""dtype"": ""bfloat8_b""}, {""layout"": ""TILE_LAYOUT"", ""memory"": ""L1_HEIGHT_SHARDED"", ""dtype"": ""bfloat8_b""}]}",,None,False,False,NA,4538880,4538880,4538880,4538880,{'mov': 4538880},0,4538880,4538880,4538880,1970,17097,17097,100.0,MEM,34294.0,0.025402962962962964,42868.0,0,1970,0.03175407407407407,0.0,0.03446667055461596,0.39883361520965765,0.39883361520965765,0.0,0.0,False,,,
Blackhole,p100a,1350.0,MATRIX,BF16,TTNN,vitoptim_bh,vitoptim_bh_b16,1,43,ttsim.ttnn.Op_44,False,False,MatMul,1,{},"['ttsim.ttnn.Op_43.out.0', 'ttsim.ttnn.Op_43.out.1']",['ttsim.ttnn.Op_44.out'],ttsim.ttnn.Op_43.out.0[10x12x197x64]:bfloat8_b;ttsim.ttnn.Op_43.out.1[10x12x64x197]:bfloat8_b,ttsim.ttnn.Op_44.out[10x12x197x197]:bfloat8_b,,"{""inputs"": [{""layout"": ""TILE_LAYOUT"", ""memory"": ""L1_HEIGHT_SHARDED"", ""dtype"": ""bfloat8_b""}, {""layout"": ""TILE_LAYOUT"", ""memory"": ""L1_HEIGHT_SHARDED"", ""dtype"": ""bfloat8_b""}], ""outputs"": [{""layout"": ""TILE_LAYOUT"", ""memory"": ""L1_HEIGHT_SHARDED"", ""dtype"": ""bfloat8_b""}]}",,None,False,False,NA,0,4657080,0,9314160,{'mac': 298053120},0,3025920,4657080,298053120,8086,0,35085,100.0,MEM,35185.0,0.026062962962962965,43982.0,8086,13346,0.03257925925925926,0.13788830467528776,0.22758561887167827,0.0,0.7977263038226517,0.0,0.0,False,,,
Blackhole,p100a,1350.0,VECTOR,BF16,TTNN,vitoptim_bh,vitoptim_bh_b16,1,44,ttsim.ttnn.Op_45,True,False,Mul,1,{'scalar': 0.125},"['ttsim.ttnn.Op_44.out', 'ttsim.ttnn.Op_45.scalar']",['ttsim.ttnn.Op_45.out'],ttsim.ttnn.Op_44.out[10x12x197x197]:bfloat8_b;ttsim.ttnn.Op_45.scalar[10x12x197x197]:bfloat8_b,ttsim.ttnn.Op_45.out[10x12x197x197]:bfloat8_b,,"{""inputs"": [{""layout"": ""TILE_LAYOUT"", ""memory"": ""L1_HEIGHT_SHARDED"", ""dtype"": ""bfloat8_b""}, {""layout"": ""TILE_LAYOUT"", ""memory"": ""L1_HEIGHT_SHARDED"", ""dtype"": ""bfloat8_b""}], ""outputs"": [{""layout"": ""TILE_LAYOUT"", ""memory"": ""L1_HEIGHT_SHARDED"", ""dtype"": ""bfloat8_b""}]}",,None,False,True,ttsim.ttnn.Op_44,9314160,4657080,18628320,9314160,{'mul': 4657080},0,9314160,4657080,4657080,2022,70169,35085,100.0,NA,0.0,0.0,0.0,0,0,0.0,0.0,0.0,0.0,0.0,0.0,0.0,False,,,
Blackhole,p100a,1350.0,VECTOR,BF16,TTNN,vitoptim_bh,vitoptim_bh_b16,1,45,ttsim.ttnn.Op_46,False,False,Softmax,1,{'dim': -1},['ttsim.ttnn.Op_45.out'],['ttsim.ttnn.Op_46.out'],ttsim.ttnn.Op_45.out[10x12x197x197]:bfloat8_b,ttsim.ttnn.Op_46.out[10x12x197x197]:bfloat8_b,,"{""inputs"": [{""layout"": ""TILE_LAYOUT"", ""memory"": ""L1_HEIGHT_SHARDED"", ""dtype"": ""bfloat8_b""}], ""outputs"": [{""layout"": ""TILE_LAYOUT"", ""memory"": ""L1_HEIGHT_SHARDED"", ""dtype"": ""bfloat8_b""}]}",,None,False,True,ttsim.ttnn.Op_44,4657080,4657080,9314160,9314160,"{'cmp': 4657080, 'sub': 4657080, 'exp': 4657080, 'add': 4657080, 'div': 4657080}",0,4657080,4657080,23285400,10110,35085,35085,100.0,NA,0.0,0.0,0.0,0,0,0.0,0.0,0.0,0.0,0.0,0.0,0.0,False,,,
Blackhole,p100a,1350.0,MATRIX,BF16,TTNN,vitoptim_bh,vitoptim_bh_b16,1,46,ttsim.ttnn.Op_47,False,False,MatMul,1,{},"['ttsim.ttnn.Op_46.out', 'ttsim.ttnn.Op_43.out.2']",['ttsim.ttnn.Op_47.out'],ttsim.ttnn.Op_46.out[10x12x197x197]:bfloat8_b;ttsim.ttnn.Op_43.out.2[10x12x197x64]:bfloat8_b,ttsim.ttnn.Op_47.out[10x12x197x64]:bfloat8_b,,"{""inputs"": [{""layout"": ""TILE_LAYOUT"", ""memory"": ""L1_HEIGHT_SHARDED"", ""dtype"": ""bfloat8_b""}, {""layout"": ""TILE_LAYOUT"", ""memory"": ""L1_HEIGHT_SHARDED"", ""dtype"": ""bfloat8_b""}], ""outputs"": [{""layout"": ""TILE_LAYOUT"", ""memory"": ""L1_HEIGHT_SHARDED"", ""dtype"": ""bfloat8_b""}]}",,None,False,False,NA,0,1512960,0,3025920,{'mac': 298053120},0,6170040,1512960,298053120,8086,0,11398,100.0,MEM,11498.0,0.008517037037037037,14373.0,8086,0,0.010646666666666667,0.4219516437641329,0.0,0.0,0.7930422682205601,0.0,0.0,False,,,
Blackhole,p100a,1350.0,VECTOR,BF16,TTNN,vitoptim_bh,vitoptim_bh_b16,1,47,ttsim.ttnn.Op_48,False,False,ConcatHeads,1,{'element_size': 1},['ttsim.ttnn.Op_47.out'],['ttsim.ttnn.Op_48.out'],ttsim.ttnn.Op_47.out[10x12x197x64]:bfloat8_b,ttsim.ttnn.Op_48.out[10x197x768]:bfloat8_b,,"{""inputs"": [{""layout"": ""TILE_LAYOUT"", ""memory"": ""L1_HEIGHT_SHARDED"", ""dtype"": ""bfloat8_b""}], ""outputs"": [{""layout"": ""TILE_LAYOUT"", ""memory"": ""L1_BLOCK_SHARDED"", ""dtype"": ""bfloat8_b""}]}",,None,False,False,NA,1512960,1512960,1512960,1512960,{'mov': 1512960},0,1512960,1512960,1512960,657,5699,5699,100.0,MEM,11498.0,0.008517037037037037,14373.0,0,657,0.010646666666666667,0.0,0.03428422334319012,0.39652113411028006,0.39652113411028006,0.0,0.0,False,,,
Blackhole,p100a,1350.0,MATRIX,BF16,TTNN,vitoptim_bh,vitoptim_bh_b16,1,48,ttsim.ttnn.Op_49,True,False,MatMul,1,{},"['ttsim.ttnn.Op_48.out', 'ttsim.ttnn.Tensor_32', 'ttsim.ttnn.Tensor_33']",['ttsim.ttnn.Op_49.out'],ttsim.ttnn.Op_48.out[10x197x768]:bfloat8_b;ttsim.ttnn.Tensor_32[768x768]:bfloat8_b;ttsim.ttnn.Tensor_33[1x768]:bfloat8_b,ttsim.ttnn.Op_49.out[10x197x768]:bfloat8_b,,"{""inputs"": [{""layout"": ""TILE_LAYOUT"", ""memory"": ""L1_BLOCK_SHARDED"", ""dtype"": ""bfloat8_b""}, {""layout"": ""TILE_LAYOUT"", ""memory"": null, ""dtype"": ""bfloat8_b""}, {""layout"": ""TILE_LAYOUT"", ""memory"": null, ""dtype"": ""bfloat8_b""}], ""outputs"": [{""layout"": ""TILE_LAYOUT"", ""memory"": ""L1_BLOCK_SHARDED"", ""dtype"": ""bfloat8_b""}]}",,None,False,False,NA,590592,1512960,1181184,3025920,"{'mac': 1161953280, 'add': 1512960}",0,2103552,1512960,1163466240,31562,4450,11398,100.0,COMP,32385.0,0.023988888888888886,40482.0,31562,723,0.02998666666666667,0.5847522000926355,0.013395090319592403,0.10992743554114559,0.2815624517523545,0.0,0.0,False,,,
Blackhole,p100a,1350.0,VECTOR,BF16,TTNN,vitoptim_bh,vitoptim_bh_b16,1,49,ttsim.ttnn.Op_50,False,False,Add,1,{},"['ttsim.ttnn.Op_49.out', 'ttsim.ttnn.Op_39.out']",['ttsim.ttnn.Op_50.out'],ttsim.ttnn.Op_49.out[10x197x768]:bfloat8_b;ttsim.ttnn.Op_39.out[10x197x768]:bfloat8_b,ttsim.ttnn.Op_50.out[10x197x768]:bfloat8_b,,"{""inputs"": [{""layout"": ""TILE_LAYOUT"", ""memory"": ""L1_BLOCK_SHARDED"", ""dtype"": ""bfloat8_b""}, {""layout"": ""TILE_LAYOUT"", ""memory"": ""L1_BLOCK_SHARDED"", ""dtype"": ""bfloat8_b""}], ""outputs"": [{""layout"": ""TILE_LAYOUT"", ""memory"": ""L1_BLOCK_SHARDED"", ""dtype"": ""bfloat8_b""}]}",,None,False,True,ttsim.ttnn.Op_49,3025920,1512960,6051840,3025920,{'add': 1512960},0,3025920,1512960,1512960,657,22796,11398,100.0,NA,0.0,0.0,0.0,0,0,0.0,0.0,0.0,0.0,0.0,0.0,0.0,False,,,
Blackhole,p100a,1350.0,VECTOR,BF16,TTNN,vitoptim_bh,vitoptim_bh_b16,1,50,ttsim.ttnn.Op_51,True,False,LayerNormalization,1,{'math_fidelity': 'HiFi2'},"['ttsim.ttnn.Op_50.out', 'ttsim.ttnn.Tensor_36', 'ttsim.ttnn.Tensor_37']",['ttsim.ttnn.Op_51.out'],ttsim.ttnn.Op_50.out[10x197x768]:bfloat8_b;ttsim.ttnn.Tensor_36[1x768]:bfloat16;ttsim.ttnn.Tensor_37[1x768]:bfloat16,ttsim.ttnn.Op_51.out[10x197x768]:bfloat8_b,,"{""inputs"": [{""layout"": ""TILE_LAYOUT"", ""memory"": ""L1_BLOCK_SHARDED"", ""dtype"": ""bfloat8_b""}, {""layout"": ""TILE_LAYOUT"", ""memory"": null, ""dtype"": ""bfloat16""}, {""layout"": ""TILE_LAYOUT"", ""memory"": null, ""dtype"": ""bfloat16""}], ""outputs"": [{""layout"": ""TILE_LAYOUT"", ""memory"": ""L1_BLOCK_SHARDED"", ""dtype"": ""bfloat8_b""}]}",,None,False,False,NA,1514496,1512960,3028992,3025920,"{'add': 3027890, 'sub': 1512960, 'mul': 3025920, 'div': 3940, 'mac': 1512960, 'rsqrt': 1970}",0,1514496,1512960,9085640,3946,11410,11398,100.0,MEM,22908.0,0.016968888888888888,28635.0,0,3946,0.02121111111111111,0.0,0.10335254059717129,0.3984634188929632,0.3980443513183167,0.0,0.0,False,,,
Blackhole,p100a,1350.0,MATRIX,BF16,TTNN,vitoptim_bh,vitoptim_bh_b16,1,51,ttsim.ttnn.Op_52,True,False,MatMul,1,{'fused_activation': 'gelu'},"['ttsim.ttnn.Op_51.out', 'ttsim.ttnn.Tensor_38', 'ttsim.ttnn.Tensor_39']",['ttsim.ttnn.Op_52.out'],ttsim.ttnn.Op_51.out[10x197x768]:bfloat8_b;ttsim.ttnn.Tensor_38[768x3072]:bfloat8_b;ttsim.ttnn.Tensor_39[1x3072]:bfloat8_b,ttsim.ttnn.Op_52.out[10x197x3072]:bfloat8_b,,"{""inputs"": [{""layout"": ""TILE_LAYOUT"", ""memory"": ""L1_BLOCK_SHARDED"", ""dtype"": ""bfloat8_b""}, {""layout"": ""TILE_LAYOUT"", ""memory"": null, ""dtype"": ""bfloat8_b""}, {""layout"": ""TILE_LAYOUT"", ""memory"": null, ""dtype"": ""bfloat8_b""}], ""outputs"": [{""layout"": ""TILE_LAYOUT"", ""memory"": ""L1_BLOCK_SHARDED"", ""dtype"": ""bfloat8_b""}]}",,None,False,False,NA,2362368,6051840,4724736,12103680,"{'mac': 4647813120, 'add': 18155520, 'mul': 36311040, 'tanh': 6051840}",0,3875328,6051840,4708331520,130185,17797,45592,100.0,COMP,269020.0,0.19927407407407408,336275.0,268920,0,0.2490925925925926,0.5997769682551483,0.0,0.05292394617500558,0.03389487770425991,0.0,0.0,False,,,
Blackhole,p100a,1350.0,MATRIX,BF16,TTNN,vitoptim_bh,vitoptim_bh_b16,1,52,ttsim.ttnn.Op_53,True,False,MatMul,1,{},"['ttsim.ttnn.Op_52.out', 'ttsim.ttnn.Tensor_40', 'ttsim.ttnn.Tensor_41']",['ttsim.ttnn.Op_53.out'],ttsim.ttnn.Op_52.out[10x197x3072]:bfloat8_b;ttsim.ttnn.Tensor_40[3072x768]:bfloat8_b;ttsim.ttnn.Tensor_41[1x768]:bfloat8_b,ttsim.ttnn.Op_53.out[10x197x768]:bfloat8_b,,"{""inputs"": [{""layout"": ""TILE_LAYOUT"", ""memory"": ""L1_BLOCK_SHARDED"", ""dtype"": ""bfloat8_b""}, {""layout"": ""TILE_LAYOUT"", ""memory"": null, ""dtype"": ""bfloat8_b""}, {""layout"": ""TILE_LAYOUT"", ""memory"": null, ""dtype"": ""bfloat8_b""}], ""outputs"": [{""layout"": ""TILE_LAYOUT"", ""memory"": ""L1_BLOCK_SHARDED"", ""dtype"": ""bfloat8_b""}]}",,None,False,True,ttsim.ttnn.Op_52,2360064,1512960,4720128,3025920,"{'mac': 4647813120, 'add': 1512960}",0,8411904,1512960,4649326080,126122,17780,11398,100.0,NA,0.0,0.0,0.0,0,0,0.0,0.0,0.0,0.0,0.0,0.0,0.0,False,,,
Blackhole,p100a,1350.0,VECTOR,BF16,TTNN,vitoptim_bh,vitoptim_bh_b16,1,53,ttsim.ttnn.Op_54,False,False,Add,1,{},"['ttsim.ttnn.Op_53.out', 'ttsim.ttnn.Op_50.out']",['ttsim.ttnn.Op_54.out'],ttsim.ttnn.Op_53.out[10x197x768]:bfloat8_b;ttsim.ttnn.Op_50.out[10x197x768]:bfloat8_b,ttsim.ttnn.Op_54.out[10x197x768]:bfloat8_b,,"{""inputs"": [{""layout"": ""TILE_LAYOUT"", ""memory"": ""L1_BLOCK_SHARDED"", ""dtype"": ""bfloat8_b""}, {""layout"": ""TILE_LAYOUT"", ""memory"": ""L1_BLOCK_SHARDED"", ""dtype"": ""bfloat8_b""}], ""outputs"": [{""layout"": ""TILE_LAYOUT"", ""memory"": ""L1_BLOCK_SHARDED"", ""dtype"": ""bfloat8_b""}]}",,None,False,False,NA,3025920,1512960,6051840,3025920,{'add': 1512960},0,3025920,1512960,1512960,657,22796,11398,100.0,MEM,34294.0,0.025402962962962964,42868.0,0,657,0.03175407407407407,0.0,0.0114947221088237,0.531778153612877,0.2658890768064385,0.0,0.0,False,,,
Blackhole,p100a,1350.0,VECTOR,BF16,TTNN,vitoptim_bh,vitoptim_bh_b16,1,54,ttsim.ttnn.Op_55,True,False,LayerNormalization,1,{'math_fidelity': 'HiFi2'},"['ttsim.ttnn.Op_54.out', 'ttsim.ttnn.Tensor_46', 'ttsim.ttnn.Tensor_47']",['ttsim.ttnn.Op_55.out'],ttsim.ttnn.Op_54.out[10x197x768]:bfloat8_b;ttsim.ttnn.Tensor_46[1x768]:bfloat16;ttsim.ttnn.Tensor_47[1x768]:bfloat16,ttsim.ttnn.Op_55.out[10x197x768]:bfloat8_b,,"{""inputs"": [{""layout"": ""TILE_LAYOUT"", ""memory"": ""L1_BLOCK_SHARDED"", ""dtype"": ""bfloat8_b""}, {""layout"": ""TILE_LAYOUT"", ""memory"": null, ""dtype"": ""bfloat16""}, {""layout"": ""TILE_LAYOUT"", ""memory"": null, ""dtype"": ""bfloat16""}], ""outputs"": [{""layout"": ""TILE_LAYOUT"", ""memory"": ""L1_BLOCK_SHARDED"", ""dtype"": ""bfloat8_b""}]}",,None,False,False,NA,1514496,1512960,3028992,3025920,"{'add': 3027890, 'sub': 1512960, 'mul': 3025920, 'div': 3940, 'mac': 1512960, 'rsqrt': 1970}",0,1514496,1512960,9085640,3946,11410,11398,100.0,MEM,22908.0,0.016968888888888888,28635.0,0,3946,0.02121111111111111,0.0,0.10335254059717129,0.3984634188929632,0.3980443513183167,0.0,0.0,False,,,
Blackhole,p100a,1350.0,MATRIX,BF16,TTNN,vitoptim_bh,vitoptim_bh_b16,1,55,ttsim.ttnn.Op_56,True,False,MatMul,1,{},"['ttsim.ttnn.Op_55.out', 'ttsim.ttnn.Tensor_42', 'ttsim.ttnn.Tensor_43']",['ttsim.ttnn.Op_56.out'],ttsim.ttnn.Op_55.out[10x197x768]:bfloat8_b;ttsim.ttnn.Tensor_42[768x2304]:bfloat8_b;ttsim.ttnn.Tensor_43[1x2304]:bfloat8_b,ttsim.ttnn.Op_56.out[10x197x2304]:bfloat8_b,,"{""inputs"": [{""layout"": ""TILE_LAYOUT"", ""memory"": ""L1_BLOCK_SHARDED"", ""dtype"": ""bfloat8_b""}, {""layout"": ""TILE_LAYOUT"", ""memory"": null, ""dtype"": ""bfloat8_b""}, {""layout"": ""TILE_LAYOUT"", ""memory"": null, ""dtype"": ""bfloat8_b""}], ""outputs"": [{""layout"": ""TILE_LAYOUT"", ""memory"": ""L1_BLOCK_SHARDED"", ""dtype"": ""bfloat8_b""}]}",,None,False,False,NA,1771776,4538880,3543552,9077760,"{'mac': 3485859840, 'add': 4538880}",0,3284736,4538880,3490398720,94684,13348,34194,100.0,COMP,94784.0,0.07021037037037037,118480.0,94684,0,0.08776296296296296,0.5993669817690749,0.0,0.11266036461850103,0.2886056718433491,0.0,0.0,False,,,
Blackhole,p100a,1350.0,VECTOR,BF16,TTNN,vitoptim_bh,vitoptim_bh_b16,1,56,ttsim.ttnn.Op_57,False,False,Reshard,1,"{'element_size': 1, 'memory_config': {'memory_layout': <TensorMemoryLayout.BLOCK_SHARDED: 4>, 'buffer_type': <BufferType.L1: 2>, 'shard_spec': None, 'nd_shard_spec': None}}",['ttsim.ttnn.Op_56.out'],['ttsim.ttnn.Op_57.out'],ttsim.ttnn.Op_56.out[10x197x2304]:bfloat8_b,ttsim.ttnn.Op_57.out[10x197x2304]:bfloat8_b,,"{""inputs"": [{""layout"": ""TILE_LAYOUT"", ""memory"": ""L1_BLOCK_SHARDED"", ""dtype"": ""bfloat8_b""}], ""outputs"": [{""layout"": ""TILE_LAYOUT"", ""memory"": ""L1_BLOCK_SHARDED"", ""dtype"": ""bfloat8_b""}]}",,None,False,False,NA,4538880,4538880,4538880,4538880,{'mov': 4538880},0,4538880,4538880,4538880,1970,17097,17097,100.0,MEM,34294.0,0.025402962962962964,42868.0,0,1970,0.03175407407407407,0.0,0.03446667055461596,0.39883361520965765,0.39883361520965765,0.0,0.0,False,,,
Blackhole,p100a,1350.0,VECTOR,BF16,TTNN,vitoptim_bh,vitoptim_bh_b16,1,57,ttsim.ttnn.Op_58,False,False,CreateQKVHeads,1,"{'num_heads': 12, 'num_kv_heads': 12, 'head_dim': 64, 'transpose_k_heads': True, 'element_size': 1}",['ttsim.ttnn.Op_57.out'],"['ttsim.ttnn.Op_58.out.0', 'ttsim.ttnn.Op_58.out.1', 'ttsim.ttnn.Op_58.out.2']",ttsim.ttnn.Op_57.out[10x197x2304]:bfloat8_b,ttsim.ttnn.Op_58.out.0[10x12x197x64]:bfloat8_b;ttsim.ttnn.Op_58.out.1[10x12x64x197]:bfloat8_b;ttsim.ttnn.Op_58.out.2[10x12x197x64]:bfloat8_b,,"{""inputs"": [{""layout"": ""TILE_LAYOUT"", ""memory"": ""L1_BLOCK_SHARDED"", ""dtype"": ""bfloat8_b""}], ""outputs"": [{""layout"": ""TILE_LAYOUT"", ""memory"": ""L1_HEIGHT_SHARDED"", ""dtype"": ""bfloat8_b""}, {""layout"": ""TILE_LAYOUT"", ""memory"": ""L1_HEIGHT_SHARDED"", ""dtype"": ""bfloat8_b""}, {""layout"": ""TILE_LAYOUT"", ""memory"": ""L1_HEIGHT_SHARDED"", ""dtype"": ""bfloat8_b""}]}",,None,False,False,NA,4538880,4538880,4538880,4538880,{'mov': 4538880},0,4538880,4538880,4538880,1970,17097,17097,100.0,MEM,34294.0,0.025402962962962964,42868.0,0,1970,0.03175407407407407,0.0,0.03446667055461596,0.39883361520965765,0.39883361520965765,0.0,0.0,False,,,
Blackhole,p100a,1350.0,MATRIX,BF16,TTNN,vitoptim_bh,vitoptim_bh_b16,1,58,ttsim.ttnn.Op_59,False,False,MatMul,1,{},"['ttsim.ttnn.Op_58.out.0', 'ttsim.ttnn.Op_58.out.1']",['ttsim.ttnn.Op_59.out'],ttsim.ttnn.Op_58.out.0[10x12x197x64]:bfloat8_b;ttsim.ttnn.Op_58.out.1[10x12x64x197]:bfloat8_b,ttsim.ttnn.Op_59.out[10x12x197x197]:bfloat8_b,,"{""inputs"": [{""layout"": ""TILE_LAYOUT"", ""memory"": ""L1_HEIGHT_SHARDED"", ""dtype"": ""bfloat8_b""}, {""layout"": ""TILE_LAYOUT"", ""memory"": ""L1_HEIGHT_SHARDED"", ""dtype"": ""bfloat8_b""}], ""outputs"": [{""layout"": ""TILE_LAYOUT"", ""memory"": ""L1_HEIGHT_SHARDED"", ""dtype"": ""bfloat8_b""}]}",,None,False,False,NA,0,4657080,0,9314160,{'mac': 298053120},0,3025920,4657080,298053120,8086,0,35085,100.0,MEM,35185.0,0.026062962962962965,43982.0,8086,13346,0.03257925925925926,0.13788830467528776,0.22758561887167827,0.0,0.7977263038226517,0.0,0.0,False,,,
Blackhole,p100a,1350.0,VECTOR,BF16,TTNN,vitoptim_bh,vitoptim_bh_b16,1,59,ttsim.ttnn.Op_60,True,False,Mul,1,{'scalar': 0.125},"['ttsim.ttnn.Op_59.out', 'ttsim.ttnn.Op_60.scalar']",['ttsim.ttnn.Op_60.out'],ttsim.ttnn.Op_59.out[10x12x197x197]:bfloat8_b;ttsim.ttnn.Op_60.scalar[10x12x197x197]:bfloat8_b,ttsim.ttnn.Op_60.out[10x12x197x197]:bfloat8_b,,"{""inputs"": [{""layout"": ""TILE_LAYOUT"", ""memory"": ""L1_HEIGHT_SHARDED"", ""dtype"": ""bfloat8_b""}, {""layout"": ""TILE_LAYOUT"", ""memory"": ""L1_HEIGHT_SHARDED"", ""dtype"": ""bfloat8_b""}], ""outputs"": [{""layout"": ""TILE_LAYOUT"", ""memory"": ""L1_HEIGHT_SHARDED"", ""dtype"": ""bfloat8_b""}]}",,None,False,True,ttsim.ttnn.Op_59,9314160,4657080,18628320,9314160,{'mul': 4657080},0,9314160,4657080,4657080,2022,70169,35085,100.0,NA,0.0,0.0,0.0,0,0,0.0,0.0,0.0,0.0,0.0,0.0,0.0,False,,,
Blackhole,p100a,1350.0,VECTOR,BF16,TTNN,vitoptim_bh,vitoptim_bh_b16,1,60,ttsim.ttnn.Op_61,False,False,Softmax,1,{'dim': -1},['ttsim.ttnn.Op_60.out'],['ttsim.ttnn.Op_61.out'],ttsim.ttnn.Op_60.out[10x12x197x197]:bfloat8_b,ttsim.ttnn.Op_61.out[10x12x197x197]:bfloat8_b,,"{""inputs"": [{""layout"": ""TILE_LAYOUT"", ""memory"": ""L1_HEIGHT_SHARDED"", ""dtype"": ""bfloat8_b""}], ""outputs"": [{""layout"": ""TILE_LAYOUT"", ""memory"": ""L1_HEIGHT_SHARDED"", ""dtype"": ""bfloat8_b""}]}",,None,False,True,ttsim.ttnn.Op_59,4657080,4657080,9314160,9314160,"{'cmp': 4657080, 'sub': 4657080, 'exp': 4657080, 'add': 4657080, 'div': 4657080}",0,4657080,4657080,23285400,10110,35085,35085,100.0,NA,0.0,0.0,0.0,0,0,0.0,0.0,0.0,0.0,0.0,0.0,0.0,False,,,
Blackhole,p100a,1350.0,MATRIX,BF16,TTNN,vitoptim_bh,vitoptim_bh_b16,1,61,ttsim.ttnn.Op_62,False,False,MatMul,1,{},"['ttsim.ttnn.Op_61.out', 'ttsim.ttnn.Op_58.out.2']",['ttsim.ttnn.Op_62.out'],ttsim.ttnn.Op_61.out[10x12x197x197]:bfloat8_b;ttsim.ttnn.Op_58.out.2[10x12x197x64]:bfloat8_b,ttsim.ttnn.Op_62.out[10x12x197x64]:bfloat8_b,,"{""inputs"": [{""layout"": ""TILE_LAYOUT"", ""memory"": ""L1_HEIGHT_SHARDED"", ""dtype"": ""bfloat8_b""}, {""layout"": ""TILE_LAYOUT"", ""memory"": ""L1_HEIGHT_SHARDED"", ""dtype"": ""bfloat8_b""}], ""outputs"": [{""layout"": ""TILE_LAYOUT"", ""memory"": ""L1_HEIGHT_SHARDED"", ""dtype"": ""bfloat8_b""}]}",,None,False,False,NA,0,1512960,0,3025920,{'mac': 298053120},0,6170040,1512960,298053120,8086,0,11398,100.0,MEM,11498.0,0.008517037037037037,14373.0,8086,0,0.010646666666666667,0.4219516437641329,0.0,0.0,0.7930422682205601,0.0,0.0,False,,,
Blackhole,p100a,1350.0,VECTOR,BF16,TTNN,vitoptim_bh,vitoptim_bh_b16,1,62,ttsim.ttnn.Op_63,False,False,ConcatHeads,1,{'element_size': 1},['ttsim.ttnn.Op_62.out'],['ttsim.ttnn.Op_63.out'],ttsim.ttnn.Op_62.out[10x12x197x64]:bfloat8_b,ttsim.ttnn.Op_63.out[10x197x768]:bfloat8_b,,"{""inputs"": [{""layout"": ""TILE_LAYOUT"", ""memory"": ""L1_HEIGHT_SHARDED"", ""dtype"": ""bfloat8_b""}], ""outputs"": [{""layout"": ""TILE_LAYOUT"", ""memory"": ""L1_BLOCK_SHARDED"", ""dtype"": ""bfloat8_b""}]}",,None,False,False,NA,1512960,1512960,1512960,1512960,{'mov': 1512960},0,1512960,1512960,1512960,657,5699,5699,100.0,MEM,11498.0,0.008517037037037037,14373.0,0,657,0.010646666666666667,0.0,0.03428422334319012,0.39652113411028006,0.39652113411028006,0.0,0.0,False,,,
Blackhole,p100a,1350.0,MATRIX,BF16,TTNN,vitoptim_bh,vitoptim_bh_b16,1,63,ttsim.ttnn.Op_64,True,False,MatMul,1,{},"['ttsim.ttnn.Op_63.out', 'ttsim.ttnn.Tensor_44', 'ttsim.ttnn.Tensor_45']",['ttsim.ttnn.Op_64.out'],ttsim.ttnn.Op_63.out[10x197x768]:bfloat8_b;ttsim.ttnn.Tensor_44[768x768]:bfloat8_b;ttsim.ttnn.Tensor_45[1x768]:bfloat8_b,ttsim.ttnn.Op_64.out[10x197x768]:bfloat8_b,,"{""inputs"": [{""layout"": ""TILE_LAYOUT"", ""memory"": ""L1_BLOCK_SHARDED"", ""dtype"": ""bfloat8_b""}, {""layout"": ""TILE_LAYOUT"", ""memory"": null, ""dtype"": ""bfloat8_b""}, {""layout"": ""TILE_LAYOUT"", ""memory"": null, ""dtype"": ""bfloat8_b""}], ""outputs"": [{""layout"": ""TILE_LAYOUT"", ""memory"": ""L1_BLOCK_SHARDED"", ""dtype"": ""bfloat8_b""}]}",,None,False,False,NA,590592,1512960,1181184,3025920,"{'mac': 1161953280, 'add': 1512960}",0,2103552,1512960,1163466240,31562,4450,11398,100.0,COMP,32385.0,0.023988888888888886,40482.0,31562,723,0.02998666666666667,0.5847522000926355,0.013395090319592403,0.10992743554114559,0.2815624517523545,0.0,0.0,False,,,
Blackhole,p100a,1350.0,VECTOR,BF16,TTNN,vitoptim_bh,vitoptim_bh_b16,1,64,ttsim.ttnn.Op_65,False,False,Add,1,{},"['ttsim.ttnn.Op_64.out', 'ttsim.ttnn.Op_54.out']",['ttsim.ttnn.Op_65.out'],ttsim.ttnn.Op_64.out[10x197x768]:bfloat8_b;ttsim.ttnn.Op_54.out[10x197x768]:bfloat8_b,ttsim.ttnn.Op_65.out[10x197x768]:bfloat8_b,,"{""inputs"": [{""layout"": ""TILE_LAYOUT"", ""memory"": ""L1_BLOCK_SHARDED"", ""dtype"": ""bfloat8_b""}, {""layout"": ""TILE_LAYOUT"", ""memory"": ""L1_BLOCK_SHARDED"", ""dtype"": ""bfloat8_b""}], ""outputs"": [{""layout"": ""TILE_LAYOUT"", ""memory"": ""L1_BLOCK_SHARDED"", ""dtype"": ""bfloat8_b""}]}",,None,False,True,ttsim.ttnn.Op_64,3025920,1512960,6051840,3025920,{'add': 1512960},0,3025920,1512960,1512960,657,22796,11398,100.0,NA,0.0,0.0,0.0,0,0,0.0,0.0,0.0,0.0,0.0,0.0,0.0,False,,,
Blackhole,p100a,1350.0,VECTOR,BF16,TTNN,vitoptim_bh,vitoptim_bh_b16,1,65,ttsim.ttnn.Op_66,True,False,LayerNormalization,1,{'math_fidelity': 'HiFi2'},"['ttsim.ttnn.Op_65.out', 'ttsim.ttnn.Tensor_48', 'ttsim.ttnn.Tensor_49']",['ttsim.ttnn.Op_66.out'],ttsim.ttnn.Op_65.out[10x197x768]:bfloat8_b;ttsim.ttnn.Tensor_48[1x768]:bfloat16;ttsim.ttnn.Tensor_49[1x768]:bfloat16,ttsim.ttnn.Op_66.out[10x197x768]:bfloat8_b,,"{""inputs"": [{""layout"": ""TILE_LAYOUT"", ""memory"": ""L1_BLOCK_SHARDED"", ""dtype"": ""bfloat8_b""}, {""layout"": ""TILE_LAYOUT"", ""memory"": null, ""dtype"": ""bfloat16""}, {""layout"": ""TILE_LAYOUT"", ""memory"": null, ""dtype"": ""bfloat16""}], ""outputs"": [{""layout"": ""TILE_LAYOUT"", ""memory"": ""L1_BLOCK_SHARDED"", ""dtype"": ""bfloat8_b""}]}",,None,False,False,NA,1514496,1512960,3028992,3025920,"{'add': 3027890, 'sub': 1512960, 'mul': 3025920, 'div': 3940, 'mac': 1512960, 'rsqrt': 1970}",0,1514496,1512960,9085640,3946,11410,11398,100.0,MEM,22908.0,0.016968888888888888,28635.0,0,3946,0.02121111111111111,0.0,0.10335254059717129,0.3984634188929632,0.3980443513183167,0.0,0.0,False,,,
Blackhole,p100a,1350.0,MATRIX,BF16,TTNN,vitoptim_bh,vitoptim_bh_b16,1,66,ttsim.ttnn.Op_67,True,False,MatMul,1,{'fused_activation': 'gelu'},"['ttsim.ttnn.Op_66.out', 'ttsim.ttnn.Tensor_50', 'ttsim.ttnn.Tensor_51']",['ttsim.ttnn.Op_67.out'],ttsim.ttnn.Op_66.out[10x197x768]:bfloat8_b;ttsim.ttnn.Tensor_50[768x3072]:bfloat8_b;ttsim.ttnn.Tensor_51[1x3072]:bfloat8_b,ttsim.ttnn.Op_67.out[10x197x3072]:bfloat8_b,,"{""inputs"": [{""layout"": ""TILE_LAYOUT"", ""memory"": ""L1_BLOCK_SHARDED"", ""dtype"": ""bfloat8_b""}, {""layout"": ""TILE_LAYOUT"", ""memory"": null, ""dtype"": ""bfloat8_b""}, {""layout"": ""TILE_LAYOUT"", ""memory"": null, ""dtype"": ""bfloat8_b""}], ""outputs"": [{""layout"": ""TILE_LAYOUT"", ""memory"": ""L1_BLOCK_SHARDED"", ""dtype"": ""bfloat8_b""}]}",,None,False,False,NA,2362368,6051840,4724736,12103680,"{'mac': 4647813120, 'add': 18155520, 'mul': 36311040, 'tanh': 6051840}",0,3875328,6051840,4708331520,130185,17797,45592,100.0,COMP,269020.0,0.19927407407407408,336275.0,268920,0,0.2490925925925926,0.5997769682551483,0.0,0.05292394617500558,0.03389487770425991,0.0,0.0,False,,,
Blackhole,p100a,1350.0,MATRIX,BF16,TTNN,vitoptim_bh,vitoptim_bh_b16,1,67,ttsim.ttnn.Op_68,True,False,MatMul,1,{},"['ttsim.ttnn.Op_67.out', 'ttsim.ttnn.Tensor_52', 'ttsim.ttnn.Tensor_53']",['ttsim.ttnn.Op_68.out'],ttsim.ttnn.Op_67.out[10x197x3072]:bfloat8_b;ttsim.ttnn.Tensor_52[3072x768]:bfloat8_b;ttsim.ttnn.Tensor_53[1x768]:bfloat8_b,ttsim.ttnn.Op_68.out[10x197x768]:bfloat8_b,,"{""inputs"": [{""layout"": ""TILE_LAYOUT"", ""memory"": ""L1_BLOCK_SHARDED"", ""dtype"": ""bfloat8_b""}, {""layout"": ""TILE_LAYOUT"", ""memory"": null, ""dtype"": ""bfloat8_b""}, {""layout"": ""TILE_LAYOUT"", ""memory"": null, ""dtype"": ""bfloat8_b""}], ""outputs"": [{""layout"": ""TILE_LAYOUT"", ""memory"": ""L1_BLOCK_SHARDED"", ""dtype"": ""bfloat8_b""}]}",,None,False,True,ttsim.ttnn.Op_67,2360064,1512960,4720128,3025920,"{'mac': 4647813120, 'add': 1512960}",0,8411904,1512960,4649326080,126122,17780,11398,100.0,NA,0.0,0.0,0.0,0,0,0.0,0.0,0.0,0.0,0.0,0.0,0.0,False,,,
Blackhole,p100a,1350.0,VECTOR,BF16,TTNN,vitoptim_bh,vitoptim_bh_b16,1,68,ttsim.ttnn.Op_69,False,False,Add,1,{},"['ttsim.ttnn.Op_68.out', 'ttsim.ttnn.Op_65.out']",['ttsim.ttnn.Op_69.out'],ttsim.ttnn.Op_68.out[10x197x768]:bfloat8_b;ttsim.ttnn.Op_65.out[10x197x768]:bfloat8_b,ttsim.ttnn.Op_69.out[10x197x768]:bfloat8_b,,"{""inputs"": [{""layout"": ""TILE_LAYOUT"", ""memory"": ""L1_BLOCK_SHARDED"", ""dtype"": ""bfloat8_b""}, {""layout"": ""TILE_LAYOUT"", ""memory"": ""L1_BLOCK_SHARDED"", ""dtype"": ""bfloat8_b""}], ""outputs"": [{""layout"": ""TILE_LAYOUT"", ""memory"": ""L1_BLOCK_SHARDED"", ""dtype"": ""bfloat8_b""}]}",,None,False,False,NA,3025920,1512960,6051840,3025920,{'add': 1512960},0,3025920,1512960,1512960,657,22796,11398,100.0,MEM,34294.0,0.025402962962962964,42868.0,0,657,0.03175407407407407,0.0,0.0114947221088237,0.531778153612877,0.2658890768064385,0.0,0.0,False,,,
Blackhole,p100a,1350.0,VECTOR,BF16,TTNN,vitoptim_bh,vitoptim_bh_b16,1,69,ttsim.ttnn.Op_70,True,False,LayerNormalization,1,{'math_fidelity': 'HiFi2'},"['ttsim.ttnn.Op_69.out', 'ttsim.ttnn.Tensor_58', 'ttsim.ttnn.Tensor_59']",['ttsim.ttnn.Op_70.out'],ttsim.ttnn.Op_69.out[10x197x768]:bfloat8_b;ttsim.ttnn.Tensor_58[1x768]:bfloat16;ttsim.ttnn.Tensor_59[1x768]:bfloat16,ttsim.ttnn.Op_70.out[10x197x768]:bfloat8_b,,"{""inputs"": [{""layout"": ""TILE_LAYOUT"", ""memory"": ""L1_BLOCK_SHARDED"", ""dtype"": ""bfloat8_b""}, {""layout"": ""TILE_LAYOUT"", ""memory"": null, ""dtype"": ""bfloat16""}, {""layout"": ""TILE_LAYOUT"", ""memory"": null, ""dtype"": ""bfloat16""}], ""outputs"": [{""layout"": ""TILE_LAYOUT"", ""memory"": ""L1_BLOCK_SHARDED"", ""dtype"": ""bfloat8_b""}]}",,None,False,False,NA,1514496,1512960,3028992,3025920,"{'add': 3027890, 'sub': 1512960, 'mul': 3025920, 'div': 3940, 'mac': 1512960, 'rsqrt': 1970}",0,1514496,1512960,9085640,3946,11410,11398,100.0,MEM,22908.0,0.016968888888888888,28635.0,0,3946,0.02121111111111111,0.0,0.10335254059717129,0.3984634188929632,0.3980443513183167,0.0,0.0,False,,,
Blackhole,p100a,1350.0,MATRIX,BF16,TTNN,vitoptim_bh,vitoptim_bh_b16,1,70,ttsim.ttnn.Op_71,True,False,MatMul,1,{},"['ttsim.ttnn.Op_70.out', 'ttsim.ttnn.Tensor_54', 'ttsim.ttnn.Tensor_55']",['ttsim.ttnn.Op_71.out'],ttsim.ttnn.Op_70.out[10x197x768]:bfloat8_b;ttsim.ttnn.Tensor_54[768x2304]:bfloat8_b;ttsim.ttnn.Tensor_55[1x2304]:bfloat8_b,ttsim.ttnn.Op_71.out[10x197x2304]:bfloat8_b,,"{""inputs"": [{""layout"": ""TILE_LAYOUT"", ""memory"": ""L1_BLOCK_SHARDED"", ""dtype"": ""bfloat8_b""}, {""layout"": ""TILE_LAYOUT"", ""memory"": null, ""dtype"": ""bfloat8_b""}, {""layout"": ""TILE_LAYOUT"", ""memory"": null, ""dtype"": ""bfloat8_b""}], ""outputs"": [{""layout"": ""TILE_LAYOUT"", ""memory"": ""L1_BLOCK_SHARDED"", ""dtype"": ""bfloat8_b""}]}",,None,False,False,NA,1771776,4538880,3543552,9077760,"{'mac': 3485859840, 'add': 4538880}",0,3284736,4538880,3490398720,94684,13348,34194,100.0,COMP,94784.0,0.07021037037037037,118480.0,94684,0,0.08776296296296296,0.5993669817690749,0.0,0.11266036461850103,0.2886056718433491,0.0,0.0,False,,,
Blackhole,p100a,1350.0,VECTOR,BF16,TTNN,vitoptim_bh,vitoptim_bh_b16,1,71,ttsim.ttnn.Op_72,False,False,Reshard,1,"{'element_size': 1, 'memory_config': {'memory_layout': <TensorMemoryLayout.BLOCK_SHARDED: 4>, 'buffer_type': <BufferType.L1: 2>, 'shard_spec': None, 'nd_shard_spec': None}}",['ttsim.ttnn.Op_71.out'],['ttsim.ttnn.Op_72.out'],ttsim.ttnn.Op_71.out[10x197x2304]:bfloat8_b,ttsim.ttnn.Op_72.out[10x197x2304]:bfloat8_b,,"{""inputs"": [{""layout"": ""TILE_LAYOUT"", ""memory"": ""L1_BLOCK_SHARDED"", ""dtype"": ""bfloat8_b""}], ""outputs"": [{""layout"": ""TILE_LAYOUT"", ""memory"": ""L1_BLOCK_SHARDED"", ""dtype"": ""bfloat8_b""}]}",,None,False,False,NA,4538880,4538880,4538880,4538880,{'mov': 4538880},0,4538880,4538880,4538880,1970,17097,17097,100.0,MEM,34294.0,0.025402962962962964,42868.0,0,1970,0.03175407407407407,0.0,0.03446667055461596,0.39883361520965765,0.39883361520965765,0.0,0.0,False,,,
Blackhole,p100a,1350.0,VECTOR,BF16,TTNN,vitoptim_bh,vitoptim_bh_b16,1,72,ttsim.ttnn.Op_73,False,False,CreateQKVHeads,1,"{'num_heads': 12, 'num_kv_heads': 12, 'head_dim': 64, 'transpose_k_heads': True, 'element_size': 1}",['ttsim.ttnn.Op_72.out'],"['ttsim.ttnn.Op_73.out.0', 'ttsim.ttnn.Op_73.out.1', 'ttsim.ttnn.Op_73.out.2']",ttsim.ttnn.Op_72.out[10x197x2304]:bfloat8_b,ttsim.ttnn.Op_73.out.0[10x12x197x64]:bfloat8_b;ttsim.ttnn.Op_73.out.1[10x12x64x197]:bfloat8_b;ttsim.ttnn.Op_73.out.2[10x12x197x64]:bfloat8_b,,"{""inputs"": [{""layout"": ""TILE_LAYOUT"", ""memory"": ""L1_BLOCK_SHARDED"", ""dtype"": ""bfloat8_b""}], ""outputs"": [{""layout"": ""TILE_LAYOUT"", ""memory"": ""L1_HEIGHT_SHARDED"", ""dtype"": ""bfloat8_b""}, {""layout"": ""TILE_LAYOUT"", ""memory"": ""L1_HEIGHT_SHARDED"", ""dtype"": ""bfloat8_b""}, {""layout"": ""TILE_LAYOUT"", ""memory"": ""L1_HEIGHT_SHARDED"", ""dtype"": ""bfloat8_b""}]}",,None,False,False,NA,4538880,4538880,4538880,4538880,{'mov': 4538880},0,4538880,4538880,4538880,1970,17097,17097,100.0,MEM,34294.0,0.025402962962962964,42868.0,0,1970,0.03175407407407407,0.0,0.03446667055461596,0.39883361520965765,0.39883361520965765,0.0,0.0,False,,,
Blackhole,p100a,1350.0,MATRIX,BF16,TTNN,vitoptim_bh,vitoptim_bh_b16,1,73,ttsim.ttnn.Op_74,False,False,MatMul,1,{},"['ttsim.ttnn.Op_73.out.0', 'ttsim.ttnn.Op_73.out.1']",['ttsim.ttnn.Op_74.out'],ttsim.ttnn.Op_73.out.0[10x12x197x64]:bfloat8_b;ttsim.ttnn.Op_73.out.1[10x12x64x197]:bfloat8_b,ttsim.ttnn.Op_74.out[10x12x197x197]:bfloat8_b,,"{""inputs"": [{""layout"": ""TILE_LAYOUT"", ""memory"": ""L1_HEIGHT_SHARDED"", ""dtype"": ""bfloat8_b""}, {""layout"": ""TILE_LAYOUT"", ""memory"": ""L1_HEIGHT_SHARDED"", ""dtype"": ""bfloat8_b""}], ""outputs"": [{""layout"": ""TILE_LAYOUT"", ""memory"": ""L1_HEIGHT_SHARDED"", ""dtype"": ""bfloat8_b""}]}",,None,False,False,NA,0,4657080,0,9314160,{'mac': 298053120},0,3025920,4657080,298053120,8086,0,35085,100.0,MEM,35185.0,0.026062962962962965,43982.0,8086,13346,0.03257925925925926,0.13788830467528776,0.22758561887167827,0.0,0.7977263038226517,0.0,0.0,False,,,
Blackhole,p100a,1350.0,VECTOR,BF16,TTNN,vitoptim_bh,vitoptim_bh_b16,1,74,ttsim.ttnn.Op_75,True,False,Mul,1,{'scalar': 0.125},"['ttsim.ttnn.Op_74.out', 'ttsim.ttnn.Op_75.scalar']",['ttsim.ttnn.Op_75.out'],ttsim.ttnn.Op_74.out[10x12x197x197]:bfloat8_b;ttsim.ttnn.Op_75.scalar[10x12x197x197]:bfloat8_b,ttsim.ttnn.Op_75.out[10x12x197x197]:bfloat8_b,,"{""inputs"": [{""layout"": ""TILE_LAYOUT"", ""memory"": ""L1_HEIGHT_SHARDED"", ""dtype"": ""bfloat8_b""}, {""layout"": ""TILE_LAYOUT"", ""memory"": ""L1_HEIGHT_SHARDED"", ""dtype"": ""bfloat8_b""}], ""outputs"": [{""layout"": ""TILE_LAYOUT"", ""memory"": ""L1_HEIGHT_SHARDED"", ""dtype"": ""bfloat8_b""}]}",,None,False,True,ttsim.ttnn.Op_74,9314160,4657080,18628320,9314160,{'mul': 4657080},0,9314160,4657080,4657080,2022,70169,35085,100.0,NA,0.0,0.0,0.0,0,0,0.0,0.0,0.0,0.0,0.0,0.0,0.0,False,,,
Blackhole,p100a,1350.0,VECTOR,BF16,TTNN,vitoptim_bh,vitoptim_bh_b16,1,75,ttsim.ttnn.Op_76,False,False,Softmax,1,{'dim': -1},['ttsim.ttnn.Op_75.out'],['ttsim.ttnn.Op_76.out'],ttsim.ttnn.Op_75.out[10x12x197x197]:bfloat8_b,ttsim.ttnn.Op_76.out[10x12x197x197]:bfloat8_b,,"{""inputs"": [{""layout"": ""TILE_LAYOUT"", ""memory"": ""L1_HEIGHT_SHARDED"", ""dtype"": ""bfloat8_b""}], ""outputs"": [{""layout"": ""TILE_LAYOUT"", ""memory"": ""L1_HEIGHT_SHARDED"", ""dtype"": ""bfloat8_b""}]}",,None,False,True,ttsim.ttnn.Op_74,4657080,4657080,9314160,9314160,"{'cmp': 4657080, 'sub': 4657080, 'exp': 4657080, 'add': 4657080, 'div': 4657080}",0,4657080,4657080,23285400,10110,35085,35085,100.0,NA,0.0,0.0,0.0,0,0,0.0,0.0,0.0,0.0,0.0,0.0,0.0,False,,,
Blackhole,p100a,1350.0,MATRIX,BF16,TTNN,vitoptim_bh,vitoptim_bh_b16,1,76,ttsim.ttnn.Op_77,False,False,MatMul,1,{},"['ttsim.ttnn.Op_76.out', 'ttsim.ttnn.Op_73.out.2']",['ttsim.ttnn.Op_77.out'],ttsim.ttnn.Op_76.out[10x12x197x197]:bfloat8_b;ttsim.ttnn.Op_73.out.2[10x12x197x64]:bfloat8_b,ttsim.ttnn.Op_77.out[10x12x197x64]:bfloat8_b,,"{""inputs"": [{""layout"": ""TILE_LAYOUT"", ""memory"": ""L1_HEIGHT_SHARDED"", ""dtype"": ""bfloat8_b""}, {""layout"": ""TILE_LAYOUT"", ""memory"": ""L1_HEIGHT_SHARDED"", ""dtype"": ""bfloat8_b""}], ""outputs"": [{""layout"": ""TILE_LAYOUT"", ""memory"": ""L1_HEIGHT_SHARDED"", ""dtype"": ""bfloat8_b""}]}",,None,False,False,NA,0,1512960,0,3025920,{'mac': 298053120},0,6170040,1512960,298053120,8086,0,11398,100.0,MEM,11498.0,0.008517037037037037,14373.0,8086,0,0.010646666666666667,0.4219516437641329,0.0,0.0,0.7930422682205601,0.0,0.0,False,,,
Blackhole,p100a,1350.0,VECTOR,BF16,TTNN,vitoptim_bh,vitoptim_bh_b16,1,77,ttsim.ttnn.Op_78,False,False,ConcatHeads,1,{'element_size': 1},['ttsim.ttnn.Op_77.out'],['ttsim.ttnn.Op_78.out'],ttsim.ttnn.Op_77.out[10x12x197x64]:bfloat8_b,ttsim.ttnn.Op_78.out[10x197x768]:bfloat8_b,,"{""inputs"": [{""layout"": ""TILE_LAYOUT"", ""memory"": ""L1_HEIGHT_SHARDED"", ""dtype"": ""bfloat8_b""}], ""outputs"": [{""layout"": ""TILE_LAYOUT"", ""memory"": ""L1_BLOCK_SHARDED"", ""dtype"": ""bfloat8_b""}]}",,None,False,False,NA,1512960,1512960,1512960,1512960,{'mov': 1512960},0,1512960,1512960,1512960,657,5699,5699,100.0,MEM,11498.0,0.008517037037037037,14373.0,0,657,0.010646666666666667,0.0,0.03428422334319012,0.39652113411028006,0.39652113411028006,0.0,0.0,False,,,
Blackhole,p100a,1350.0,MATRIX,BF16,TTNN,vitoptim_bh,vitoptim_bh_b16,1,78,ttsim.ttnn.Op_79,True,False,MatMul,1,{},"['ttsim.ttnn.Op_78.out', 'ttsim.ttnn.Tensor_56', 'ttsim.ttnn.Tensor_57']",['ttsim.ttnn.Op_79.out'],ttsim.ttnn.Op_78.out[10x197x768]:bfloat8_b;ttsim.ttnn.Tensor_56[768x768]:bfloat8_b;ttsim.ttnn.Tensor_57[1x768]:bfloat8_b,ttsim.ttnn.Op_79.out[10x197x768]:bfloat8_b,,"{""inputs"": [{""layout"": ""TILE_LAYOUT"", ""memory"": ""L1_BLOCK_SHARDED"", ""dtype"": ""bfloat8_b""}, {""layout"": ""TILE_LAYOUT"", ""memory"": null, ""dtype"": ""bfloat8_b""}, {""layout"": ""TILE_LAYOUT"", ""memory"": null, ""dtype"": ""bfloat8_b""}], ""outputs"": [{""layout"": ""TILE_LAYOUT"", ""memory"": ""L1_BLOCK_SHARDED"", ""dtype"": ""bfloat8_b""}]}",,None,False,False,NA,590592,1512960,1181184,3025920,"{'mac': 1161953280, 'add': 1512960}",0,2103552,1512960,1163466240,31562,4450,11398,100.0,COMP,32385.0,0.023988888888888886,40482.0,31562,723,0.02998666666666667,0.5847522000926355,0.013395090319592403,0.10992743554114559,0.2815624517523545,0.0,0.0,False,,,
Blackhole,p100a,1350.0,VECTOR,BF16,TTNN,vitoptim_bh,vitoptim_bh_b16,1,79,ttsim.ttnn.Op_80,False,False,Add,1,{},"['ttsim.ttnn.Op_79.out', 'ttsim.ttnn.Op_69.out']",['ttsim.ttnn.Op_80.out'],ttsim.ttnn.Op_79.out[10x197x768]:bfloat8_b;ttsim.ttnn.Op_69.out[10x197x768]:bfloat8_b,ttsim.ttnn.Op_80.out[10x197x768]:bfloat8_b,,"{""inputs"": [{""layout"": ""TILE_LAYOUT"", ""memory"": ""L1_BLOCK_SHARDED"", ""dtype"": ""bfloat8_b""}, {""layout"": ""TILE_LAYOUT"", ""memory"": ""L1_BLOCK_SHARDED"", ""dtype"": ""bfloat8_b""}], ""outputs"": [{""layout"": ""TILE_LAYOUT"", ""memory"": ""L1_BLOCK_SHARDED"", ""dtype"": ""bfloat8_b""}]}",,None,False,True,ttsim.ttnn.Op_79,3025920,1512960,6051840,3025920,{'add': 1512960},0,3025920,1512960,1512960,657,22796,11398,100.0,NA,0.0,0.0,0.0,0,0,0.0,0.0,0.0,0.0,0.0,0.0,0.0,False,,,
Blackhole,p100a,1350.0,VECTOR,BF16,TTNN,vitoptim_bh,vitoptim_bh_b16,1,80,ttsim.ttnn.Op_81,True,False,LayerNormalization,1,{'math_fidelity': 'HiFi2'},"['ttsim.ttnn.Op_80.out', 'ttsim.ttnn.Tensor_60', 'ttsim.ttnn.Tensor_61']",['ttsim.ttnn.Op_81.out'],ttsim.ttnn.Op_80.out[10x197x768]:bfloat8_b;ttsim.ttnn.Tensor_60[1x768]:bfloat16;ttsim.ttnn.Tensor_61[1x768]:bfloat16,ttsim.ttnn.Op_81.out[10x197x768]:bfloat8_b,,"{""inputs"": [{""layout"": ""TILE_LAYOUT"", ""memory"": ""L1_BLOCK_SHARDED"", ""dtype"": ""bfloat8_b""}, {""layout"": ""TILE_LAYOUT"", ""memory"": null, ""dtype"": ""bfloat16""}, {""layout"": ""TILE_LAYOUT"", ""memory"": null, ""dtype"": ""bfloat16""}], ""outputs"": [{""layout"": ""TILE_LAYOUT"", ""memory"": ""L1_BLOCK_SHARDED"", ""dtype"": ""bfloat8_b""}]}",,None,False,False,NA,1514496,1512960,3028992,3025920,"{'add': 3027890, 'sub': 1512960, 'mul': 3025920, 'div': 3940, 'mac': 1512960, 'rsqrt': 1970}",0,1514496,1512960,9085640,3946,11410,11398,100.0,MEM,22908.0,0.016968888888888888,28635.0,0,3946,0.02121111111111111,0.0,0.10335254059717129,0.3984634188929632,0.3980443513183167,0.0,0.0,False,,,
Blackhole,p100a,1350.0,MATRIX,BF16,TTNN,vitoptim_bh,vitoptim_bh_b16,1,81,ttsim.ttnn.Op_82,True,False,MatMul,1,{'fused_activation': 'gelu'},"['ttsim.ttnn.Op_81.out', 'ttsim.ttnn.Tensor_62', 'ttsim.ttnn.Tensor_63']",['ttsim.ttnn.Op_82.out'],ttsim.ttnn.Op_81.out[10x197x768]:bfloat8_b;ttsim.ttnn.Tensor_62[768x3072]:bfloat8_b;ttsim.ttnn.Tensor_63[1x3072]:bfloat8_b,ttsim.ttnn.Op_82.out[10x197x3072]:bfloat8_b,,"{""inputs"": [{""layout"": ""TILE_LAYOUT"", ""memory"": ""L1_BLOCK_SHARDED"", ""dtype"": ""bfloat8_b""}, {""layout"": ""TILE_LAYOUT"", ""memory"": null, ""dtype"": ""bfloat8_b""}, {""layout"": ""TILE_LAYOUT"", ""memory"": null, ""dtype"": ""bfloat8_b""}], ""outputs"": [{""layout"": ""TILE_LAYOUT"", ""memory"": ""L1_BLOCK_SHARDED"", ""dtype"": ""bfloat8_b""}]}",,None,False,False,NA,2362368,6051840,4724736,12103680,"{'mac': 4647813120, 'add': 18155520, 'mul': 36311040, 'tanh': 6051840}",0,3875328,6051840,4708331520,130185,17797,45592,100.0,COMP,269020.0,0.19927407407407408,336275.0,268920,0,0.2490925925925926,0.5997769682551483,0.0,0.05292394617500558,0.03389487770425991,0.0,0.0,False,,,
Blackhole,p100a,1350.0,MATRIX,BF16,TTNN,vitoptim_bh,vitoptim_bh_b16,1,82,ttsim.ttnn.Op_83,True,False,MatMul,1,{},"['ttsim.ttnn.Op_82.out', 'ttsim.ttnn.Tensor_64', 'ttsim.ttnn.Tensor_65']",['ttsim.ttnn.Op_83.out'],ttsim.ttnn.Op_82.out[10x197x3072]:bfloat8_b;ttsim.ttnn.Tensor_64[3072x768]:bfloat8_b;ttsim.ttnn.Tensor_65[1x768]:bfloat8_b,ttsim.ttnn.Op_83.out[10x197x768]:bfloat8_b,,"{""inputs"": [{""layout"": ""TILE_LAYOUT"", ""memory"": ""L1_BLOCK_SHARDED"", ""dtype"": ""bfloat8_b""}, {""layout"": ""TILE_LAYOUT"", ""memory"": null, ""dtype"": ""bfloat8_b""}, {""layout"": ""TILE_LAYOUT"", ""memory"": null, ""dtype"": ""bfloat8_b""}], ""outputs"": [{""layout"": ""TILE_LAYOUT"", ""memory"": ""L1_BLOCK_SHARDED"", ""dtype"": ""bfloat8_b""}]}",,None,False,True,ttsim.ttnn.Op_82,2360064,1512960,4720128,3025920,"{'mac': 4647813120, 'add': 1512960}",0,8411904,1512960,4649326080,126122,17780,11398,100.0,NA,0.0,0.0,0.0,0,0,0.0,0.0,0.0,0.0,0.0,0.0,0.0,False,,,
Blackhole,p100a,1350.0,VECTOR,BF16,TTNN,vitoptim_bh,vitoptim_bh_b16,1,83,ttsim.ttnn.Op_84,False,False,Add,1,{},"['ttsim.ttnn.Op_83.out', 'ttsim.ttnn.Op_80.out']",['ttsim.ttnn.Op_84.out'],ttsim.ttnn.Op_83.out[10x197x768]:bfloat8_b;ttsim.ttnn.Op_80.out[10x197x768]:bfloat8_b,ttsim.ttnn.Op_84.out[10x197x768]:bfloat8_b,,"{""inputs"": [{""layout"": ""TILE_LAYOUT"", ""memory"": ""L1_BLOCK_SHARDED"", ""dtype"": ""bfloat8_b""}, {""layout"": ""TILE_LAYOUT"", ""memory"": ""L1_BLOCK_SHARDED"", ""dtype"": ""bfloat8_b""}], ""outputs"": [{""layout"": ""TILE_LAYOUT"", ""memory"": ""L1_BLOCK_SHARDED"", ""dtype"": ""bfloat8_b""}]}",,None,False,False,NA,3025920,1512960,6051840,3025920,{'add': 1512960},0,3025920,1512960,1512960,657,22796,11398,100.0,MEM,34294.0,0.025402962962962964,42868.0,0,657,0.03175407407407407,0.0,0.0114947221088237,0.531778153612877,0.2658890768064385,0.0,0.0,False,,,
Blackhole,p100a,1350.0,VECTOR,BF16,TTNN,vitoptim_bh,vitoptim_bh_b16,1,84,ttsim.ttnn.Op_85,True,False,LayerNormalization,1,{'math_fidelity': 'HiFi2'},"['ttsim.ttnn.Op_84.out', 'ttsim.ttnn.Tensor_70', 'ttsim.ttnn.Tensor_71']",['ttsim.ttnn.Op_85.out'],ttsim.ttnn.Op_84.out[10x197x768]:bfloat8_b;ttsim.ttnn.Tensor_70[1x768]:bfloat16;ttsim.ttnn.Tensor_71[1x768]:bfloat16,ttsim.ttnn.Op_85.out[10x197x768]:bfloat8_b,,"{""inputs"": [{""layout"": ""TILE_LAYOUT"", ""memory"": ""L1_BLOCK_SHARDED"", ""dtype"": ""bfloat8_b""}, {""layout"": ""TILE_LAYOUT"", ""memory"": null, ""dtype"": ""bfloat16""}, {""layout"": ""TILE_LAYOUT"", ""memory"": null, ""dtype"": ""bfloat16""}], ""outputs"": [{""layout"": ""TILE_LAYOUT"", ""memory"": ""L1_BLOCK_SHARDED"", ""dtype"": ""bfloat8_b""}]}",,None,False,False,NA,1514496,1512960,3028992,3025920,"{'add': 3027890, 'sub': 1512960, 'mul': 3025920, 'div': 3940, 'mac': 1512960, 'rsqrt': 1970}",0,1514496,1512960,9085640,3946,11410,11398,100.0,MEM,22908.0,0.016968888888888888,28635.0,0,3946,0.02121111111111111,0.0,0.10335254059717129,0.3984634188929632,0.3980443513183167,0.0,0.0,False,,,
Blackhole,p100a,1350.0,MATRIX,BF16,TTNN,vitoptim_bh,vitoptim_bh_b16,1,85,ttsim.ttnn.Op_86,True,False,MatMul,1,{},"['ttsim.ttnn.Op_85.out', 'ttsim.ttnn.Tensor_66', 'ttsim.ttnn.Tensor_67']",['ttsim.ttnn.Op_86.out'],ttsim.ttnn.Op_85.out[10x197x768]:bfloat8_b;ttsim.ttnn.Tensor_66[768x2304]:bfloat8_b;ttsim.ttnn.Tensor_67[1x2304]:bfloat8_b,ttsim.ttnn.Op_86.out[10x197x2304]:bfloat8_b,,"{""inputs"": [{""layout"": ""TILE_LAYOUT"", ""memory"": ""L1_BLOCK_SHARDED"", ""dtype"": ""bfloat8_b""}, {""layout"": ""TILE_LAYOUT"", ""memory"": null, ""dtype"": ""bfloat8_b""}, {""layout"": ""TILE_LAYOUT"", ""memory"": null, ""dtype"": ""bfloat8_b""}], ""outputs"": [{""layout"": ""TILE_LAYOUT"", ""memory"": ""L1_BLOCK_SHARDED"", ""dtype"": ""bfloat8_b""}]}",,None,False,False,NA,1771776,4538880,3543552,9077760,"{'mac': 3485859840, 'add': 4538880}",0,3284736,4538880,3490398720,94684,13348,34194,100.0,COMP,94784.0,0.07021037037037037,118480.0,94684,0,0.08776296296296296,0.5993669817690749,0.0,0.11266036461850103,0.2886056718433491,0.0,0.0,False,,,
Blackhole,p100a,1350.0,VECTOR,BF16,TTNN,vitoptim_bh,vitoptim_bh_b16,1,86,ttsim.ttnn.Op_87,False,False,Reshard,1,"{'element_size': 1, 'memory_config': {'memory_layout': <TensorMemoryLayout.BLOCK_SHARDED: 4>, 'buffer_type': <BufferType.L1: 2>, 'shard_spec': None, 'nd_shard_spec': None}}",['ttsim.ttnn.Op_86.out'],['ttsim.ttnn.Op_87.out'],ttsim.ttnn.Op_86.out[10x197x2304]:bfloat8_b,ttsim.ttnn.Op_87.out[10x197x2304]:bfloat8_b,,"{""inputs"": [{""layout"": ""TILE_LAYOUT"", ""memory"": ""L1_BLOCK_SHARDED"", ""dtype"": ""bfloat8_b""}], ""outputs"": [{""layout"": ""TILE_LAYOUT"", ""memory"": ""L1_BLOCK_SHARDED"", ""dtype"": ""bfloat8_b""}]}",,None,False,False,NA,4538880,4538880,4538880,4538880,{'mov': 4538880},0,4538880,4538880,4538880,1970,17097,17097,100.0,MEM,34294.0,0.025402962962962964,42868.0,0,1970,0.03175407407407407,0.0,0.03446667055461596,0.39883361520965765,0.39883361520965765,0.0,0.0,False,,,
Blackhole,p100a,1350.0,VECTOR,BF16,TTNN,vitoptim_bh,vitoptim_bh_b16,1,87,ttsim.ttnn.Op_88,False,False,CreateQKVHeads,1,"{'num_heads': 12, 'num_kv_heads': 12, 'head_dim': 64, 'transpose_k_heads': True, 'element_size': 1}",['ttsim.ttnn.Op_87.out'],"['ttsim.ttnn.Op_88.out.0', 'ttsim.ttnn.Op_88.out.1', 'ttsim.ttnn.Op_88.out.2']",ttsim.ttnn.Op_87.out[10x197x2304]:bfloat8_b,ttsim.ttnn.Op_88.out.0[10x12x197x64]:bfloat8_b;ttsim.ttnn.Op_88.out.1[10x12x64x197]:bfloat8_b;ttsim.ttnn.Op_88.out.2[10x12x197x64]:bfloat8_b,,"{""inputs"": [{""layout"": ""TILE_LAYOUT"", ""memory"": ""L1_BLOCK_SHARDED"", ""dtype"": ""bfloat8_b""}], ""outputs"": [{""layout"": ""TILE_LAYOUT"", ""memory"": ""L1_HEIGHT_SHARDED"", ""dtype"": ""bfloat8_b""}, {""layout"": ""TILE_LAYOUT"", ""memory"": ""L1_HEIGHT_SHARDED"", ""dtype"": ""bfloat8_b""}, {""layout"": ""TILE_LAYOUT"", ""memory"": ""L1_HEIGHT_SHARDED"", ""dtype"": ""bfloat8_b""}]}",,None,False,False,NA,4538880,4538880,4538880,4538880,{'mov': 4538880},0,4538880,4538880,4538880,1970,17097,17097,100.0,MEM,34294.0,0.025402962962962964,42868.0,0,1970,0.03175407407407407,0.0,0.03446667055461596,0.39883361520965765,0.39883361520965765,0.0,0.0,False,,,
Blackhole,p100a,1350.0,MATRIX,BF16,TTNN,vitoptim_bh,vitoptim_bh_b16,1,88,ttsim.ttnn.Op_89,False,False,MatMul,1,{},"['ttsim.ttnn.Op_88.out.0', 'ttsim.ttnn.Op_88.out.1']",['ttsim.ttnn.Op_89.out'],ttsim.ttnn.Op_88.out.0[10x12x197x64]:bfloat8_b;ttsim.ttnn.Op_88.out.1[10x12x64x197]:bfloat8_b,ttsim.ttnn.Op_89.out[10x12x197x197]:bfloat8_b,,"{""inputs"": [{""layout"": ""TILE_LAYOUT"", ""memory"": ""L1_HEIGHT_SHARDED"", ""dtype"": ""bfloat8_b""}, {""layout"": ""TILE_LAYOUT"", ""memory"": ""L1_HEIGHT_SHARDED"", ""dtype"": ""bfloat8_b""}], ""outputs"": [{""layout"": ""TILE_LAYOUT"", ""memory"": ""L1_HEIGHT_SHARDED"", ""dtype"": ""bfloat8_b""}]}",,None,False,False,NA,0,4657080,0,9314160,{'mac': 298053120},0,3025920,4657080,298053120,8086,0,35085,100.0,MEM,35185.0,0.026062962962962965,43982.0,8086,13346,0.03257925925925926,0.13788830467528776,0.22758561887167827,0.0,0.7977263038226517,0.0,0.0,False,,,
Blackhole,p100a,1350.0,VECTOR,BF16,TTNN,vitoptim_bh,vitoptim_bh_b16,1,89,ttsim.ttnn.Op_90,True,False,Mul,1,{'scalar': 0.125},"['ttsim.ttnn.Op_89.out', 'ttsim.ttnn.Op_90.scalar']",['ttsim.ttnn.Op_90.out'],ttsim.ttnn.Op_89.out[10x12x197x197]:bfloat8_b;ttsim.ttnn.Op_90.scalar[10x12x197x197]:bfloat8_b,ttsim.ttnn.Op_90.out[10x12x197x197]:bfloat8_b,,"{""inputs"": [{""layout"": ""TILE_LAYOUT"", ""memory"": ""L1_HEIGHT_SHARDED"", ""dtype"": ""bfloat8_b""}, {""layout"": ""TILE_LAYOUT"", ""memory"": ""L1_HEIGHT_SHARDED"", ""dtype"": ""bfloat8_b""}], ""outputs"": [{""layout"": ""TILE_LAYOUT"", ""memory"": ""L1_HEIGHT_SHARDED"", ""dtype"": ""bfloat8_b""}]}",,None,False,True,ttsim.ttnn.Op_89,9314160,4657080,18628320,9314160,{'mul': 4657080},0,9314160,4657080,4657080,2022,70169,35085,100.0,NA,0.0,0.0,0.0,0,0,0.0,0.0,0.0,0.0,0.0,0.0,0.0,False,,,
Blackhole,p100a,1350.0,VECTOR,BF16,TTNN,vitoptim_bh,vitoptim_bh_b16,1,90,ttsim.ttnn.Op_91,False,False,Softmax,1,{'dim': -1},['ttsim.ttnn.Op_90.out'],['ttsim.ttnn.Op_91.out'],ttsim.ttnn.Op_90.out[10x12x197x197]:bfloat8_b,ttsim.ttnn.Op_91.out[10x12x197x197]:bfloat8_b,,"{""inputs"": [{""layout"": ""TILE_LAYOUT"", ""memory"": ""L1_HEIGHT_SHARDED"", ""dtype"": ""bfloat8_b""}], ""outputs"": [{""layout"": ""TILE_LAYOUT"", ""memory"": ""L1_HEIGHT_SHARDED"", ""dtype"": ""bfloat8_b""}]}",,None,False,True,ttsim.ttnn.Op_89,4657080,4657080,9314160,9314160,"{'cmp': 4657080, 'sub': 4657080, 'exp': 4657080, 'add': 4657080, 'div': 4657080}",0,4657080,4657080,23285400,10110,35085,35085,100.0,NA,0.0,0.0,0.0,0,0,0.0,0.0,0.0,0.0,0.0,0.0,0.0,False,,,
Blackhole,p100a,1350.0,MATRIX,BF16,TTNN,vitoptim_bh,vitoptim_bh_b16,1,91,ttsim.ttnn.Op_92,False,False,MatMul,1,{},"['ttsim.ttnn.Op_91.out', 'ttsim.ttnn.Op_88.out.2']",['ttsim.ttnn.Op_92.out'],ttsim.ttnn.Op_91.out[10x12x197x197]:bfloat8_b;ttsim.ttnn.Op_88.out.2[10x12x197x64]:bfloat8_b,ttsim.ttnn.Op_92.out[10x12x197x64]:bfloat8_b,,"{""inputs"": [{""layout"": ""TILE_LAYOUT"", ""memory"": ""L1_HEIGHT_SHARDED"", ""dtype"": ""bfloat8_b""}, {""layout"": ""TILE_LAYOUT"", ""memory"": ""L1_HEIGHT_SHARDED"", ""dtype"": ""bfloat8_b""}], ""outputs"": [{""layout"": ""TILE_LAYOUT"", ""memory"": ""L1_HEIGHT_SHARDED"", ""dtype"": ""bfloat8_b""}]}",,None,False,False,NA,0,1512960,0,3025920,{'mac': 298053120},0,6170040,1512960,298053120,8086,0,11398,100.0,MEM,11498.0,0.008517037037037037,14373.0,8086,0,0.010646666666666667,0.4219516437641329,0.0,0.0,0.7930422682205601,0.0,0.0,False,,,
Blackhole,p100a,1350.0,VECTOR,BF16,TTNN,vitoptim_bh,vitoptim_bh_b16,1,92,ttsim.ttnn.Op_93,False,False,ConcatHeads,1,{'element_size': 1},['ttsim.ttnn.Op_92.out'],['ttsim.ttnn.Op_93.out'],ttsim.ttnn.Op_92.out[10x12x197x64]:bfloat8_b,ttsim.ttnn.Op_93.out[10x197x768]:bfloat8_b,,"{""inputs"": [{""layout"": ""TILE_LAYOUT"", ""memory"": ""L1_HEIGHT_SHARDED"", ""dtype"": ""bfloat8_b""}], ""outputs"": [{""layout"": ""TILE_LAYOUT"", ""memory"": ""L1_BLOCK_SHARDED"", ""dtype"": ""bfloat8_b""}]}",,None,False,False,NA,1512960,1512960,1512960,1512960,{'mov': 1512960},0,1512960,1512960,1512960,657,5699,5699,100.0,MEM,11498.0,0.008517037037037037,14373.0,0,657,0.010646666666666667,0.0,0.03428422334319012,0.39652113411028006,0.39652113411028006,0.0,0.0,False,,,
Blackhole,p100a,1350.0,MATRIX,BF16,TTNN,vitoptim_bh,vitoptim_bh_b16,1,93,ttsim.ttnn.Op_94,True,False,MatMul,1,{},"['ttsim.ttnn.Op_93.out', 'ttsim.ttnn.Tensor_68', 'ttsim.ttnn.Tensor_69']",['ttsim.ttnn.Op_94.out'],ttsim.ttnn.Op_93.out[10x197x768]:bfloat8_b;ttsim.ttnn.Tensor_68[768x768]:bfloat8_b;ttsim.ttnn.Tensor_69[1x768]:bfloat8_b,ttsim.ttnn.Op_94.out[10x197x768]:bfloat8_b,,"{""inputs"": [{""layout"": ""TILE_LAYOUT"", ""memory"": ""L1_BLOCK_SHARDED"", ""dtype"": ""bfloat8_b""}, {""layout"": ""TILE_LAYOUT"", ""memory"": null, ""dtype"": ""bfloat8_b""}, {""layout"": ""TILE_LAYOUT"", ""memory"": null, ""dtype"": ""bfloat8_b""}], ""outputs"": [{""layout"": ""TILE_LAYOUT"", ""memory"": ""L1_BLOCK_SHARDED"", ""dtype"": ""bfloat8_b""}]}",,None,False,False,NA,590592,1512960,1181184,3025920,"{'mac': 1161953280, 'add': 1512960}",0,2103552,1512960,1163466240,31562,4450,11398,100.0,COMP,32385.0,0.023988888888888886,40482.0,31562,723,0.02998666666666667,0.5847522000926355,0.013395090319592403,0.10992743554114559,0.2815624517523545,0.0,0.0,False,,,
Blackhole,p100a,1350.0,VECTOR,BF16,TTNN,vitoptim_bh,vitoptim_bh_b16,1,94,ttsim.ttnn.Op_95,False,False,Add,1,{},"['ttsim.ttnn.Op_94.out', 'ttsim.ttnn.Op_84.out']",['ttsim.ttnn.Op_95.out'],ttsim.ttnn.Op_94.out[10x197x768]:bfloat8_b;ttsim.ttnn.Op_84.out[10x197x768]:bfloat8_b,ttsim.ttnn.Op_95.out[10x197x768]:bfloat8_b,,"{""inputs"": [{""layout"": ""TILE_LAYOUT"", ""memory"": ""L1_BLOCK_SHARDED"", ""dtype"": ""bfloat8_b""}, {""layout"": ""TILE_LAYOUT"", ""memory"": ""L1_BLOCK_SHARDED"", ""dtype"": ""bfloat8_b""}], ""outputs"": [{""layout"": ""TILE_LAYOUT"", ""memory"": ""L1_BLOCK_SHARDED"", ""dtype"": ""bfloat8_b""}]}",,None,False,True,ttsim.ttnn.Op_94,3025920,1512960,6051840,3025920,{'add': 1512960},0,3025920,1512960,1512960,657,22796,11398,100.0,NA,0.0,0.0,0.0,0,0,0.0,0.0,0.0,0.0,0.0,0.0,0.0,False,,,
Blackhole,p100a,1350.0,VECTOR,BF16,TTNN,vitoptim_bh,vitoptim_bh_b16,1,95,ttsim.ttnn.Op_96,True,False,LayerNormalization,1,{'math_fidelity': 'HiFi2'},"['ttsim.ttnn.Op_95.out', 'ttsim.ttnn.Tensor_72', 'ttsim.ttnn.Tensor_73']",['ttsim.ttnn.Op_96.out'],ttsim.ttnn.Op_95.out[10x197x768]:bfloat8_b;ttsim.ttnn.Tensor_72[1x768]:bfloat16;ttsim.ttnn.Tensor_73[1x768]:bfloat16,ttsim.ttnn.Op_96.out[10x197x768]:bfloat8_b,,"{""inputs"": [{""layout"": ""TILE_LAYOUT"", ""memory"": ""L1_BLOCK_SHARDED"", ""dtype"": ""bfloat8_b""}, {""layout"": ""TILE_LAYOUT"", ""memory"": null, ""dtype"": ""bfloat16""}, {""layout"": ""TILE_LAYOUT"", ""memory"": null, ""dtype"": ""bfloat16""}], ""outputs"": [{""layout"": ""TILE_LAYOUT"", ""memory"": ""L1_BLOCK_SHARDED"", ""dtype"": ""bfloat8_b""}]}",,None,False,False,NA,1514496,1512960,3028992,3025920,"{'add': 3027890, 'sub': 1512960, 'mul': 3025920, 'div': 3940, 'mac': 1512960, 'rsqrt': 1970}",0,1514496,1512960,9085640,3946,11410,11398,100.0,MEM,22908.0,0.016968888888888888,28635.0,0,3946,0.02121111111111111,0.0,0.10335254059717129,0.3984634188929632,0.3980443513183167,0.0,0.0,False,,,
Blackhole,p100a,1350.0,MATRIX,BF16,TTNN,vitoptim_bh,vitoptim_bh_b16,1,96,ttsim.ttnn.Op_97,True,False,MatMul,1,{'fused_activation': 'gelu'},"['ttsim.ttnn.Op_96.out', 'ttsim.ttnn.Tensor_74', 'ttsim.ttnn.Tensor_75']",['ttsim.ttnn.Op_97.out'],ttsim.ttnn.Op_96.out[10x197x768]:bfloat8_b;ttsim.ttnn.Tensor_74[768x3072]:bfloat8_b;ttsim.ttnn.Tensor_75[1x3072]:bfloat8_b,ttsim.ttnn.Op_97.out[10x197x3072]:bfloat8_b,,"{""inputs"": [{""layout"": ""TILE_LAYOUT"", ""memory"": ""L1_BLOCK_SHARDED"", ""dtype"": ""bfloat8_b""}, {""layout"": ""TILE_LAYOUT"", ""memory"": null, ""dtype"": ""bfloat8_b""}, {""layout"": ""TILE_LAYOUT"", ""memory"": null, ""dtype"": ""bfloat8_b""}], ""outputs"": [{""layout"": ""TILE_LAYOUT"", ""memory"": ""L1_BLOCK_SHARDED"", ""dtype"": ""bfloat8_b""}]}",,None,False,False,NA,2362368,6051840,4724736,12103680,"{'mac': 4647813120, 'add': 18155520, 'mul': 36311040, 'tanh': 6051840}",0,3875328,6051840,4708331520,130185,17797,45592,100.0,COMP,269020.0,0.19927407407407408,336275.0,268920,0,0.2490925925925926,0.5997769682551483,0.0,0.05292394617500558,0.03389487770425991,0.0,0.0,False,,,
Blackhole,p100a,1350.0,MATRIX,BF16,TTNN,vitoptim_bh,vitoptim_bh_b16,1,97,ttsim.ttnn.Op_98,True,False,MatMul,1,{},"['ttsim.ttnn.Op_97.out', 'ttsim.ttnn.Tensor_76', 'ttsim.ttnn.Tensor_77']",['ttsim.ttnn.Op_98.out'],ttsim.ttnn.Op_97.out[10x197x3072]:bfloat8_b;ttsim.ttnn.Tensor_76[3072x768]:bfloat8_b;ttsim.ttnn.Tensor_77[1x768]:bfloat8_b,ttsim.ttnn.Op_98.out[10x197x768]:bfloat8_b,,"{""inputs"": [{""layout"": ""TILE_LAYOUT"", ""memory"": ""L1_BLOCK_SHARDED"", ""dtype"": ""bfloat8_b""}, {""layout"": ""TILE_LAYOUT"", ""memory"": null, ""dtype"": ""bfloat8_b""}, {""layout"": ""TILE_LAYOUT"", ""memory"": null, ""dtype"": ""bfloat8_b""}], ""outputs"": [{""layout"": ""TILE_LAYOUT"", ""memory"": ""L1_BLOCK_SHARDED"", ""dtype"": ""bfloat8_b""}]}",,None,False,True,ttsim.ttnn.Op_97,2360064,1512960,4720128,3025920,"{'mac': 4647813120, 'add': 1512960}",0,8411904,1512960,4649326080,126122,17780,11398,100.0,NA,0.0,0.0,0.0,0,0,0.0,0.0,0.0,0.0,0.0,0.0,0.0,False,,,
Blackhole,p100a,1350.0,VECTOR,BF16,TTNN,vitoptim_bh,vitoptim_bh_b16,1,98,ttsim.ttnn.Op_99,False,False,Add,1,{},"['ttsim.ttnn.Op_98.out', 'ttsim.ttnn.Op_95.out']",['ttsim.ttnn.Op_99.out'],ttsim.ttnn.Op_98.out[10x197x768]:bfloat8_b;ttsim.ttnn.Op_95.out[10x197x768]:bfloat8_b,ttsim.ttnn.Op_99.out[10x197x768]:bfloat8_b,,"{""inputs"": [{""layout"": ""TILE_LAYOUT"", ""memory"": ""L1_BLOCK_SHARDED"", ""dtype"": ""bfloat8_b""}, {""layout"": ""TILE_LAYOUT"", ""memory"": ""L1_BLOCK_SHARDED"", ""dtype"": ""bfloat8_b""}], ""outputs"": [{""layout"": ""TILE_LAYOUT"", ""memory"": ""L1_BLOCK_SHARDED"", ""dtype"": ""bfloat8_b""}]}",,None,False,False,NA,3025920,1512960,6051840,3025920,{'add': 1512960},0,3025920,1512960,1512960,657,22796,11398,100.0,MEM,34294.0,0.025402962962962964,42868.0,0,657,0.03175407407407407,0.0,0.0114947221088237,0.531778153612877,0.2658890768064385,0.0,0.0,False,,,
Blackhole,p100a,1350.0,VECTOR,BF16,TTNN,vitoptim_bh,vitoptim_bh_b16,1,99,ttsim.ttnn.Op_100,True,False,LayerNormalization,1,{'math_fidelity': 'HiFi2'},"['ttsim.ttnn.Op_99.out', 'ttsim.ttnn.Tensor_82', 'ttsim.ttnn.Tensor_83']",['ttsim.ttnn.Op_100.out'],ttsim.ttnn.Op_99.out[10x197x768]:bfloat8_b;ttsim.ttnn.Tensor_82[1x768]:bfloat16;ttsim.ttnn.Tensor_83[1x768]:bfloat16,ttsim.ttnn.Op_100.out[10x197x768]:bfloat8_b,,"{""inputs"": [{""layout"": ""TILE_LAYOUT"", ""memory"": ""L1_BLOCK_SHARDED"", ""dtype"": ""bfloat8_b""}, {""layout"": ""TILE_LAYOUT"", ""memory"": null, ""dtype"": ""bfloat16""}, {""layout"": ""TILE_LAYOUT"", ""memory"": null, ""dtype"": ""bfloat16""}], ""outputs"": [{""layout"": ""TILE_LAYOUT"", ""memory"": ""L1_BLOCK_SHARDED"", ""dtype"": ""bfloat8_b""}]}",,None,False,False,NA,1514496,1512960,3028992,3025920,"{'add': 3027890, 'sub': 1512960, 'mul': 3025920, 'div': 3940, 'mac': 1512960, 'rsqrt': 1970}",0,1514496,1512960,9085640,3946,11410,11398,100.0,MEM,22908.0,0.016968888888888888,28635.0,0,3946,0.02121111111111111,0.0,0.10335254059717129,0.3984634188929632,0.3980443513183167,0.0,0.0,False,,,
Blackhole,p100a,1350.0,MATRIX,BF16,TTNN,vitoptim_bh,vitoptim_bh_b16,1,100,ttsim.ttnn.Op_101,True,False,MatMul,1,{},"['ttsim.ttnn.Op_100.out', 'ttsim.ttnn.Tensor_78', 'ttsim.ttnn.Tensor_79']",['ttsim.ttnn.Op_101.out'],ttsim.ttnn.Op_100.out[10x197x768]:bfloat8_b;ttsim.ttnn.Tensor_78[768x2304]:bfloat8_b;ttsim.ttnn.Tensor_79[1x2304]:bfloat8_b,ttsim.ttnn.Op_101.out[10x197x2304]:bfloat8_b,,"{""inputs"": [{""layout"": ""TILE_LAYOUT"", ""memory"": ""L1_BLOCK_SHARDED"", ""dtype"": ""bfloat8_b""}, {""layout"": ""TILE_LAYOUT"", ""memory"": null, ""dtype"": ""bfloat8_b""}, {""layout"": ""TILE_LAYOUT"", ""memory"": null, ""dtype"": ""bfloat8_b""}], ""outputs"": [{""layout"": ""TILE_LAYOUT"", ""memory"": ""L1_BLOCK_SHARDED"", ""dtype"": ""bfloat8_b""}]}",,None,False,False,NA,1771776,4538880,3543552,9077760,"{'mac': 3485859840, 'add': 4538880}",0,3284736,4538880,3490398720,94684,13348,34194,100.0,COMP,94784.0,0.07021037037037037,118480.0,94684,0,0.08776296296296296,0.5993669817690749,0.0,0.11266036461850103,0.2886056718433491,0.0,0.0,False,,,
Blackhole,p100a,1350.0,VECTOR,BF16,TTNN,vitoptim_bh,vitoptim_bh_b16,1,101,ttsim.ttnn.Op_102,False,False,Reshard,1,"{'element_size': 1, 'memory_config': {'memory_layout': <TensorMemoryLayout.BLOCK_SHARDED: 4>, 'buffer_type': <BufferType.L1: 2>, 'shard_spec': None, 'nd_shard_spec': None}}",['ttsim.ttnn.Op_101.out'],['ttsim.ttnn.Op_102.out'],ttsim.ttnn.Op_101.out[10x197x2304]:bfloat8_b,ttsim.ttnn.Op_102.out[10x197x2304]:bfloat8_b,,"{""inputs"": [{""layout"": ""TILE_LAYOUT"", ""memory"": ""L1_BLOCK_SHARDED"", ""dtype"": ""bfloat8_b""}], ""outputs"": [{""layout"": ""TILE_LAYOUT"", ""memory"": ""L1_BLOCK_SHARDED"", ""dtype"": ""bfloat8_b""}]}",,None,False,False,NA,4538880,4538880,4538880,4538880,{'mov': 4538880},0,4538880,4538880,4538880,1970,17097,17097,100.0,MEM,34294.0,0.025402962962962964,42868.0,0,1970,0.03175407407407407,0.0,0.03446667055461596,0.39883361520965765,0.39883361520965765,0.0,0.0,False,,,
Blackhole,p100a,1350.0,VECTOR,BF16,TTNN,vitoptim_bh,vitoptim_bh_b16,1,102,ttsim.ttnn.Op_103,False,False,CreateQKVHeads,1,"{'num_heads': 12, 'num_kv_heads': 12, 'head_dim': 64, 'transpose_k_heads': True, 'element_size': 1}",['ttsim.ttnn.Op_102.out'],"['ttsim.ttnn.Op_103.out.0', 'ttsim.ttnn.Op_103.out.1', 'ttsim.ttnn.Op_103.out.2']",ttsim.ttnn.Op_102.out[10x197x2304]:bfloat8_b,ttsim.ttnn.Op_103.out.0[10x12x197x64]:bfloat8_b;ttsim.ttnn.Op_103.out.1[10x12x64x197]:bfloat8_b;ttsim.ttnn.Op_103.out.2[10x12x197x64]:bfloat8_b,,"{""inputs"": [{""layout"": ""TILE_LAYOUT"", ""memory"": ""L1_BLOCK_SHARDED"", ""dtype"": ""bfloat8_b""}], ""outputs"": [{""layout"": ""TILE_LAYOUT"", ""memory"": ""L1_HEIGHT_SHARDED"", ""dtype"": ""bfloat8_b""}, {""layout"": ""TILE_LAYOUT"", ""memory"": ""L1_HEIGHT_SHARDED"", ""dtype"": ""bfloat8_b""}, {""layout"": ""TILE_LAYOUT"", ""memory"": ""L1_HEIGHT_SHARDED"", ""dtype"": ""bfloat8_b""}]}",,None,False,False,NA,4538880,4538880,4538880,4538880,{'mov': 4538880},0,4538880,4538880,4538880,1970,17097,17097,100.0,MEM,34294.0,0.025402962962962964,42868.0,0,1970,0.03175407407407407,0.0,0.03446667055461596,0.39883361520965765,0.39883361520965765,0.0,0.0,False,,,
Blackhole,p100a,1350.0,MATRIX,BF16,TTNN,vitoptim_bh,vitoptim_bh_b16,1,103,ttsim.ttnn.Op_104,False,False,MatMul,1,{},"['ttsim.ttnn.Op_103.out.0', 'ttsim.ttnn.Op_103.out.1']",['ttsim.ttnn.Op_104.out'],ttsim.ttnn.Op_103.out.0[10x12x197x64]:bfloat8_b;ttsim.ttnn.Op_103.out.1[10x12x64x197]:bfloat8_b,ttsim.ttnn.Op_104.out[10x12x197x197]:bfloat8_b,,"{""inputs"": [{""layout"": ""TILE_LAYOUT"", ""memory"": ""L1_HEIGHT_SHARDED"", ""dtype"": ""bfloat8_b""}, {""layout"": ""TILE_LAYOUT"", ""memory"": ""L1_HEIGHT_SHARDED"", ""dtype"": ""bfloat8_b""}], ""outputs"": [{""layout"": ""TILE_LAYOUT"", ""memory"": ""L1_HEIGHT_SHARDED"", ""dtype"": ""bfloat8_b""}]}",,None,False,False,NA,0,4657080,0,9314160,{'mac': 298053120},0,3025920,4657080,298053120,8086,0,35085,100.0,MEM,35185.0,0.026062962962962965,43982.0,8086,13346,0.03257925925925926,0.13788830467528776,0.22758561887167827,0.0,0.7977263038226517,0.0,0.0,False,,,
Blackhole,p100a,1350.0,VECTOR,BF16,TTNN,vitoptim_bh,vitoptim_bh_b16,1,104,ttsim.ttnn.Op_105,True,False,Mul,1,{'scalar': 0.125},"['ttsim.ttnn.Op_104.out', 'ttsim.ttnn.Op_105.scalar']",['ttsim.ttnn.Op_105.out'],ttsim.ttnn.Op_104.out[10x12x197x197]:bfloat8_b;ttsim.ttnn.Op_105.scalar[10x12x197x197]:bfloat8_b,ttsim.ttnn.Op_105.out[10x12x197x197]:bfloat8_b,,"{""inputs"": [{""layout"": ""TILE_LAYOUT"", ""memory"": ""L1_HEIGHT_SHARDED"", ""dtype"": ""bfloat8_b""}, {""layout"": ""TILE_LAYOUT"", ""memory"": ""L1_HEIGHT_SHARDED"", ""dtype"": ""bfloat8_b""}], ""outputs"": [{""layout"": ""TILE_LAYOUT"", ""memory"": ""L1_HEIGHT_SHARDED"", ""dtype"": ""bfloat8_b""}]}",,None,False,True,ttsim.ttnn.Op_104,9314160,4657080,18628320,9314160,{'mul': 4657080},0,9314160,4657080,4657080,2022,70169,35085,100.0,NA,0.0,0.0,0.0,0,0,0.0,0.0,0.0,0.0,0.0,0.0,0.0,False,,,
Blackhole,p100a,1350.0,VECTOR,BF16,TTNN,vitoptim_bh,vitoptim_bh_b16,1,105,ttsim.ttnn.Op_106,False,False,Softmax,1,{'dim': -1},['ttsim.ttnn.Op_105.out'],['ttsim.ttnn.Op_106.out'],ttsim.ttnn.Op_105.out[10x12x197x197]:bfloat8_b,ttsim.ttnn.Op_106.out[10x12x197x197]:bfloat8_b,,"{""inputs"": [{""layout"": ""TILE_LAYOUT"", ""memory"": ""L1_HEIGHT_SHARDED"", ""dtype"": ""bfloat8_b""}], ""outputs"": [{""layout"": ""TILE_LAYOUT"", ""memory"": ""L1_HEIGHT_SHARDED"", ""dtype"": ""bfloat8_b""}]}",,None,False,True,ttsim.ttnn.Op_104,4657080,4657080,9314160,9314160,"{'cmp': 4657080, 'sub': 4657080, 'exp': 4657080, 'add': 4657080, 'div': 4657080}",0,4657080,4657080,23285400,10110,35085,35085,100.0,NA,0.0,0.0,0.0,0,0,0.0,0.0,0.0,0.0,0.0,0.0,0.0,False,,,
Blackhole,p100a,1350.0,MATRIX,BF16,TTNN,vitoptim_bh,vitoptim_bh_b16,1,106,ttsim.ttnn.Op_107,False,False,MatMul,1,{},"['ttsim.ttnn.Op_106.out', 'ttsim.ttnn.Op_103.out.2']",['ttsim.ttnn.Op_107.out'],ttsim.ttnn.Op_106.out[10x12x197x197]:bfloat8_b;ttsim.ttnn.Op_103.out.2[10x12x197x64]:bfloat8_b,ttsim.ttnn.Op_107.out[10x12x197x64]:bfloat8_b,,"{""inputs"": [{""layout"": ""TILE_LAYOUT"", ""memory"": ""L1_HEIGHT_SHARDED"", ""dtype"": ""bfloat8_b""}, {""layout"": ""TILE_LAYOUT"", ""memory"": ""L1_HEIGHT_SHARDED"", ""dtype"": ""bfloat8_b""}], ""outputs"": [{""layout"": ""TILE_LAYOUT"", ""memory"": ""L1_HEIGHT_SHARDED"", ""dtype"": ""bfloat8_b""}]}",,None,False,False,NA,0,1512960,0,3025920,{'mac': 298053120},0,6170040,1512960,298053120,8086,0,11398,100.0,MEM,11498.0,0.008517037037037037,14373.0,8086,0,0.010646666666666667,0.4219516437641329,0.0,0.0,0.7930422682205601,0.0,0.0,False,,,
Blackhole,p100a,1350.0,VECTOR,BF16,TTNN,vitoptim_bh,vitoptim_bh_b16,1,107,ttsim.ttnn.Op_108,False,False,ConcatHeads,1,{'element_size': 1},['ttsim.ttnn.Op_107.out'],['ttsim.ttnn.Op_108.out'],ttsim.ttnn.Op_107.out[10x12x197x64]:bfloat8_b,ttsim.ttnn.Op_108.out[10x197x768]:bfloat8_b,,"{""inputs"": [{""layout"": ""TILE_LAYOUT"", ""memory"": ""L1_HEIGHT_SHARDED"", ""dtype"": ""bfloat8_b""}], ""outputs"": [{""layout"": ""TILE_LAYOUT"", ""memory"": ""L1_BLOCK_SHARDED"", ""dtype"": ""bfloat8_b""}]}",,None,False,False,NA,1512960,1512960,1512960,1512960,{'mov': 1512960},0,1512960,1512960,1512960,657,5699,5699,100.0,MEM,11498.0,0.008517037037037037,14373.0,0,657,0.010646666666666667,0.0,0.03428422334319012,0.39652113411028006,0.39652113411028006,0.0,0.0,False,,,
Blackhole,p100a,1350.0,MATRIX,BF16,TTNN,vitoptim_bh,vitoptim_bh_b16,1,108,ttsim.ttnn.Op_109,True,False,MatMul,1,{},"['ttsim.ttnn.Op_108.out', 'ttsim.ttnn.Tensor_80', 'ttsim.ttnn.Tensor_81']",['ttsim.ttnn.Op_109.out'],ttsim.ttnn.Op_108.out[10x197x768]:bfloat8_b;ttsim.ttnn.Tensor_80[768x768]:bfloat8_b;ttsim.ttnn.Tensor_81[1x768]:bfloat8_b,ttsim.ttnn.Op_109.out[10x197x768]:bfloat8_b,,"{""inputs"": [{""layout"": ""TILE_LAYOUT"", ""memory"": ""L1_BLOCK_SHARDED"", ""dtype"": ""bfloat8_b""}, {""layout"": ""TILE_LAYOUT"", ""memory"": null, ""dtype"": ""bfloat8_b""}, {""layout"": ""TILE_LAYOUT"", ""memory"": null, ""dtype"": ""bfloat8_b""}], ""outputs"": [{""layout"": ""TILE_LAYOUT"", ""memory"": ""L1_BLOCK_SHARDED"", ""dtype"": ""bfloat8_b""}]}",,None,False,False,NA,590592,1512960,1181184,3025920,"{'mac': 1161953280, 'add': 1512960}",0,2103552,1512960,1163466240,31562,4450,11398,100.0,COMP,32385.0,0.023988888888888886,40482.0,31562,723,0.02998666666666667,0.5847522000926355,0.013395090319592403,0.10992743554114559,0.2815624517523545,0.0,0.0,False,,,
Blackhole,p100a,1350.0,VECTOR,BF16,TTNN,vitoptim_bh,vitoptim_bh_b16,1,109,ttsim.ttnn.Op_110,False,False,Add,1,{},"['ttsim.ttnn.Op_109.out', 'ttsim.ttnn.Op_99.out']",['ttsim.ttnn.Op_110.out'],ttsim.ttnn.Op_109.out[10x197x768]:bfloat8_b;ttsim.ttnn.Op_99.out[10x197x768]:bfloat8_b,ttsim.ttnn.Op_110.out[10x197x768]:bfloat8_b,,"{""inputs"": [{""layout"": ""TILE_LAYOUT"", ""memory"": ""L1_BLOCK_SHARDED"", ""dtype"": ""bfloat8_b""}, {""layout"": ""TILE_LAYOUT"", ""memory"": ""L1_BLOCK_SHARDED"", ""dtype"": ""bfloat8_b""}], ""outputs"": [{""layout"": ""TILE_LAYOUT"", ""memory"": ""L1_BLOCK_SHARDED"", ""dtype"": ""bfloat8_b""}]}",,None,False,True,ttsim.ttnn.Op_109,3025920,1512960,6051840,3025920,{'add': 1512960},0,3025920,1512960,1512960,657,22796,11398,100.0,NA,0.0,0.0,0.0,0,0,0.0,0.0,0.0,0.0,0.0,0.0,0.0,False,,,
Blackhole,p100a,1350.0,VECTOR,BF16,TTNN,vitoptim_bh,vitoptim_bh_b16,1,110,ttsim.ttnn.Op_111,True,False,LayerNormalization,1,{'math_fidelity': 'HiFi2'},"['ttsim.ttnn.Op_110.out', 'ttsim.ttnn.Tensor_84', 'ttsim.ttnn.Tensor_85']",['ttsim.ttnn.Op_111.out'],ttsim.ttnn.Op_110.out[10x197x768]:bfloat8_b;ttsim.ttnn.Tensor_84[1x768]:bfloat16;ttsim.ttnn.Tensor_85[1x768]:bfloat16,ttsim.ttnn.Op_111.out[10x197x768]:bfloat8_b,,"{""inputs"": [{""layout"": ""TILE_LAYOUT"", ""memory"": ""L1_BLOCK_SHARDED"", ""dtype"": ""bfloat8_b""}, {""layout"": ""TILE_LAYOUT"", ""memory"": null, ""dtype"": ""bfloat16""}, {""layout"": ""TILE_LAYOUT"", ""memory"": null, ""dtype"": ""bfloat16""}], ""outputs"": [{""layout"": ""TILE_LAYOUT"", ""memory"": ""L1_BLOCK_SHARDED"", ""dtype"": ""bfloat8_b""}]}",,None,False,False,NA,1514496,1512960,3028992,3025920,"{'add': 3027890, 'sub': 1512960, 'mul': 3025920, 'div': 3940, 'mac': 1512960, 'rsqrt': 1970}",0,1514496,1512960,9085640,3946,11410,11398,100.0,MEM,22908.0,0.016968888888888888,28635.0,0,3946,0.02121111111111111,0.0,0.10335254059717129,0.3984634188929632,0.3980443513183167,0.0,0.0,False,,,
Blackhole,p100a,1350.0,MATRIX,BF16,TTNN,vitoptim_bh,vitoptim_bh_b16,1,111,ttsim.ttnn.Op_112,True,False,MatMul,1,{'fused_activation': 'gelu'},"['ttsim.ttnn.Op_111.out', 'ttsim.ttnn.Tensor_86', 'ttsim.ttnn.Tensor_87']",['ttsim.ttnn.Op_112.out'],ttsim.ttnn.Op_111.out[10x197x768]:bfloat8_b;ttsim.ttnn.Tensor_86[768x3072]:bfloat8_b;ttsim.ttnn.Tensor_87[1x3072]:bfloat8_b,ttsim.ttnn.Op_112.out[10x197x3072]:bfloat8_b,,"{""inputs"": [{""layout"": ""TILE_LAYOUT"", ""memory"": ""L1_BLOCK_SHARDED"", ""dtype"": ""bfloat8_b""}, {""layout"": ""TILE_LAYOUT"", ""memory"": null, ""dtype"": ""bfloat8_b""}, {""layout"": ""TILE_LAYOUT"", ""memory"": null, ""dtype"": ""bfloat8_b""}], ""outputs"": [{""layout"": ""TILE_LAYOUT"", ""memory"": ""L1_BLOCK_SHARDED"", ""dtype"": ""bfloat8_b""}]}",,None,False,False,NA,2362368,6051840,4724736,12103680,"{'mac': 4647813120, 'add': 18155520, 'mul': 36311040, 'tanh': 6051840}",0,3875328,6051840,4708331520,130185,17797,45592,100.0,COMP,269020.0,0.19927407407407408,336275.0,268920,0,0.2490925925925926,0.5997769682551483,0.0,0.05292394617500558,0.03389487770425991,0.0,0.0,False,,,
Blackhole,p100a,1350.0,MATRIX,BF16,TTNN,vitoptim_bh,vitoptim_bh_b16,1,112,ttsim.ttnn.Op_113,True,False,MatMul,1,{},"['ttsim.ttnn.Op_112.out', 'ttsim.ttnn.Tensor_88', 'ttsim.ttnn.Tensor_89']",['ttsim.ttnn.Op_113.out'],ttsim.ttnn.Op_112.out[10x197x3072]:bfloat8_b;ttsim.ttnn.Tensor_88[3072x768]:bfloat8_b;ttsim.ttnn.Tensor_89[1x768]:bfloat8_b,ttsim.ttnn.Op_113.out[10x197x768]:bfloat8_b,,"{""inputs"": [{""layout"": ""TILE_LAYOUT"", ""memory"": ""L1_BLOCK_SHARDED"", ""dtype"": ""bfloat8_b""}, {""layout"": ""TILE_LAYOUT"", ""memory"": null, ""dtype"": ""bfloat8_b""}, {""layout"": ""TILE_LAYOUT"", ""memory"": null, ""dtype"": ""bfloat8_b""}], ""outputs"": [{""layout"": ""TILE_LAYOUT"", ""memory"": ""L1_BLOCK_SHARDED"", ""dtype"": ""bfloat8_b""}]}",,None,False,True,ttsim.ttnn.Op_112,2360064,1512960,4720128,3025920,"{'mac': 4647813120, 'add': 1512960}",0,8411904,1512960,4649326080,126122,17780,11398,100.0,NA,0.0,0.0,0.0,0,0,0.0,0.0,0.0,0.0,0.0,0.0,0.0,False,,,
Blackhole,p100a,1350.0,VECTOR,BF16,TTNN,vitoptim_bh,vitoptim_bh_b16,1,113,ttsim.ttnn.Op_114,False,False,Add,1,{},"['ttsim.ttnn.Op_113.out', 'ttsim.ttnn.Op_110.out']",['ttsim.ttnn.Op_114.out'],ttsim.ttnn.Op_113.out[10x197x768]:bfloat8_b;ttsim.ttnn.Op_110.out[10x197x768]:bfloat8_b,ttsim.ttnn.Op_114.out[10x197x768]:bfloat8_b,,"{""inputs"": [{""layout"": ""TILE_LAYOUT"", ""memory"": ""L1_BLOCK_SHARDED"", ""dtype"": ""bfloat8_b""}, {""layout"": ""TILE_LAYOUT"", ""memory"": ""L1_BLOCK_SHARDED"", ""dtype"": ""bfloat8_b""}], ""outputs"": [{""layout"": ""TILE_LAYOUT"", ""memory"": ""L1_BLOCK_SHARDED"", ""dtype"": ""bfloat8_b""}]}",,None,False,False,NA,3025920,1512960,6051840,3025920,{'add': 1512960},0,3025920,1512960,1512960,657,22796,11398,100.0,MEM,34294.0,0.025402962962962964,42868.0,0,657,0.03175407407407407,0.0,0.0114947221088237,0.531778153612877,0.2658890768064385,0.0,0.0,False,,,
Blackhole,p100a,1350.0,VECTOR,BF16,TTNN,vitoptim_bh,vitoptim_bh_b16,1,114,ttsim.ttnn.Op_115,True,False,LayerNormalization,1,{'math_fidelity': 'HiFi2'},"['ttsim.ttnn.Op_114.out', 'ttsim.ttnn.Tensor_94', 'ttsim.ttnn.Tensor_95']",['ttsim.ttnn.Op_115.out'],ttsim.ttnn.Op_114.out[10x197x768]:bfloat8_b;ttsim.ttnn.Tensor_94[1x768]:bfloat16;ttsim.ttnn.Tensor_95[1x768]:bfloat16,ttsim.ttnn.Op_115.out[10x197x768]:bfloat8_b,,"{""inputs"": [{""layout"": ""TILE_LAYOUT"", ""memory"": ""L1_BLOCK_SHARDED"", ""dtype"": ""bfloat8_b""}, {""layout"": ""TILE_LAYOUT"", ""memory"": null, ""dtype"": ""bfloat16""}, {""layout"": ""TILE_LAYOUT"", ""memory"": null, ""dtype"": ""bfloat16""}], ""outputs"": [{""layout"": ""TILE_LAYOUT"", ""memory"": ""L1_BLOCK_SHARDED"", ""dtype"": ""bfloat8_b""}]}",,None,False,False,NA,1514496,1512960,3028992,3025920,"{'add': 3027890, 'sub': 1512960, 'mul': 3025920, 'div': 3940, 'mac': 1512960, 'rsqrt': 1970}",0,1514496,1512960,9085640,3946,11410,11398,100.0,MEM,22908.0,0.016968888888888888,28635.0,0,3946,0.02121111111111111,0.0,0.10335254059717129,0.3984634188929632,0.3980443513183167,0.0,0.0,False,,,
Blackhole,p100a,1350.0,MATRIX,BF16,TTNN,vitoptim_bh,vitoptim_bh_b16,1,115,ttsim.ttnn.Op_116,True,False,MatMul,1,{},"['ttsim.ttnn.Op_115.out', 'ttsim.ttnn.Tensor_90', 'ttsim.ttnn.Tensor_91']",['ttsim.ttnn.Op_116.out'],ttsim.ttnn.Op_115.out[10x197x768]:bfloat8_b;ttsim.ttnn.Tensor_90[768x2304]:bfloat8_b;ttsim.ttnn.Tensor_91[1x2304]:bfloat8_b,ttsim.ttnn.Op_116.out[10x197x2304]:bfloat8_b,,"{""inputs"": [{""layout"": ""TILE_LAYOUT"", ""memory"": ""L1_BLOCK_SHARDED"", ""dtype"": ""bfloat8_b""}, {""layout"": ""TILE_LAYOUT"", ""memory"": null, ""dtype"": ""bfloat8_b""}, {""layout"": ""TILE_LAYOUT"", ""memory"": null, ""dtype"": ""bfloat8_b""}], ""outputs"": [{""layout"": ""TILE_LAYOUT"", ""memory"": ""L1_BLOCK_SHARDED"", ""dtype"": ""bfloat8_b""}]}",,None,False,False,NA,1771776,4538880,3543552,9077760,"{'mac': 3485859840, 'add': 4538880}",0,3284736,4538880,3490398720,94684,13348,34194,100.0,COMP,94784.0,0.07021037037037037,118480.0,94684,0,0.08776296296296296,0.5993669817690749,0.0,0.11266036461850103,0.2886056718433491,0.0,0.0,False,,,
Blackhole,p100a,1350.0,VECTOR,BF16,TTNN,vitoptim_bh,vitoptim_bh_b16,1,116,ttsim.ttnn.Op_117,False,False,Reshard,1,"{'element_size': 1, 'memory_config': {'memory_layout': <TensorMemoryLayout.BLOCK_SHARDED: 4>, 'buffer_type': <BufferType.L1: 2>, 'shard_spec': None, 'nd_shard_spec': None}}",['ttsim.ttnn.Op_116.out'],['ttsim.ttnn.Op_117.out'],ttsim.ttnn.Op_116.out[10x197x2304]:bfloat8_b,ttsim.ttnn.Op_117.out[10x197x2304]:bfloat8_b,,"{""inputs"": [{""layout"": ""TILE_LAYOUT"", ""memory"": ""L1_BLOCK_SHARDED"", ""dtype"": ""bfloat8_b""}], ""outputs"": [{""layout"": ""TILE_LAYOUT"", ""memory"": ""L1_BLOCK_SHARDED"", ""dtype"": ""bfloat8_b""}]}",,None,False,False,NA,4538880,4538880,4538880,4538880,{'mov': 4538880},0,4538880,4538880,4538880,1970,17097,17097,100.0,MEM,34294.0,0.025402962962962964,42868.0,0,1970,0.03175407407407407,0.0,0.03446667055461596,0.39883361520965765,0.39883361520965765,0.0,0.0,False,,,
Blackhole,p100a,1350.0,VECTOR,BF16,TTNN,vitoptim_bh,vitoptim_bh_b16,1,117,ttsim.ttnn.Op_118,False,False,CreateQKVHeads,1,"{'num_heads': 12, 'num_kv_heads': 12, 'head_dim': 64, 'transpose_k_heads': True, 'element_size': 1}",['ttsim.ttnn.Op_117.out'],"['ttsim.ttnn.Op_118.out.0', 'ttsim.ttnn.Op_118.out.1', 'ttsim.ttnn.Op_118.out.2']",ttsim.ttnn.Op_117.out[10x197x2304]:bfloat8_b,ttsim.ttnn.Op_118.out.0[10x12x197x64]:bfloat8_b;ttsim.ttnn.Op_118.out.1[10x12x64x197]:bfloat8_b;ttsim.ttnn.Op_118.out.2[10x12x197x64]:bfloat8_b,,"{""inputs"": [{""layout"": ""TILE_LAYOUT"", ""memory"": ""L1_BLOCK_SHARDED"", ""dtype"": ""bfloat8_b""}], ""outputs"": [{""layout"": ""TILE_LAYOUT"", ""memory"": ""L1_HEIGHT_SHARDED"", ""dtype"": ""bfloat8_b""}, {""layout"": ""TILE_LAYOUT"", ""memory"": ""L1_HEIGHT_SHARDED"", ""dtype"": ""bfloat8_b""}, {""layout"": ""TILE_LAYOUT"", ""memory"": ""L1_HEIGHT_SHARDED"", ""dtype"": ""bfloat8_b""}]}",,None,False,False,NA,4538880,4538880,4538880,4538880,{'mov': 4538880},0,4538880,4538880,4538880,1970,17097,17097,100.0,MEM,34294.0,0.025402962962962964,42868.0,0,1970,0.03175407407407407,0.0,0.03446667055461596,0.39883361520965765,0.39883361520965765,0.0,0.0,False,,,
Blackhole,p100a,1350.0,MATRIX,BF16,TTNN,vitoptim_bh,vitoptim_bh_b16,1,118,ttsim.ttnn.Op_119,False,False,MatMul,1,{},"['ttsim.ttnn.Op_118.out.0', 'ttsim.ttnn.Op_118.out.1']",['ttsim.ttnn.Op_119.out'],ttsim.ttnn.Op_118.out.0[10x12x197x64]:bfloat8_b;ttsim.ttnn.Op_118.out.1[10x12x64x197]:bfloat8_b,ttsim.ttnn.Op_119.out[10x12x197x197]:bfloat8_b,,"{""inputs"": [{""layout"": ""TILE_LAYOUT"", ""memory"": ""L1_HEIGHT_SHARDED"", ""dtype"": ""bfloat8_b""}, {""layout"": ""TILE_LAYOUT"", ""memory"": ""L1_HEIGHT_SHARDED"", ""dtype"": ""bfloat8_b""}], ""outputs"": [{""layout"": ""TILE_LAYOUT"", ""memory"": ""L1_HEIGHT_SHARDED"", ""dtype"": ""bfloat8_b""}]}",,None,False,False,NA,0,4657080,0,9314160,{'mac': 298053120},0,3025920,4657080,298053120,8086,0,35085,100.0,MEM,35185.0,0.026062962962962965,43982.0,8086,13346,0.03257925925925926,0.13788830467528776,0.22758561887167827,0.0,0.7977263038226517,0.0,0.0,False,,,
Blackhole,p100a,1350.0,VECTOR,BF16,TTNN,vitoptim_bh,vitoptim_bh_b16,1,119,ttsim.ttnn.Op_120,True,False,Mul,1,{'scalar': 0.125},"['ttsim.ttnn.Op_119.out', 'ttsim.ttnn.Op_120.scalar']",['ttsim.ttnn.Op_120.out'],ttsim.ttnn.Op_119.out[10x12x197x197]:bfloat8_b;ttsim.ttnn.Op_120.scalar[10x12x197x197]:bfloat8_b,ttsim.ttnn.Op_120.out[10x12x197x197]:bfloat8_b,,"{""inputs"": [{""layout"": ""TILE_LAYOUT"", ""memory"": ""L1_HEIGHT_SHARDED"", ""dtype"": ""bfloat8_b""}, {""layout"": ""TILE_LAYOUT"", ""memory"": ""L1_HEIGHT_SHARDED"", ""dtype"": ""bfloat8_b""}], ""outputs"": [{""layout"": ""TILE_LAYOUT"", ""memory"": ""L1_HEIGHT_SHARDED"", ""dtype"": ""bfloat8_b""}]}",,None,False,True,ttsim.ttnn.Op_119,9314160,4657080,18628320,9314160,{'mul': 4657080},0,9314160,4657080,4657080,2022,70169,35085,100.0,NA,0.0,0.0,0.0,0,0,0.0,0.0,0.0,0.0,0.0,0.0,0.0,False,,,
Blackhole,p100a,1350.0,VECTOR,BF16,TTNN,vitoptim_bh,vitoptim_bh_b16,1,120,ttsim.ttnn.Op_121,False,False,Softmax,1,{'dim': -1},['ttsim.ttnn.Op_120.out'],['ttsim.ttnn.Op_121.out'],ttsim.ttnn.Op_120.out[10x12x197x197]:bfloat8_b,ttsim.ttnn.Op_121.out[10x12x197x197]:bfloat8_b,,"{""inputs"": [{""layout"": ""TILE_LAYOUT"", ""memory"": ""L1_HEIGHT_SHARDED"", ""dtype"": ""bfloat8_b""}], ""outputs"": [{""layout"": ""TILE_LAYOUT"", ""memory"": ""L1_HEIGHT_SHARDED"", ""dtype"": ""bfloat8_b""}]}",,None,False,True,ttsim.ttnn.Op_119,4657080,4657080,9314160,9314160,"{'cmp': 4657080, 'sub': 4657080, 'exp': 4657080, 'add': 4657080, 'div': 4657080}",0,4657080,4657080,23285400,10110,35085,35085,100.0,NA,0.0,0.0,0.0,0,0,0.0,0.0,0.0,0.0,0.0,0.0,0.0,False,,,
Blackhole,p100a,1350.0,MATRIX,BF16,TTNN,vitoptim_bh,vitoptim_bh_b16,1,121,ttsim.ttnn.Op_122,False,False,MatMul,1,{},"['ttsim.ttnn.Op_121.out', 'ttsim.ttnn.Op_118.out.2']",['ttsim.ttnn.Op_122.out'],ttsim.ttnn.Op_121.out[10x12x197x197]:bfloat8_b;ttsim.ttnn.Op_118.out.2[10x12x197x64]:bfloat8_b,ttsim.ttnn.Op_122.out[10x12x197x64]:bfloat8_b,,"{""inputs"": [{""layout"": ""TILE_LAYOUT"", ""memory"": ""L1_HEIGHT_SHARDED"", ""dtype"": ""bfloat8_b""}, {""layout"": ""TILE_LAYOUT"", ""memory"": ""L1_HEIGHT_SHARDED"", ""dtype"": ""bfloat8_b""}], ""outputs"": [{""layout"": ""TILE_LAYOUT"", ""memory"": ""L1_HEIGHT_SHARDED"", ""dtype"": ""bfloat8_b""}]}",,None,False,False,NA,0,1512960,0,3025920,{'mac': 298053120},0,6170040,1512960,298053120,8086,0,11398,100.0,MEM,11498.0,0.008517037037037037,14373.0,8086,0,0.010646666666666667,0.4219516437641329,0.0,0.0,0.7930422682205601,0.0,0.0,False,,,
Blackhole,p100a,1350.0,VECTOR,BF16,TTNN,vitoptim_bh,vitoptim_bh_b16,1,122,ttsim.ttnn.Op_123,False,False,ConcatHeads,1,{'element_size': 1},['ttsim.ttnn.Op_122.out'],['ttsim.ttnn.Op_123.out'],ttsim.ttnn.Op_122.out[10x12x197x64]:bfloat8_b,ttsim.ttnn.Op_123.out[10x197x768]:bfloat8_b,,"{""inputs"": [{""layout"": ""TILE_LAYOUT"", ""memory"": ""L1_HEIGHT_SHARDED"", ""dtype"": ""bfloat8_b""}], ""outputs"": [{""layout"": ""TILE_LAYOUT"", ""memory"": ""L1_BLOCK_SHARDED"", ""dtype"": ""bfloat8_b""}]}",,None,False,False,NA,1512960,1512960,1512960,1512960,{'mov': 1512960},0,1512960,1512960,1512960,657,5699,5699,100.0,MEM,11498.0,0.008517037037037037,14373.0,0,657,0.010646666666666667,0.0,0.03428422334319012,0.39652113411028006,0.39652113411028006,0.0,0.0,False,,,
Blackhole,p100a,1350.0,MATRIX,BF16,TTNN,vitoptim_bh,vitoptim_bh_b16,1,123,ttsim.ttnn.Op_124,True,False,MatMul,1,{},"['ttsim.ttnn.Op_123.out', 'ttsim.ttnn.Tensor_92', 'ttsim.ttnn.Tensor_93']",['ttsim.ttnn.Op_124.out'],ttsim.ttnn.Op_123.out[10x197x768]:bfloat8_b;ttsim.ttnn.Tensor_92[768x768]:bfloat8_b;ttsim.ttnn.Tensor_93[1x768]:bfloat8_b,ttsim.ttnn.Op_124.out[10x197x768]:bfloat8_b,,"{""inputs"": [{""layout"": ""TILE_LAYOUT"", ""memory"": ""L1_BLOCK_SHARDED"", ""dtype"": ""bfloat8_b""}, {""layout"": ""TILE_LAYOUT"", ""memory"": null, ""dtype"": ""bfloat8_b""}, {""layout"": ""TILE_LAYOUT"", ""memory"": null, ""dtype"": ""bfloat8_b""}], ""outputs"": [{""layout"": ""TILE_LAYOUT"", ""memory"": ""L1_BLOCK_SHARDED"", ""dtype"": ""bfloat8_b""}]}",,None,False,False,NA,590592,1512960,1181184,3025920,"{'mac': 1161953280, 'add': 1512960}",0,2103552,1512960,1163466240,31562,4450,11398,100.0,COMP,32385.0,0.023988888888888886,40482.0,31562,723,0.02998666666666667,0.5847522000926355,0.013395090319592403,0.10992743554114559,0.2815624517523545,0.0,0.0,False,,,
Blackhole,p100a,1350.0,VECTOR,BF16,TTNN,vitoptim_bh,vitoptim_bh_b16,1,124,ttsim.ttnn.Op_125,False,False,Add,1,{},"['ttsim.ttnn.Op_124.out', 'ttsim.ttnn.Op_114.out']",['ttsim.ttnn.Op_125.out'],ttsim.ttnn.Op_124.out[10x197x768]:bfloat8_b;ttsim.ttnn.Op_114.out[10x197x768]:bfloat8_b,ttsim.ttnn.Op_125.out[10x197x768]:bfloat8_b,,"{""inputs"": [{""layout"": ""TILE_LAYOUT"", ""memory"": ""L1_BLOCK_SHARDED"", ""dtype"": ""bfloat8_b""}, {""layout"": ""TILE_LAYOUT"", ""memory"": ""L1_BLOCK_SHARDED"", ""dtype"": ""bfloat8_b""}], ""outputs"": [{""layout"": ""TILE_LAYOUT"", ""memory"": ""L1_BLOCK_SHARDED"", ""dtype"": ""bfloat8_b""}]}",,None,False,True,ttsim.ttnn.Op_124,3025920,1512960,6051840,3025920,{'add': 1512960},0,3025920,1512960,1512960,657,22796,11398,100.0,NA,0.0,0.0,0.0,0,0,0.0,0.0,0.0,0.0,0.0,0.0,0.0,False,,,
Blackhole,p100a,1350.0,VECTOR,BF16,TTNN,vitoptim_bh,vitoptim_bh_b16,1,125,ttsim.ttnn.Op_126,True,False,LayerNormalization,1,{'math_fidelity': 'HiFi2'},"['ttsim.ttnn.Op_125.out', 'ttsim.ttnn.Tensor_96', 'ttsim.ttnn.Tensor_97']",['ttsim.ttnn.Op_126.out'],ttsim.ttnn.Op_125.out[10x197x768]:bfloat8_b;ttsim.ttnn.Tensor_96[1x768]:bfloat16;ttsim.ttnn.Tensor_97[1x768]:bfloat16,ttsim.ttnn.Op_126.out[10x197x768]:bfloat8_b,,"{""inputs"": [{""layout"": ""TILE_LAYOUT"", ""memory"": ""L1_BLOCK_SHARDED"", ""dtype"": ""bfloat8_b""}, {""layout"": ""TILE_LAYOUT"", ""memory"": null, ""dtype"": ""bfloat16""}, {""layout"": ""TILE_LAYOUT"", ""memory"": null, ""dtype"": ""bfloat16""}], ""outputs"": [{""layout"": ""TILE_LAYOUT"", ""memory"": ""L1_BLOCK_SHARDED"", ""dtype"": ""bfloat8_b""}]}",,None,False,False,NA,1514496,1512960,3028992,3025920,"{'add': 3027890, 'sub': 1512960, 'mul': 3025920, 'div': 3940, 'mac': 1512960, 'rsqrt': 1970}",0,1514496,1512960,9085640,3946,11410,11398,100.0,MEM,22908.0,0.016968888888888888,28635.0,0,3946,0.02121111111111111,0.0,0.10335254059717129,0.3984634188929632,0.3980443513183167,0.0,0.0,False,,,
Blackhole,p100a,1350.0,MATRIX,BF16,TTNN,vitoptim_bh,vitoptim_bh_b16,1,126,ttsim.ttnn.Op_127,True,False,MatMul,1,{'fused_activation': 'gelu'},"['ttsim.ttnn.Op_126.out', 'ttsim.ttnn.Tensor_98', 'ttsim.ttnn.Tensor_99']",['ttsim.ttnn.Op_127.out'],ttsim.ttnn.Op_126.out[10x197x768]:bfloat8_b;ttsim.ttnn.Tensor_98[768x3072]:bfloat8_b;ttsim.ttnn.Tensor_99[1x3072]:bfloat8_b,ttsim.ttnn.Op_127.out[10x197x3072]:bfloat8_b,,"{""inputs"": [{""layout"": ""TILE_LAYOUT"", ""memory"": ""L1_BLOCK_SHARDED"", ""dtype"": ""bfloat8_b""}, {""layout"": ""TILE_LAYOUT"", ""memory"": null, ""dtype"": ""bfloat8_b""}, {""layout"": ""TILE_LAYOUT"", ""memory"": null, ""dtype"": ""bfloat8_b""}], ""outputs"": [{""layout"": ""TILE_LAYOUT"", ""memory"": ""L1_BLOCK_SHARDED"", ""dtype"": ""bfloat8_b""}]}",,None,False,False,NA,2362368,6051840,4724736,12103680,"{'mac': 4647813120, 'add': 18155520, 'mul': 36311040, 'tanh': 6051840}",0,3875328,6051840,4708331520,130185,17797,45592,100.0,COMP,269020.0,0.19927407407407408,336275.0,268920,0,0.2490925925925926,0.5997769682551483,0.0,0.05292394617500558,0.03389487770425991,0.0,0.0,False,,,
Blackhole,p100a,1350.0,MATRIX,BF16,TTNN,vitoptim_bh,vitoptim_bh_b16,1,127,ttsim.ttnn.Op_128,True,False,MatMul,1,{},"['ttsim.ttnn.Op_127.out', 'ttsim.ttnn.Tensor_100', 'ttsim.ttnn.Tensor_101']",['ttsim.ttnn.Op_128.out'],ttsim.ttnn.Op_127.out[10x197x3072]:bfloat8_b;ttsim.ttnn.Tensor_100[3072x768]:bfloat8_b;ttsim.ttnn.Tensor_101[1x768]:bfloat8_b,ttsim.ttnn.Op_128.out[10x197x768]:bfloat8_b,,"{""inputs"": [{""layout"": ""TILE_LAYOUT"", ""memory"": ""L1_BLOCK_SHARDED"", ""dtype"": ""bfloat8_b""}, {""layout"": ""TILE_LAYOUT"", ""memory"": null, ""dtype"": ""bfloat8_b""}, {""layout"": ""TILE_LAYOUT"", ""memory"": null, ""dtype"": ""bfloat8_b""}], ""outputs"": [{""layout"": ""TILE_LAYOUT"", ""memory"": ""L1_BLOCK_SHARDED"", ""dtype"": ""bfloat8_b""}]}",,None,False,True,ttsim.ttnn.Op_127,2360064,1512960,4720128,3025920,"{'mac': 4647813120, 'add': 1512960}",0,8411904,1512960,4649326080,126122,17780,11398,100.0,NA,0.0,0.0,0.0,0,0,0.0,0.0,0.0,0.0,0.0,0.0,0.0,False,,,
Blackhole,p100a,1350.0,VECTOR,BF16,TTNN,vitoptim_bh,vitoptim_bh_b16,1,128,ttsim.ttnn.Op_129,False,False,Add,1,{},"['ttsim.ttnn.Op_128.out', 'ttsim.ttnn.Op_125.out']",['ttsim.ttnn.Op_129.out'],ttsim.ttnn.Op_128.out[10x197x768]:bfloat8_b;ttsim.ttnn.Op_125.out[10x197x768]:bfloat8_b,ttsim.ttnn.Op_129.out[10x197x768]:bfloat8_b,,"{""inputs"": [{""layout"": ""TILE_LAYOUT"", ""memory"": ""L1_BLOCK_SHARDED"", ""dtype"": ""bfloat8_b""}, {""layout"": ""TILE_LAYOUT"", ""memory"": ""L1_BLOCK_SHARDED"", ""dtype"": ""bfloat8_b""}], ""outputs"": [{""layout"": ""TILE_LAYOUT"", ""memory"": ""L1_BLOCK_SHARDED"", ""dtype"": ""bfloat8_b""}]}",,None,False,False,NA,3025920,1512960,6051840,3025920,{'add': 1512960},0,3025920,1512960,1512960,657,22796,11398,100.0,MEM,34294.0,0.025402962962962964,42868.0,0,657,0.03175407407407407,0.0,0.0114947221088237,0.531778153612877,0.2658890768064385,0.0,0.0,False,,,
Blackhole,p100a,1350.0,VECTOR,BF16,TTNN,vitoptim_bh,vitoptim_bh_b16,1,129,ttsim.ttnn.Op_130,True,False,LayerNormalization,1,{'math_fidelity': 'HiFi2'},"['ttsim.ttnn.Op_129.out', 'ttsim.ttnn.Tensor_106', 'ttsim.ttnn.Tensor_107']",['ttsim.ttnn.Op_130.out'],ttsim.ttnn.Op_129.out[10x197x768]:bfloat8_b;ttsim.ttnn.Tensor_106[1x768]:bfloat16;ttsim.ttnn.Tensor_107[1x768]:bfloat16,ttsim.ttnn.Op_130.out[10x197x768]:bfloat8_b,,"{""inputs"": [{""layout"": ""TILE_LAYOUT"", ""memory"": ""L1_BLOCK_SHARDED"", ""dtype"": ""bfloat8_b""}, {""layout"": ""TILE_LAYOUT"", ""memory"": null, ""dtype"": ""bfloat16""}, {""layout"": ""TILE_LAYOUT"", ""memory"": null, ""dtype"": ""bfloat16""}], ""outputs"": [{""layout"": ""TILE_LAYOUT"", ""memory"": ""L1_BLOCK_SHARDED"", ""dtype"": ""bfloat8_b""}]}",,None,False,False,NA,1514496,1512960,3028992,3025920,"{'add': 3027890, 'sub': 1512960, 'mul': 3025920, 'div': 3940, 'mac': 1512960, 'rsqrt': 1970}",0,1514496,1512960,9085640,3946,11410,11398,100.0,MEM,22908.0,0.016968888888888888,28635.0,0,3946,0.02121111111111111,0.0,0.10335254059717129,0.3984634188929632,0.3980443513183167,0.0,0.0,False,,,
Blackhole,p100a,1350.0,MATRIX,BF16,TTNN,vitoptim_bh,vitoptim_bh_b16,1,130,ttsim.ttnn.Op_131,True,False,MatMul,1,{},"['ttsim.ttnn.Op_130.out', 'ttsim.ttnn.Tensor_102', 'ttsim.ttnn.Tensor_103']",['ttsim.ttnn.Op_131.out'],ttsim.ttnn.Op_130.out[10x197x768]:bfloat8_b;ttsim.ttnn.Tensor_102[768x2304]:bfloat8_b;ttsim.ttnn.Tensor_103[1x2304]:bfloat8_b,ttsim.ttnn.Op_131.out[10x197x2304]:bfloat8_b,,"{""inputs"": [{""layout"": ""TILE_LAYOUT"", ""memory"": ""L1_BLOCK_SHARDED"", ""dtype"": ""bfloat8_b""}, {""layout"": ""TILE_LAYOUT"", ""memory"": null, ""dtype"": ""bfloat8_b""}, {""layout"": ""TILE_LAYOUT"", ""memory"": null, ""dtype"": ""bfloat8_b""}], ""outputs"": [{""layout"": ""TILE_LAYOUT"", ""memory"": ""L1_BLOCK_SHARDED"", ""dtype"": ""bfloat8_b""}]}",,None,False,False,NA,1771776,4538880,3543552,9077760,"{'mac': 3485859840, 'add': 4538880}",0,3284736,4538880,3490398720,94684,13348,34194,100.0,COMP,94784.0,0.07021037037037037,118480.0,94684,0,0.08776296296296296,0.5993669817690749,0.0,0.11266036461850103,0.2886056718433491,0.0,0.0,False,,,
Blackhole,p100a,1350.0,VECTOR,BF16,TTNN,vitoptim_bh,vitoptim_bh_b16,1,131,ttsim.ttnn.Op_132,False,False,Reshard,1,"{'element_size': 1, 'memory_config': {'memory_layout': <TensorMemoryLayout.BLOCK_SHARDED: 4>, 'buffer_type': <BufferType.L1: 2>, 'shard_spec': None, 'nd_shard_spec': None}}",['ttsim.ttnn.Op_131.out'],['ttsim.ttnn.Op_132.out'],ttsim.ttnn.Op_131.out[10x197x2304]:bfloat8_b,ttsim.ttnn.Op_132.out[10x197x2304]:bfloat8_b,,"{""inputs"": [{""layout"": ""TILE_LAYOUT"", ""memory"": ""L1_BLOCK_SHARDED"", ""dtype"": ""bfloat8_b""}], ""outputs"": [{""layout"": ""TILE_LAYOUT"", ""memory"": ""L1_BLOCK_SHARDED"", ""dtype"": ""bfloat8_b""}]}",,None,False,False,NA,4538880,4538880,4538880,4538880,{'mov': 4538880},0,4538880,4538880,4538880,1970,17097,17097,100.0,MEM,34294.0,0.025402962962962964,42868.0,0,1970,0.03175407407407407,0.0,0.03446667055461596,0.39883361520965765,0.39883361520965765,0.0,0.0,False,,,
Blackhole,p100a,1350.0,VECTOR,BF16,TTNN,vitoptim_bh,vitoptim_bh_b16,1,132,ttsim.ttnn.Op_133,False,False,CreateQKVHeads,1,"{'num_heads': 12, 'num_kv_heads': 12, 'head_dim': 64, 'transpose_k_heads': True, 'element_size': 1}",['ttsim.ttnn.Op_132.out'],"['ttsim.ttnn.Op_133.out.0', 'ttsim.ttnn.Op_133.out.1', 'ttsim.ttnn.Op_133.out.2']",ttsim.ttnn.Op_132.out[10x197x2304]:bfloat8_b,ttsim.ttnn.Op_133.out.0[10x12x197x64]:bfloat8_b;ttsim.ttnn.Op_133.out.1[10x12x64x197]:bfloat8_b;ttsim.ttnn.Op_133.out.2[10x12x197x64]:bfloat8_b,,"{""inputs"": [{""layout"": ""TILE_LAYOUT"", ""memory"": ""L1_BLOCK_SHARDED"", ""dtype"": ""bfloat8_b""}], ""outputs"": [{""layout"": ""TILE_LAYOUT"", ""memory"": ""L1_HEIGHT_SHARDED"", ""dtype"": ""bfloat8_b""}, {""layout"": ""TILE_LAYOUT"", ""memory"": ""L1_HEIGHT_SHARDED"", ""dtype"": ""bfloat8_b""}, {""layout"": ""TILE_LAYOUT"", ""memory"": ""L1_HEIGHT_SHARDED"", ""dtype"": ""bfloat8_b""}]}",,None,False,False,NA,4538880,4538880,4538880,4538880,{'mov': 4538880},0,4538880,4538880,4538880,1970,17097,17097,100.0,MEM,34294.0,0.025402962962962964,42868.0,0,1970,0.03175407407407407,0.0,0.03446667055461596,0.39883361520965765,0.39883361520965765,0.0,0.0,False,,,
Blackhole,p100a,1350.0,MATRIX,BF16,TTNN,vitoptim_bh,vitoptim_bh_b16,1,133,ttsim.ttnn.Op_134,False,False,MatMul,1,{},"['ttsim.ttnn.Op_133.out.0', 'ttsim.ttnn.Op_133.out.1']",['ttsim.ttnn.Op_134.out'],ttsim.ttnn.Op_133.out.0[10x12x197x64]:bfloat8_b;ttsim.ttnn.Op_133.out.1[10x12x64x197]:bfloat8_b,ttsim.ttnn.Op_134.out[10x12x197x197]:bfloat8_b,,"{""inputs"": [{""layout"": ""TILE_LAYOUT"", ""memory"": ""L1_HEIGHT_SHARDED"", ""dtype"": ""bfloat8_b""}, {""layout"": ""TILE_LAYOUT"", ""memory"": ""L1_HEIGHT_SHARDED"", ""dtype"": ""bfloat8_b""}], ""outputs"": [{""layout"": ""TILE_LAYOUT"", ""memory"": ""L1_HEIGHT_SHARDED"", ""dtype"": ""bfloat8_b""}]}",,None,False,False,NA,0,4657080,0,9314160,{'mac': 298053120},0,3025920,4657080,298053120,8086,0,35085,100.0,MEM,35185.0,0.026062962962962965,43982.0,8086,13346,0.03257925925925926,0.13788830467528776,0.22758561887167827,0.0,0.7977263038226517,0.0,0.0,False,,,
Blackhole,p100a,1350.0,VECTOR,BF16,TTNN,vitoptim_bh,vitoptim_bh_b16,1,134,ttsim.ttnn.Op_135,True,False,Mul,1,{'scalar': 0.125},"['ttsim.ttnn.Op_134.out', 'ttsim.ttnn.Op_135.scalar']",['ttsim.ttnn.Op_135.out'],ttsim.ttnn.Op_134.out[10x12x197x197]:bfloat8_b;ttsim.ttnn.Op_135.scalar[10x12x197x197]:bfloat8_b,ttsim.ttnn.Op_135.out[10x12x197x197]:bfloat8_b,,"{""inputs"": [{""layout"": ""TILE_LAYOUT"", ""memory"": ""L1_HEIGHT_SHARDED"", ""dtype"": ""bfloat8_b""}, {""layout"": ""TILE_LAYOUT"", ""memory"": ""L1_HEIGHT_SHARDED"", ""dtype"": ""bfloat8_b""}], ""outputs"": [{""layout"": ""TILE_LAYOUT"", ""memory"": ""L1_HEIGHT_SHARDED"", ""dtype"": ""bfloat8_b""}]}",,None,False,True,ttsim.ttnn.Op_134,9314160,4657080,18628320,9314160,{'mul': 4657080},0,9314160,4657080,4657080,2022,70169,35085,100.0,NA,0.0,0.0,0.0,0,0,0.0,0.0,0.0,0.0,0.0,0.0,0.0,False,,,
Blackhole,p100a,1350.0,VECTOR,BF16,TTNN,vitoptim_bh,vitoptim_bh_b16,1,135,ttsim.ttnn.Op_136,False,False,Softmax,1,{'dim': -1},['ttsim.ttnn.Op_135.out'],['ttsim.ttnn.Op_136.out'],ttsim.ttnn.Op_135.out[10x12x197x197]:bfloat8_b,ttsim.ttnn.Op_136.out[10x12x197x197]:bfloat8_b,,"{""inputs"": [{""layout"": ""TILE_LAYOUT"", ""memory"": ""L1_HEIGHT_SHARDED"", ""dtype"": ""bfloat8_b""}], ""outputs"": [{""layout"": ""TILE_LAYOUT"", ""memory"": ""L1_HEIGHT_SHARDED"", ""dtype"": ""bfloat8_b""}]}",,None,False,True,ttsim.ttnn.Op_134,4657080,4657080,9314160,9314160,"{'cmp': 4657080, 'sub': 4657080, 'exp': 4657080, 'add': 4657080, 'div': 4657080}",0,4657080,4657080,23285400,10110,35085,35085,100.0,NA,0.0,0.0,0.0,0,0,0.0,0.0,0.0,0.0,0.0,0.0,0.0,False,,,
Blackhole,p100a,1350.0,MATRIX,BF16,TTNN,vitoptim_bh,vitoptim_bh_b16,1,136,ttsim.ttnn.Op_137,False,False,MatMul,1,{},"['ttsim.ttnn.Op_136.out', 'ttsim.ttnn.Op_133.out.2']",['ttsim.ttnn.Op_137.out'],ttsim.ttnn.Op_136.out[10x12x197x197]:bfloat8_b;ttsim.ttnn.Op_133.out.2[10x12x197x64]:bfloat8_b,ttsim.ttnn.Op_137.out[10x12x197x64]:bfloat8_b,,"{""inputs"": [{""layout"": ""TILE_LAYOUT"", ""memory"": ""L1_HEIGHT_SHARDED"", ""dtype"": ""bfloat8_b""}, {""layout"": ""TILE_LAYOUT"", ""memory"": ""L1_HEIGHT_SHARDED"", ""dtype"": ""bfloat8_b""}], ""outputs"": [{""layout"": ""TILE_LAYOUT"", ""memory"": ""L1_HEIGHT_SHARDED"", ""dtype"": ""bfloat8_b""}]}",,None,False,False,NA,0,1512960,0,3025920,{'mac': 298053120},0,6170040,1512960,298053120,8086,0,11398,100.0,MEM,11498.0,0.008517037037037037,14373.0,8086,0,0.010646666666666667,0.4219516437641329,0.0,0.0,0.7930422682205601,0.0,0.0,False,,,
Blackhole,p100a,1350.0,VECTOR,BF16,TTNN,vitoptim_bh,vitoptim_bh_b16,1,137,ttsim.ttnn.Op_138,False,False,ConcatHeads,1,{'element_size': 1},['ttsim.ttnn.Op_137.out'],['ttsim.ttnn.Op_138.out'],ttsim.ttnn.Op_137.out[10x12x197x64]:bfloat8_b,ttsim.ttnn.Op_138.out[10x197x768]:bfloat8_b,,"{""inputs"": [{""layout"": ""TILE_LAYOUT"", ""memory"": ""L1_HEIGHT_SHARDED"", ""dtype"": ""bfloat8_b""}], ""outputs"": [{""layout"": ""TILE_LAYOUT"", ""memory"": ""L1_BLOCK_SHARDED"", ""dtype"": ""bfloat8_b""}]}",,None,False,False,NA,1512960,1512960,1512960,1512960,{'mov': 1512960},0,1512960,1512960,1512960,657,5699,5699,100.0,MEM,11498.0,0.008517037037037037,14373.0,0,657,0.010646666666666667,0.0,0.03428422334319012,0.39652113411028006,0.39652113411028006,0.0,0.0,False,,,
Blackhole,p100a,1350.0,MATRIX,BF16,TTNN,vitoptim_bh,vitoptim_bh_b16,1,138,ttsim.ttnn.Op_139,True,False,MatMul,1,{},"['ttsim.ttnn.Op_138.out', 'ttsim.ttnn.Tensor_104', 'ttsim.ttnn.Tensor_105']",['ttsim.ttnn.Op_139.out'],ttsim.ttnn.Op_138.out[10x197x768]:bfloat8_b;ttsim.ttnn.Tensor_104[768x768]:bfloat8_b;ttsim.ttnn.Tensor_105[1x768]:bfloat8_b,ttsim.ttnn.Op_139.out[10x197x768]:bfloat8_b,,"{""inputs"": [{""layout"": ""TILE_LAYOUT"", ""memory"": ""L1_BLOCK_SHARDED"", ""dtype"": ""bfloat8_b""}, {""layout"": ""TILE_LAYOUT"", ""memory"": null, ""dtype"": ""bfloat8_b""}, {""layout"": ""TILE_LAYOUT"", ""memory"": null, ""dtype"": ""bfloat8_b""}], ""outputs"": [{""layout"": ""TILE_LAYOUT"", ""memory"": ""L1_BLOCK_SHARDED"", ""dtype"": ""bfloat8_b""}]}",,None,False,False,NA,590592,1512960,1181184,3025920,"{'mac': 1161953280, 'add': 1512960}",0,2103552,1512960,1163466240,31562,4450,11398,100.0,COMP,32385.0,0.023988888888888886,40482.0,31562,723,0.02998666666666667,0.5847522000926355,0.013395090319592403,0.10992743554114559,0.2815624517523545,0.0,0.0,False,,,
Blackhole,p100a,1350.0,VECTOR,BF16,TTNN,vitoptim_bh,vitoptim_bh_b16,1,139,ttsim.ttnn.Op_140,False,False,Add,1,{},"['ttsim.ttnn.Op_139.out', 'ttsim.ttnn.Op_129.out']",['ttsim.ttnn.Op_140.out'],ttsim.ttnn.Op_139.out[10x197x768]:bfloat8_b;ttsim.ttnn.Op_129.out[10x197x768]:bfloat8_b,ttsim.ttnn.Op_140.out[10x197x768]:bfloat8_b,,"{""inputs"": [{""layout"": ""TILE_LAYOUT"", ""memory"": ""L1_BLOCK_SHARDED"", ""dtype"": ""bfloat8_b""}, {""layout"": ""TILE_LAYOUT"", ""memory"": ""L1_BLOCK_SHARDED"", ""dtype"": ""bfloat8_b""}], ""outputs"": [{""layout"": ""TILE_LAYOUT"", ""memory"": ""L1_BLOCK_SHARDED"", ""dtype"": ""bfloat8_b""}]}",,None,False,True,ttsim.ttnn.Op_139,3025920,1512960,6051840,3025920,{'add': 1512960},0,3025920,1512960,1512960,657,22796,11398,100.0,NA,0.0,0.0,0.0,0,0,0.0,0.0,0.0,0.0,0.0,0.0,0.0,False,,,
Blackhole,p100a,1350.0,VECTOR,BF16,TTNN,vitoptim_bh,vitoptim_bh_b16,1,140,ttsim.ttnn.Op_141,True,False,LayerNormalization,1,{'math_fidelity': 'HiFi2'},"['ttsim.ttnn.Op_140.out', 'ttsim.ttnn.Tensor_108', 'ttsim.ttnn.Tensor_109']",['ttsim.ttnn.Op_141.out'],ttsim.ttnn.Op_140.out[10x197x768]:bfloat8_b;ttsim.ttnn.Tensor_108[1x768]:bfloat16;ttsim.ttnn.Tensor_109[1x768]:bfloat16,ttsim.ttnn.Op_141.out[10x197x768]:bfloat8_b,,"{""inputs"": [{""layout"": ""TILE_LAYOUT"", ""memory"": ""L1_BLOCK_SHARDED"", ""dtype"": ""bfloat8_b""}, {""layout"": ""TILE_LAYOUT"", ""memory"": null, ""dtype"": ""bfloat16""}, {""layout"": ""TILE_LAYOUT"", ""memory"": null, ""dtype"": ""bfloat16""}], ""outputs"": [{""layout"": ""TILE_LAYOUT"", ""memory"": ""L1_BLOCK_SHARDED"", ""dtype"": ""bfloat8_b""}]}",,None,False,False,NA,1514496,1512960,3028992,3025920,"{'add': 3027890, 'sub': 1512960, 'mul': 3025920, 'div': 3940, 'mac': 1512960, 'rsqrt': 1970}",0,1514496,1512960,9085640,3946,11410,11398,100.0,MEM,22908.0,0.016968888888888888,28635.0,0,3946,0.02121111111111111,0.0,0.10335254059717129,0.3984634188929632,0.3980443513183167,0.0,0.0,False,,,
Blackhole,p100a,1350.0,MATRIX,BF16,TTNN,vitoptim_bh,vitoptim_bh_b16,1,141,ttsim.ttnn.Op_142,True,False,MatMul,1,{'fused_activation': 'gelu'},"['ttsim.ttnn.Op_141.out', 'ttsim.ttnn.Tensor_110', 'ttsim.ttnn.Tensor_111']",['ttsim.ttnn.Op_142.out'],ttsim.ttnn.Op_141.out[10x197x768]:bfloat8_b;ttsim.ttnn.Tensor_110[768x3072]:bfloat8_b;ttsim.ttnn.Tensor_111[1x3072]:bfloat8_b,ttsim.ttnn.Op_142.out[10x197x3072]:bfloat8_b,,"{""inputs"": [{""layout"": ""TILE_LAYOUT"", ""memory"": ""L1_BLOCK_SHARDED"", ""dtype"": ""bfloat8_b""}, {""layout"": ""TILE_LAYOUT"", ""memory"": null, ""dtype"": ""bfloat8_b""}, {""layout"": ""TILE_LAYOUT"", ""memory"": null, ""dtype"": ""bfloat8_b""}], ""outputs"": [{""layout"": ""TILE_LAYOUT"", ""memory"": ""L1_BLOCK_SHARDED"", ""dtype"": ""bfloat8_b""}]}",,None,False,False,NA,2362368,6051840,4724736,12103680,"{'mac': 4647813120, 'add': 18155520, 'mul': 36311040, 'tanh': 6051840}",0,3875328,6051840,4708331520,130185,17797,45592,100.0,COMP,269020.0,0.19927407407407408,336275.0,268920,0,0.2490925925925926,0.5997769682551483,0.0,0.05292394617500558,0.03389487770425991,0.0,0.0,False,,,
Blackhole,p100a,1350.0,MATRIX,BF16,TTNN,vitoptim_bh,vitoptim_bh_b16,1,142,ttsim.ttnn.Op_143,True,False,MatMul,1,{},"['ttsim.ttnn.Op_142.out', 'ttsim.ttnn.Tensor_112', 'ttsim.ttnn.Tensor_113']",['ttsim.ttnn.Op_143.out'],ttsim.ttnn.Op_142.out[10x197x3072]:bfloat8_b;ttsim.ttnn.Tensor_112[3072x768]:bfloat8_b;ttsim.ttnn.Tensor_113[1x768]:bfloat8_b,ttsim.ttnn.Op_143.out[10x197x768]:bfloat8_b,,"{""inputs"": [{""layout"": ""TILE_LAYOUT"", ""memory"": ""L1_BLOCK_SHARDED"", ""dtype"": ""bfloat8_b""}, {""layout"": ""TILE_LAYOUT"", ""memory"": null, ""dtype"": ""bfloat8_b""}, {""layout"": ""TILE_LAYOUT"", ""memory"": null, ""dtype"": ""bfloat8_b""}], ""outputs"": [{""layout"": ""TILE_LAYOUT"", ""memory"": ""L1_BLOCK_SHARDED"", ""dtype"": ""bfloat8_b""}]}",,None,False,True,ttsim.ttnn.Op_142,2360064,1512960,4720128,3025920,"{'mac': 4647813120, 'add': 1512960}",0,8411904,1512960,4649326080,126122,17780,11398,100.0,NA,0.0,0.0,0.0,0,0,0.0,0.0,0.0,0.0,0.0,0.0,0.0,False,,,
Blackhole,p100a,1350.0,VECTOR,BF16,TTNN,vitoptim_bh,vitoptim_bh_b16,1,143,ttsim.ttnn.Op_144,False,False,Add,1,{},"['ttsim.ttnn.Op_143.out', 'ttsim.ttnn.Op_140.out']",['ttsim.ttnn.Op_144.out'],ttsim.ttnn.Op_143.out[10x197x768]:bfloat8_b;ttsim.ttnn.Op_140.out[10x197x768]:bfloat8_b,ttsim.ttnn.Op_144.out[10x197x768]:bfloat8_b,,"{""inputs"": [{""layout"": ""TILE_LAYOUT"", ""memory"": ""L1_BLOCK_SHARDED"", ""dtype"": ""bfloat8_b""}, {""layout"": ""TILE_LAYOUT"", ""memory"": ""L1_BLOCK_SHARDED"", ""dtype"": ""bfloat8_b""}], ""outputs"": [{""layout"": ""TILE_LAYOUT"", ""memory"": ""L1_BLOCK_SHARDED"", ""dtype"": ""bfloat8_b""}]}",,None,False,False,NA,3025920,1512960,6051840,3025920,{'add': 1512960},0,3025920,1512960,1512960,657,22796,11398,100.0,MEM,34294.0,0.025402962962962964,42868.0,0,657,0.03175407407407407,0.0,0.0114947221088237,0.531778153612877,0.2658890768064385,0.0,0.0,False,,,
Blackhole,p100a,1350.0,VECTOR,BF16,TTNN,vitoptim_bh,vitoptim_bh_b16,1,144,ttsim.ttnn.Op_145,True,False,LayerNormalization,1,{'math_fidelity': 'HiFi2'},"['ttsim.ttnn.Op_144.out', 'ttsim.ttnn.Tensor_118', 'ttsim.ttnn.Tensor_119']",['ttsim.ttnn.Op_145.out'],ttsim.ttnn.Op_144.out[10x197x768]:bfloat8_b;ttsim.ttnn.Tensor_118[1x768]:bfloat16;ttsim.ttnn.Tensor_119[1x768]:bfloat16,ttsim.ttnn.Op_145.out[10x197x768]:bfloat8_b,,"{""inputs"": [{""layout"": ""TILE_LAYOUT"", ""memory"": ""L1_BLOCK_SHARDED"", ""dtype"": ""bfloat8_b""}, {""layout"": ""TILE_LAYOUT"", ""memory"": null, ""dtype"": ""bfloat16""}, {""layout"": ""TILE_LAYOUT"", ""memory"": null, ""dtype"": ""bfloat16""}], ""outputs"": [{""layout"": ""TILE_LAYOUT"", ""memory"": ""L1_BLOCK_SHARDED"", ""dtype"": ""bfloat8_b""}]}",,None,False,False,NA,1514496,1512960,3028992,3025920,"{'add': 3027890, 'sub': 1512960, 'mul': 3025920, 'div': 3940, 'mac': 1512960, 'rsqrt': 1970}",0,1514496,1512960,9085640,3946,11410,11398,100.0,MEM,22908.0,0.016968888888888888,28635.0,0,3946,0.02121111111111111,0.0,0.10335254059717129,0.3984634188929632,0.3980443513183167,0.0,0.0,False,,,
Blackhole,p100a,1350.0,MATRIX,BF16,TTNN,vitoptim_bh,vitoptim_bh_b16,1,145,ttsim.ttnn.Op_146,True,False,MatMul,1,{},"['ttsim.ttnn.Op_145.out', 'ttsim.ttnn.Tensor_114', 'ttsim.ttnn.Tensor_115']",['ttsim.ttnn.Op_146.out'],ttsim.ttnn.Op_145.out[10x197x768]:bfloat8_b;ttsim.ttnn.Tensor_114[768x2304]:bfloat8_b;ttsim.ttnn.Tensor_115[1x2304]:bfloat8_b,ttsim.ttnn.Op_146.out[10x197x2304]:bfloat8_b,,"{""inputs"": [{""layout"": ""TILE_LAYOUT"", ""memory"": ""L1_BLOCK_SHARDED"", ""dtype"": ""bfloat8_b""}, {""layout"": ""TILE_LAYOUT"", ""memory"": null, ""dtype"": ""bfloat8_b""}, {""layout"": ""TILE_LAYOUT"", ""memory"": null, ""dtype"": ""bfloat8_b""}], ""outputs"": [{""layout"": ""TILE_LAYOUT"", ""memory"": ""L1_BLOCK_SHARDED"", ""dtype"": ""bfloat8_b""}]}",,None,False,False,NA,1771776,4538880,3543552,9077760,"{'mac': 3485859840, 'add': 4538880}",0,3284736,4538880,3490398720,94684,13348,34194,100.0,COMP,94784.0,0.07021037037037037,118480.0,94684,0,0.08776296296296296,0.5993669817690749,0.0,0.11266036461850103,0.2886056718433491,0.0,0.0,False,,,
Blackhole,p100a,1350.0,VECTOR,BF16,TTNN,vitoptim_bh,vitoptim_bh_b16,1,146,ttsim.ttnn.Op_147,False,False,Reshard,1,"{'element_size': 1, 'memory_config': {'memory_layout': <TensorMemoryLayout.BLOCK_SHARDED: 4>, 'buffer_type': <BufferType.L1: 2>, 'shard_spec': None, 'nd_shard_spec': None}}",['ttsim.ttnn.Op_146.out'],['ttsim.ttnn.Op_147.out'],ttsim.ttnn.Op_146.out[10x197x2304]:bfloat8_b,ttsim.ttnn.Op_147.out[10x197x2304]:bfloat8_b,,"{""inputs"": [{""layout"": ""TILE_LAYOUT"", ""memory"": ""L1_BLOCK_SHARDED"", ""dtype"": ""bfloat8_b""}], ""outputs"": [{""layout"": ""TILE_LAYOUT"", ""memory"": ""L1_BLOCK_SHARDED"", ""dtype"": ""bfloat8_b""}]}",,None,False,False,NA,4538880,4538880,4538880,4538880,{'mov': 4538880},0,4538880,4538880,4538880,1970,17097,17097,100.0,MEM,34294.0,0.025402962962962964,42868.0,0,1970,0.03175407407407407,0.0,0.03446667055461596,0.39883361520965765,0.39883361520965765,0.0,0.0,False,,,
Blackhole,p100a,1350.0,VECTOR,BF16,TTNN,vitoptim_bh,vitoptim_bh_b16,1,147,ttsim.ttnn.Op_148,False,False,CreateQKVHeads,1,"{'num_heads': 12, 'num_kv_heads': 12, 'head_dim': 64, 'transpose_k_heads': True, 'element_size': 1}",['ttsim.ttnn.Op_147.out'],"['ttsim.ttnn.Op_148.out.0', 'ttsim.ttnn.Op_148.out.1', 'ttsim.ttnn.Op_148.out.2']",ttsim.ttnn.Op_147.out[10x197x2304]:bfloat8_b,ttsim.ttnn.Op_148.out.0[10x12x197x64]:bfloat8_b;ttsim.ttnn.Op_148.out.1[10x12x64x197]:bfloat8_b;ttsim.ttnn.Op_148.out.2[10x12x197x64]:bfloat8_b,,"{""inputs"": [{""layout"": ""TILE_LAYOUT"", ""memory"": ""L1_BLOCK_SHARDED"", ""dtype"": ""bfloat8_b""}], ""outputs"": [{""layout"": ""TILE_LAYOUT"", ""memory"": ""L1_HEIGHT_SHARDED"", ""dtype"": ""bfloat8_b""}, {""layout"": ""TILE_LAYOUT"", ""memory"": ""L1_HEIGHT_SHARDED"", ""dtype"": ""bfloat8_b""}, {""layout"": ""TILE_LAYOUT"", ""memory"": ""L1_HEIGHT_SHARDED"", ""dtype"": ""bfloat8_b""}]}",,None,False,False,NA,4538880,4538880,4538880,4538880,{'mov': 4538880},0,4538880,4538880,4538880,1970,17097,17097,100.0,MEM,34294.0,0.025402962962962964,42868.0,0,1970,0.03175407407407407,0.0,0.03446667055461596,0.39883361520965765,0.39883361520965765,0.0,0.0,False,,,
Blackhole,p100a,1350.0,MATRIX,BF16,TTNN,vitoptim_bh,vitoptim_bh_b16,1,148,ttsim.ttnn.Op_149,False,False,MatMul,1,{},"['ttsim.ttnn.Op_148.out.0', 'ttsim.ttnn.Op_148.out.1']",['ttsim.ttnn.Op_149.out'],ttsim.ttnn.Op_148.out.0[10x12x197x64]:bfloat8_b;ttsim.ttnn.Op_148.out.1[10x12x64x197]:bfloat8_b,ttsim.ttnn.Op_149.out[10x12x197x197]:bfloat8_b,,"{""inputs"": [{""layout"": ""TILE_LAYOUT"", ""memory"": ""L1_HEIGHT_SHARDED"", ""dtype"": ""bfloat8_b""}, {""layout"": ""TILE_LAYOUT"", ""memory"": ""L1_HEIGHT_SHARDED"", ""dtype"": ""bfloat8_b""}], ""outputs"": [{""layout"": ""TILE_LAYOUT"", ""memory"": ""L1_HEIGHT_SHARDED"", ""dtype"": ""bfloat8_b""}]}",,None,False,False,NA,0,4657080,0,9314160,{'mac': 298053120},0,3025920,4657080,298053120,8086,0,35085,100.0,MEM,35185.0,0.026062962962962965,43982.0,8086,13346,0.03257925925925926,0.13788830467528776,0.22758561887167827,0.0,0.7977263038226517,0.0,0.0,False,,,
Blackhole,p100a,1350.0,VECTOR,BF16,TTNN,vitoptim_bh,vitoptim_bh_b16,1,149,ttsim.ttnn.Op_150,True,False,Mul,1,{'scalar': 0.125},"['ttsim.ttnn.Op_149.out', 'ttsim.ttnn.Op_150.scalar']",['ttsim.ttnn.Op_150.out'],ttsim.ttnn.Op_149.out[10x12x197x197]:bfloat8_b;ttsim.ttnn.Op_150.scalar[10x12x197x197]:bfloat8_b,ttsim.ttnn.Op_150.out[10x12x197x197]:bfloat8_b,,"{""inputs"": [{""layout"": ""TILE_LAYOUT"", ""memory"": ""L1_HEIGHT_SHARDED"", ""dtype"": ""bfloat8_b""}, {""layout"": ""TILE_LAYOUT"", ""memory"": ""L1_HEIGHT_SHARDED"", ""dtype"": ""bfloat8_b""}], ""outputs"": [{""layout"": ""TILE_LAYOUT"", ""memory"": ""L1_HEIGHT_SHARDED"", ""dtype"": ""bfloat8_b""}]}",,None,False,True,ttsim.ttnn.Op_149,9314160,4657080,18628320,9314160,{'mul': 4657080},0,9314160,4657080,4657080,2022,70169,35085,100.0,NA,0.0,0.0,0.0,0,0,0.0,0.0,0.0,0.0,0.0,0.0,0.0,False,,,
Blackhole,p100a,1350.0,VECTOR,BF16,TTNN,vitoptim_bh,vitoptim_bh_b16,1,150,ttsim.ttnn.Op_151,False,False,Softmax,1,{'dim': -1},['ttsim.ttnn.Op_150.out'],['ttsim.ttnn.Op_151.out'],ttsim.ttnn.Op_150.out[10x12x197x197]:bfloat8_b,ttsim.ttnn.Op_151.out[10x12x197x197]:bfloat8_b,,"{""inputs"": [{""layout"": ""TILE_LAYOUT"", ""memory"": ""L1_HEIGHT_SHARDED"", ""dtype"": ""bfloat8_b""}], ""outputs"": [{""layout"": ""TILE_LAYOUT"", ""memory"": ""L1_HEIGHT_SHARDED"", ""dtype"": ""bfloat8_b""}]}",,None,False,True,ttsim.ttnn.Op_149,4657080,4657080,9314160,9314160,"{'cmp': 4657080, 'sub': 4657080, 'exp': 4657080, 'add': 4657080, 'div': 4657080}",0,4657080,4657080,23285400,10110,35085,35085,100.0,NA,0.0,0.0,0.0,0,0,0.0,0.0,0.0,0.0,0.0,0.0,0.0,False,,,
Blackhole,p100a,1350.0,MATRIX,BF16,TTNN,vitoptim_bh,vitoptim_bh_b16,1,151,ttsim.ttnn.Op_152,False,False,MatMul,1,{},"['ttsim.ttnn.Op_151.out', 'ttsim.ttnn.Op_148.out.2']",['ttsim.ttnn.Op_152.out'],ttsim.ttnn.Op_151.out[10x12x197x197]:bfloat8_b;ttsim.ttnn.Op_148.out.2[10x12x197x64]:bfloat8_b,ttsim.ttnn.Op_152.out[10x12x197x64]:bfloat8_b,,"{""inputs"": [{""layout"": ""TILE_LAYOUT"", ""memory"": ""L1_HEIGHT_SHARDED"", ""dtype"": ""bfloat8_b""}, {""layout"": ""TILE_LAYOUT"", ""memory"": ""L1_HEIGHT_SHARDED"", ""dtype"": ""bfloat8_b""}], ""outputs"": [{""layout"": ""TILE_LAYOUT"", ""memory"": ""L1_HEIGHT_SHARDED"", ""dtype"": ""bfloat8_b""}]}",,None,False,False,NA,0,1512960,0,3025920,{'mac': 298053120},0,6170040,1512960,298053120,8086,0,11398,100.0,MEM,11498.0,0.008517037037037037,14373.0,8086,0,0.010646666666666667,0.4219516437641329,0.0,0.0,0.7930422682205601,0.0,0.0,False,,,
Blackhole,p100a,1350.0,VECTOR,BF16,TTNN,vitoptim_bh,vitoptim_bh_b16,1,152,ttsim.ttnn.Op_153,False,False,ConcatHeads,1,{'element_size': 1},['ttsim.ttnn.Op_152.out'],['ttsim.ttnn.Op_153.out'],ttsim.ttnn.Op_152.out[10x12x197x64]:bfloat8_b,ttsim.ttnn.Op_153.out[10x197x768]:bfloat8_b,,"{""inputs"": [{""layout"": ""TILE_LAYOUT"", ""memory"": ""L1_HEIGHT_SHARDED"", ""dtype"": ""bfloat8_b""}], ""outputs"": [{""layout"": ""TILE_LAYOUT"", ""memory"": ""L1_BLOCK_SHARDED"", ""dtype"": ""bfloat8_b""}]}",,None,False,False,NA,1512960,1512960,1512960,1512960,{'mov': 1512960},0,1512960,1512960,1512960,657,5699,5699,100.0,MEM,11498.0,0.008517037037037037,14373.0,0,657,0.010646666666666667,0.0,0.03428422334319012,0.39652113411028006,0.39652113411028006,0.0,0.0,False,,,
Blackhole,p100a,1350.0,MATRIX,BF16,TTNN,vitoptim_bh,vitoptim_bh_b16,1,153,ttsim.ttnn.Op_154,True,False,MatMul,1,{},"['ttsim.ttnn.Op_153.out', 'ttsim.ttnn.Tensor_116', 'ttsim.ttnn.Tensor_117']",['ttsim.ttnn.Op_154.out'],ttsim.ttnn.Op_153.out[10x197x768]:bfloat8_b;ttsim.ttnn.Tensor_116[768x768]:bfloat8_b;ttsim.ttnn.Tensor_117[1x768]:bfloat8_b,ttsim.ttnn.Op_154.out[10x197x768]:bfloat8_b,,"{""inputs"": [{""layout"": ""TILE_LAYOUT"", ""memory"": ""L1_BLOCK_SHARDED"", ""dtype"": ""bfloat8_b""}, {""layout"": ""TILE_LAYOUT"", ""memory"": null, ""dtype"": ""bfloat8_b""}, {""layout"": ""TILE_LAYOUT"", ""memory"": null, ""dtype"": ""bfloat8_b""}], ""outputs"": [{""layout"": ""TILE_LAYOUT"", ""memory"": ""L1_BLOCK_SHARDED"", ""dtype"": ""bfloat8_b""}]}",,None,False,False,NA,590592,1512960,1181184,3025920,"{'mac': 1161953280, 'add': 1512960}",0,2103552,1512960,1163466240,31562,4450,11398,100.0,COMP,32385.0,0.023988888888888886,40482.0,31562,723,0.02998666666666667,0.5847522000926355,0.013395090319592403,0.10992743554114559,0.2815624517523545,0.0,0.0,False,,,
Blackhole,p100a,1350.0,VECTOR,BF16,TTNN,vitoptim_bh,vitoptim_bh_b16,1,154,ttsim.ttnn.Op_155,False,False,Add,1,{},"['ttsim.ttnn.Op_154.out', 'ttsim.ttnn.Op_144.out']",['ttsim.ttnn.Op_155.out'],ttsim.ttnn.Op_154.out[10x197x768]:bfloat8_b;ttsim.ttnn.Op_144.out[10x197x768]:bfloat8_b,ttsim.ttnn.Op_155.out[10x197x768]:bfloat8_b,,"{""inputs"": [{""layout"": ""TILE_LAYOUT"", ""memory"": ""L1_BLOCK_SHARDED"", ""dtype"": ""bfloat8_b""}, {""layout"": ""TILE_LAYOUT"", ""memory"": ""L1_BLOCK_SHARDED"", ""dtype"": ""bfloat8_b""}], ""outputs"": [{""layout"": ""TILE_LAYOUT"", ""memory"": ""L1_BLOCK_SHARDED"", ""dtype"": ""bfloat8_b""}]}",,None,False,True,ttsim.ttnn.Op_154,3025920,1512960,6051840,3025920,{'add': 1512960},0,3025920,1512960,1512960,657,22796,11398,100.0,NA,0.0,0.0,0.0,0,0,0.0,0.0,0.0,0.0,0.0,0.0,0.0,False,,,
Blackhole,p100a,1350.0,VECTOR,BF16,TTNN,vitoptim_bh,vitoptim_bh_b16,1,155,ttsim.ttnn.Op_156,True,False,LayerNormalization,1,{'math_fidelity': 'HiFi2'},"['ttsim.ttnn.Op_155.out', 'ttsim.ttnn.Tensor_120', 'ttsim.ttnn.Tensor_121']",['ttsim.ttnn.Op_156.out'],ttsim.ttnn.Op_155.out[10x197x768]:bfloat8_b;ttsim.ttnn.Tensor_120[1x768]:bfloat16;ttsim.ttnn.Tensor_121[1x768]:bfloat16,ttsim.ttnn.Op_156.out[10x197x768]:bfloat8_b,,"{""inputs"": [{""layout"": ""TILE_LAYOUT"", ""memory"": ""L1_BLOCK_SHARDED"", ""dtype"": ""bfloat8_b""}, {""layout"": ""TILE_LAYOUT"", ""memory"": null, ""dtype"": ""bfloat16""}, {""layout"": ""TILE_LAYOUT"", ""memory"": null, ""dtype"": ""bfloat16""}], ""outputs"": [{""layout"": ""TILE_LAYOUT"", ""memory"": ""L1_BLOCK_SHARDED"", ""dtype"": ""bfloat8_b""}]}",,None,False,False,NA,1514496,1512960,3028992,3025920,"{'add': 3027890, 'sub': 1512960, 'mul': 3025920, 'div': 3940, 'mac': 1512960, 'rsqrt': 1970}",0,1514496,1512960,9085640,3946,11410,11398,100.0,MEM,22908.0,0.016968888888888888,28635.0,0,3946,0.02121111111111111,0.0,0.10335254059717129,0.3984634188929632,0.3980443513183167,0.0,0.0,False,,,
Blackhole,p100a,1350.0,MATRIX,BF16,TTNN,vitoptim_bh,vitoptim_bh_b16,1,156,ttsim.ttnn.Op_157,True,False,MatMul,1,{'fused_activation': 'gelu'},"['ttsim.ttnn.Op_156.out', 'ttsim.ttnn.Tensor_122', 'ttsim.ttnn.Tensor_123']",['ttsim.ttnn.Op_157.out'],ttsim.ttnn.Op_156.out[10x197x768]:bfloat8_b;ttsim.ttnn.Tensor_122[768x3072]:bfloat8_b;ttsim.ttnn.Tensor_123[1x3072]:bfloat8_b,ttsim.ttnn.Op_157.out[10x197x3072]:bfloat8_b,,"{""inputs"": [{""layout"": ""TILE_LAYOUT"", ""memory"": ""L1_BLOCK_SHARDED"", ""dtype"": ""bfloat8_b""}, {""layout"": ""TILE_LAYOUT"", ""memory"": null, ""dtype"": ""bfloat8_b""}, {""layout"": ""TILE_LAYOUT"", ""memory"": null, ""dtype"": ""bfloat8_b""}], ""outputs"": [{""layout"": ""TILE_LAYOUT"", ""memory"": ""L1_BLOCK_SHARDED"", ""dtype"": ""bfloat8_b""}]}",,None,False,False,NA,2362368,6051840,4724736,12103680,"{'mac': 4647813120, 'add': 18155520, 'mul': 36311040, 'tanh': 6051840}",0,3875328,6051840,4708331520,130185,17797,45592,100.0,COMP,269020.0,0.19927407407407408,336275.0,268920,0,0.2490925925925926,0.5997769682551483,0.0,0.05292394617500558,0.03389487770425991,0.0,0.0,False,,,
Blackhole,p100a,1350.0,MATRIX,BF16,TTNN,vitoptim_bh,vitoptim_bh_b16,1,157,ttsim.ttnn.Op_158,True,False,MatMul,1,{},"['ttsim.ttnn.Op_157.out', 'ttsim.ttnn.Tensor_124', 'ttsim.ttnn.Tensor_125']",['ttsim.ttnn.Op_158.out'],ttsim.ttnn.Op_157.out[10x197x3072]:bfloat8_b;ttsim.ttnn.Tensor_124[3072x768]:bfloat8_b;ttsim.ttnn.Tensor_125[1x768]:bfloat8_b,ttsim.ttnn.Op_158.out[10x197x768]:bfloat8_b,,"{""inputs"": [{""layout"": ""TILE_LAYOUT"", ""memory"": ""L1_BLOCK_SHARDED"", ""dtype"": ""bfloat8_b""}, {""layout"": ""TILE_LAYOUT"", ""memory"": null, ""dtype"": ""bfloat8_b""}, {""layout"": ""TILE_LAYOUT"", ""memory"": null, ""dtype"": ""bfloat8_b""}], ""outputs"": [{""layout"": ""TILE_LAYOUT"", ""memory"": ""L1_BLOCK_SHARDED"", ""dtype"": ""bfloat8_b""}]}",,None,False,True,ttsim.ttnn.Op_157,2360064,1512960,4720128,3025920,"{'mac': 4647813120, 'add': 1512960}",0,8411904,1512960,4649326080,126122,17780,11398,100.0,NA,0.0,0.0,0.0,0,0,0.0,0.0,0.0,0.0,0.0,0.0,0.0,False,,,
Blackhole,p100a,1350.0,VECTOR,BF16,TTNN,vitoptim_bh,vitoptim_bh_b16,1,158,ttsim.ttnn.Op_159,False,False,Add,1,{},"['ttsim.ttnn.Op_158.out', 'ttsim.ttnn.Op_155.out']",['ttsim.ttnn.Op_159.out'],ttsim.ttnn.Op_158.out[10x197x768]:bfloat8_b;ttsim.ttnn.Op_155.out[10x197x768]:bfloat8_b,ttsim.ttnn.Op_159.out[10x197x768]:bfloat8_b,,"{""inputs"": [{""layout"": ""TILE_LAYOUT"", ""memory"": ""L1_BLOCK_SHARDED"", ""dtype"": ""bfloat8_b""}, {""layout"": ""TILE_LAYOUT"", ""memory"": ""L1_BLOCK_SHARDED"", ""dtype"": ""bfloat8_b""}], ""outputs"": [{""layout"": ""TILE_LAYOUT"", ""memory"": ""L1_BLOCK_SHARDED"", ""dtype"": ""bfloat8_b""}]}",,None,False,False,NA,3025920,1512960,6051840,3025920,{'add': 1512960},0,3025920,1512960,1512960,657,22796,11398,100.0,MEM,34294.0,0.025402962962962964,42868.0,0,657,0.03175407407407407,0.0,0.0114947221088237,0.531778153612877,0.2658890768064385,0.0,0.0,False,,,
Blackhole,p100a,1350.0,VECTOR,BF16,TTNN,vitoptim_bh,vitoptim_bh_b16,1,159,ttsim.ttnn.Op_160,True,False,LayerNormalization,1,{'math_fidelity': 'HiFi2'},"['ttsim.ttnn.Op_159.out', 'ttsim.ttnn.Tensor_130', 'ttsim.ttnn.Tensor_131']",['ttsim.ttnn.Op_160.out'],ttsim.ttnn.Op_159.out[10x197x768]:bfloat8_b;ttsim.ttnn.Tensor_130[1x768]:bfloat16;ttsim.ttnn.Tensor_131[1x768]:bfloat16,ttsim.ttnn.Op_160.out[10x197x768]:bfloat8_b,,"{""inputs"": [{""layout"": ""TILE_LAYOUT"", ""memory"": ""L1_BLOCK_SHARDED"", ""dtype"": ""bfloat8_b""}, {""layout"": ""TILE_LAYOUT"", ""memory"": null, ""dtype"": ""bfloat16""}, {""layout"": ""TILE_LAYOUT"", ""memory"": null, ""dtype"": ""bfloat16""}], ""outputs"": [{""layout"": ""TILE_LAYOUT"", ""memory"": ""L1_BLOCK_SHARDED"", ""dtype"": ""bfloat8_b""}]}",,None,False,False,NA,1514496,1512960,3028992,3025920,"{'add': 3027890, 'sub': 1512960, 'mul': 3025920, 'div': 3940, 'mac': 1512960, 'rsqrt': 1970}",0,1514496,1512960,9085640,3946,11410,11398,100.0,MEM,22908.0,0.016968888888888888,28635.0,0,3946,0.02121111111111111,0.0,0.10335254059717129,0.3984634188929632,0.3980443513183167,0.0,0.0,False,,,
Blackhole,p100a,1350.0,MATRIX,BF16,TTNN,vitoptim_bh,vitoptim_bh_b16,1,160,ttsim.ttnn.Op_161,True,False,MatMul,1,{},"['ttsim.ttnn.Op_160.out', 'ttsim.ttnn.Tensor_126', 'ttsim.ttnn.Tensor_127']",['ttsim.ttnn.Op_161.out'],ttsim.ttnn.Op_160.out[10x197x768]:bfloat8_b;ttsim.ttnn.Tensor_126[768x2304]:bfloat8_b;ttsim.ttnn.Tensor_127[1x2304]:bfloat8_b,ttsim.ttnn.Op_161.out[10x197x2304]:bfloat8_b,,"{""inputs"": [{""layout"": ""TILE_LAYOUT"", ""memory"": ""L1_BLOCK_SHARDED"", ""dtype"": ""bfloat8_b""}, {""layout"": ""TILE_LAYOUT"", ""memory"": null, ""dtype"": ""bfloat8_b""}, {""layout"": ""TILE_LAYOUT"", ""memory"": null, ""dtype"": ""bfloat8_b""}], ""outputs"": [{""layout"": ""TILE_LAYOUT"", ""memory"": ""L1_BLOCK_SHARDED"", ""dtype"": ""bfloat8_b""}]}",,None,False,False,NA,1771776,4538880,3543552,9077760,"{'mac': 3485859840, 'add': 4538880}",0,3284736,4538880,3490398720,94684,13348,34194,100.0,COMP,94784.0,0.07021037037037037,118480.0,94684,0,0.08776296296296296,0.5993669817690749,0.0,0.11266036461850103,0.2886056718433491,0.0,0.0,False,,,
Blackhole,p100a,1350.0,VECTOR,BF16,TTNN,vitoptim_bh,vitoptim_bh_b16,1,161,ttsim.ttnn.Op_162,False,False,Reshard,1,"{'element_size': 1, 'memory_config': {'memory_layout': <TensorMemoryLayout.BLOCK_SHARDED: 4>, 'buffer_type': <BufferType.L1: 2>, 'shard_spec': None, 'nd_shard_spec': None}}",['ttsim.ttnn.Op_161.out'],['ttsim.ttnn.Op_162.out'],ttsim.ttnn.Op_161.out[10x197x2304]:bfloat8_b,ttsim.ttnn.Op_162.out[10x197x2304]:bfloat8_b,,"{""inputs"": [{""layout"": ""TILE_LAYOUT"", ""memory"": ""L1_BLOCK_SHARDED"", ""dtype"": ""bfloat8_b""}], ""outputs"": [{""layout"": ""TILE_LAYOUT"", ""memory"": ""L1_BLOCK_SHARDED"", ""dtype"": ""bfloat8_b""}]}",,None,False,False,NA,4538880,4538880,4538880,4538880,{'mov': 4538880},0,4538880,4538880,4538880,1970,17097,17097,100.0,MEM,34294.0,0.025402962962962964,42868.0,0,1970,0.03175407407407407,0.0,0.03446667055461596,0.39883361520965765,0.39883361520965765,0.0,0.0,False,,,
Blackhole,p100a,1350.0,VECTOR,BF16,TTNN,vitoptim_bh,vitoptim_bh_b16,1,162,ttsim.ttnn.Op_163,False,False,CreateQKVHeads,1,"{'num_heads': 12, 'num_kv_heads': 12, 'head_dim': 64, 'transpose_k_heads': True, 'element_size': 1}",['ttsim.ttnn.Op_162.out'],"['ttsim.ttnn.Op_163.out.0', 'ttsim.ttnn.Op_163.out.1', 'ttsim.ttnn.Op_163.out.2']",ttsim.ttnn.Op_162.out[10x197x2304]:bfloat8_b,ttsim.ttnn.Op_163.out.0[10x12x197x64]:bfloat8_b;ttsim.ttnn.Op_163.out.1[10x12x64x197]:bfloat8_b;ttsim.ttnn.Op_163.out.2[10x12x197x64]:bfloat8_b,,"{""inputs"": [{""layout"": ""TILE_LAYOUT"", ""memory"": ""L1_BLOCK_SHARDED"", ""dtype"": ""bfloat8_b""}], ""outputs"": [{""layout"": ""TILE_LAYOUT"", ""memory"": ""L1_HEIGHT_SHARDED"", ""dtype"": ""bfloat8_b""}, {""layout"": ""TILE_LAYOUT"", ""memory"": ""L1_HEIGHT_SHARDED"", ""dtype"": ""bfloat8_b""}, {""layout"": ""TILE_LAYOUT"", ""memory"": ""L1_HEIGHT_SHARDED"", ""dtype"": ""bfloat8_b""}]}",,None,False,False,NA,4538880,4538880,4538880,4538880,{'mov': 4538880},0,4538880,4538880,4538880,1970,17097,17097,100.0,MEM,34294.0,0.025402962962962964,42868.0,0,1970,0.03175407407407407,0.0,0.03446667055461596,0.39883361520965765,0.39883361520965765,0.0,0.0,False,,,
Blackhole,p100a,1350.0,MATRIX,BF16,TTNN,vitoptim_bh,vitoptim_bh_b16,1,163,ttsim.ttnn.Op_164,False,False,MatMul,1,{},"['ttsim.ttnn.Op_163.out.0', 'ttsim.ttnn.Op_163.out.1']",['ttsim.ttnn.Op_164.out'],ttsim.ttnn.Op_163.out.0[10x12x197x64]:bfloat8_b;ttsim.ttnn.Op_163.out.1[10x12x64x197]:bfloat8_b,ttsim.ttnn.Op_164.out[10x12x197x197]:bfloat8_b,,"{""inputs"": [{""layout"": ""TILE_LAYOUT"", ""memory"": ""L1_HEIGHT_SHARDED"", ""dtype"": ""bfloat8_b""}, {""layout"": ""TILE_LAYOUT"", ""memory"": ""L1_HEIGHT_SHARDED"", ""dtype"": ""bfloat8_b""}], ""outputs"": [{""layout"": ""TILE_LAYOUT"", ""memory"": ""L1_HEIGHT_SHARDED"", ""dtype"": ""bfloat8_b""}]}",,None,False,False,NA,0,4657080,0,9314160,{'mac': 298053120},0,3025920,4657080,298053120,8086,0,35085,100.0,MEM,35185.0,0.026062962962962965,43982.0,8086,13346,0.03257925925925926,0.13788830467528776,0.22758561887167827,0.0,0.7977263038226517,0.0,0.0,False,,,
Blackhole,p100a,1350.0,VECTOR,BF16,TTNN,vitoptim_bh,vitoptim_bh_b16,1,164,ttsim.ttnn.Op_165,True,False,Mul,1,{'scalar': 0.125},"['ttsim.ttnn.Op_164.out', 'ttsim.ttnn.Op_165.scalar']",['ttsim.ttnn.Op_165.out'],ttsim.ttnn.Op_164.out[10x12x197x197]:bfloat8_b;ttsim.ttnn.Op_165.scalar[10x12x197x197]:bfloat8_b,ttsim.ttnn.Op_165.out[10x12x197x197]:bfloat8_b,,"{""inputs"": [{""layout"": ""TILE_LAYOUT"", ""memory"": ""L1_HEIGHT_SHARDED"", ""dtype"": ""bfloat8_b""}, {""layout"": ""TILE_LAYOUT"", ""memory"": ""L1_HEIGHT_SHARDED"", ""dtype"": ""bfloat8_b""}], ""outputs"": [{""layout"": ""TILE_LAYOUT"", ""memory"": ""L1_HEIGHT_SHARDED"", ""dtype"": ""bfloat8_b""}]}",,None,False,True,ttsim.ttnn.Op_164,9314160,4657080,18628320,9314160,{'mul': 4657080},0,9314160,4657080,4657080,2022,70169,35085,100.0,NA,0.0,0.0,0.0,0,0,0.0,0.0,0.0,0.0,0.0,0.0,0.0,False,,,
Blackhole,p100a,1350.0,VECTOR,BF16,TTNN,vitoptim_bh,vitoptim_bh_b16,1,165,ttsim.ttnn.Op_166,False,False,Softmax,1,{'dim': -1},['ttsim.ttnn.Op_165.out'],['ttsim.ttnn.Op_166.out'],ttsim.ttnn.Op_165.out[10x12x197x197]:bfloat8_b,ttsim.ttnn.Op_166.out[10x12x197x197]:bfloat8_b,,"{""inputs"": [{""layout"": ""TILE_LAYOUT"", ""memory"": ""L1_HEIGHT_SHARDED"", ""dtype"": ""bfloat8_b""}], ""outputs"": [{""layout"": ""TILE_LAYOUT"", ""memory"": ""L1_HEIGHT_SHARDED"", ""dtype"": ""bfloat8_b""}]}",,None,False,True,ttsim.ttnn.Op_164,4657080,4657080,9314160,9314160,"{'cmp': 4657080, 'sub': 4657080, 'exp': 4657080, 'add': 4657080, 'div': 4657080}",0,4657080,4657080,23285400,10110,35085,35085,100.0,NA,0.0,0.0,0.0,0,0,0.0,0.0,0.0,0.0,0.0,0.0,0.0,False,,,
Blackhole,p100a,1350.0,MATRIX,BF16,TTNN,vitoptim_bh,vitoptim_bh_b16,1,166,ttsim.ttnn.Op_167,False,False,MatMul,1,{},"['ttsim.ttnn.Op_166.out', 'ttsim.ttnn.Op_163.out.2']",['ttsim.ttnn.Op_167.out'],ttsim.ttnn.Op_166.out[10x12x197x197]:bfloat8_b;ttsim.ttnn.Op_163.out.2[10x12x197x64]:bfloat8_b,ttsim.ttnn.Op_167.out[10x12x197x64]:bfloat8_b,,"{""inputs"": [{""layout"": ""TILE_LAYOUT"", ""memory"": ""L1_HEIGHT_SHARDED"", ""dtype"": ""bfloat8_b""}, {""layout"": ""TILE_LAYOUT"", ""memory"": ""L1_HEIGHT_SHARDED"", ""dtype"": ""bfloat8_b""}], ""outputs"": [{""layout"": ""TILE_LAYOUT"", ""memory"": ""L1_HEIGHT_SHARDED"", ""dtype"": ""bfloat8_b""}]}",,None,False,False,NA,0,1512960,0,3025920,{'mac': 298053120},0,6170040,1512960,298053120,8086,0,11398,100.0,MEM,11498.0,0.008517037037037037,14373.0,8086,0,0.010646666666666667,0.4219516437641329,0.0,0.0,0.7930422682205601,0.0,0.0,False,,,
Blackhole,p100a,1350.0,VECTOR,BF16,TTNN,vitoptim_bh,vitoptim_bh_b16,1,167,ttsim.ttnn.Op_168,False,False,ConcatHeads,1,{'element_size': 1},['ttsim.ttnn.Op_167.out'],['ttsim.ttnn.Op_168.out'],ttsim.ttnn.Op_167.out[10x12x197x64]:bfloat8_b,ttsim.ttnn.Op_168.out[10x197x768]:bfloat8_b,,"{""inputs"": [{""layout"": ""TILE_LAYOUT"", ""memory"": ""L1_HEIGHT_SHARDED"", ""dtype"": ""bfloat8_b""}], ""outputs"": [{""layout"": ""TILE_LAYOUT"", ""memory"": ""L1_BLOCK_SHARDED"", ""dtype"": ""bfloat8_b""}]}",,None,False,False,NA,1512960,1512960,1512960,1512960,{'mov': 1512960},0,1512960,1512960,1512960,657,5699,5699,100.0,MEM,11498.0,0.008517037037037037,14373.0,0,657,0.010646666666666667,0.0,0.03428422334319012,0.39652113411028006,0.39652113411028006,0.0,0.0,False,,,
Blackhole,p100a,1350.0,MATRIX,BF16,TTNN,vitoptim_bh,vitoptim_bh_b16,1,168,ttsim.ttnn.Op_169,True,False,MatMul,1,{},"['ttsim.ttnn.Op_168.out', 'ttsim.ttnn.Tensor_128', 'ttsim.ttnn.Tensor_129']",['ttsim.ttnn.Op_169.out'],ttsim.ttnn.Op_168.out[10x197x768]:bfloat8_b;ttsim.ttnn.Tensor_128[768x768]:bfloat8_b;ttsim.ttnn.Tensor_129[1x768]:bfloat8_b,ttsim.ttnn.Op_169.out[10x197x768]:bfloat8_b,,"{""inputs"": [{""layout"": ""TILE_LAYOUT"", ""memory"": ""L1_BLOCK_SHARDED"", ""dtype"": ""bfloat8_b""}, {""layout"": ""TILE_LAYOUT"", ""memory"": null, ""dtype"": ""bfloat8_b""}, {""layout"": ""TILE_LAYOUT"", ""memory"": null, ""dtype"": ""bfloat8_b""}], ""outputs"": [{""layout"": ""TILE_LAYOUT"", ""memory"": ""L1_BLOCK_SHARDED"", ""dtype"": ""bfloat8_b""}]}",,None,False,False,NA,590592,1512960,1181184,3025920,"{'mac': 1161953280, 'add': 1512960}",0,2103552,1512960,1163466240,31562,4450,11398,100.0,COMP,32385.0,0.023988888888888886,40482.0,31562,723,0.02998666666666667,0.5847522000926355,0.013395090319592403,0.10992743554114559,0.2815624517523545,0.0,0.0,False,,,
Blackhole,p100a,1350.0,VECTOR,BF16,TTNN,vitoptim_bh,vitoptim_bh_b16,1,169,ttsim.ttnn.Op_170,False,False,Add,1,{},"['ttsim.ttnn.Op_169.out', 'ttsim.ttnn.Op_159.out']",['ttsim.ttnn.Op_170.out'],ttsim.ttnn.Op_169.out[10x197x768]:bfloat8_b;ttsim.ttnn.Op_159.out[10x197x768]:bfloat8_b,ttsim.ttnn.Op_170.out[10x197x768]:bfloat8_b,,"{""inputs"": [{""layout"": ""TILE_LAYOUT"", ""memory"": ""L1_BLOCK_SHARDED"", ""dtype"": ""bfloat8_b""}, {""layout"": ""TILE_LAYOUT"", ""memory"": ""L1_BLOCK_SHARDED"", ""dtype"": ""bfloat8_b""}], ""outputs"": [{""layout"": ""TILE_LAYOUT"", ""memory"": ""L1_BLOCK_SHARDED"", ""dtype"": ""bfloat8_b""}]}",,None,False,True,ttsim.ttnn.Op_169,3025920,1512960,6051840,3025920,{'add': 1512960},0,3025920,1512960,1512960,657,22796,11398,100.0,NA,0.0,0.0,0.0,0,0,0.0,0.0,0.0,0.0,0.0,0.0,0.0,False,,,
Blackhole,p100a,1350.0,VECTOR,BF16,TTNN,vitoptim_bh,vitoptim_bh_b16,1,170,ttsim.ttnn.Op_171,True,False,LayerNormalization,1,{'math_fidelity': 'HiFi2'},"['ttsim.ttnn.Op_170.out', 'ttsim.ttnn.Tensor_132', 'ttsim.ttnn.Tensor_133']",['ttsim.ttnn.Op_171.out'],ttsim.ttnn.Op_170.out[10x197x768]:bfloat8_b;ttsim.ttnn.Tensor_132[1x768]:bfloat16;ttsim.ttnn.Tensor_133[1x768]:bfloat16,ttsim.ttnn.Op_171.out[10x197x768]:bfloat8_b,,"{""inputs"": [{""layout"": ""TILE_LAYOUT"", ""memory"": ""L1_BLOCK_SHARDED"", ""dtype"": ""bfloat8_b""}, {""layout"": ""TILE_LAYOUT"", ""memory"": null, ""dtype"": ""bfloat16""}, {""layout"": ""TILE_LAYOUT"", ""memory"": null, ""dtype"": ""bfloat16""}], ""outputs"": [{""layout"": ""TILE_LAYOUT"", ""memory"": ""L1_BLOCK_SHARDED"", ""dtype"": ""bfloat8_b""}]}",,None,False,False,NA,1514496,1512960,3028992,3025920,"{'add': 3027890, 'sub': 1512960, 'mul': 3025920, 'div': 3940, 'mac': 1512960, 'rsqrt': 1970}",0,1514496,1512960,9085640,3946,11410,11398,100.0,MEM,22908.0,0.016968888888888888,28635.0,0,3946,0.02121111111111111,0.0,0.10335254059717129,0.3984634188929632,0.3980443513183167,0.0,0.0,False,,,
Blackhole,p100a,1350.0,MATRIX,BF16,TTNN,vitoptim_bh,vitoptim_bh_b16,1,171,ttsim.ttnn.Op_172,True,False,MatMul,1,{'fused_activation': 'gelu'},"['ttsim.ttnn.Op_171.out', 'ttsim.ttnn.Tensor_134', 'ttsim.ttnn.Tensor_135']",['ttsim.ttnn.Op_172.out'],ttsim.ttnn.Op_171.out[10x197x768]:bfloat8_b;ttsim.ttnn.Tensor_134[768x3072]:bfloat8_b;ttsim.ttnn.Tensor_135[1x3072]:bfloat8_b,ttsim.ttnn.Op_172.out[10x197x3072]:bfloat8_b,,"{""inputs"": [{""layout"": ""TILE_LAYOUT"", ""memory"": ""L1_BLOCK_SHARDED"", ""dtype"": ""bfloat8_b""}, {""layout"": ""TILE_LAYOUT"", ""memory"": null, ""dtype"": ""bfloat8_b""}, {""layout"": ""TILE_LAYOUT"", ""memory"": null, ""dtype"": ""bfloat8_b""}], ""outputs"": [{""layout"": ""TILE_LAYOUT"", ""memory"": ""L1_BLOCK_SHARDED"", ""dtype"": ""bfloat8_b""}]}",,None,False,False,NA,2362368,6051840,4724736,12103680,"{'mac': 4647813120, 'add': 18155520, 'mul': 36311040, 'tanh': 6051840}",0,3875328,6051840,4708331520,130185,17797,45592,100.0,COMP,269020.0,0.19927407407407408,336275.0,268920,0,0.2490925925925926,0.5997769682551483,0.0,0.05292394617500558,0.03389487770425991,0.0,0.0,False,,,
Blackhole,p100a,1350.0,MATRIX,BF16,TTNN,vitoptim_bh,vitoptim_bh_b16,1,172,ttsim.ttnn.Op_173,True,False,MatMul,1,{},"['ttsim.ttnn.Op_172.out', 'ttsim.ttnn.Tensor_136', 'ttsim.ttnn.Tensor_137']",['ttsim.ttnn.Op_173.out'],ttsim.ttnn.Op_172.out[10x197x3072]:bfloat8_b;ttsim.ttnn.Tensor_136[3072x768]:bfloat8_b;ttsim.ttnn.Tensor_137[1x768]:bfloat8_b,ttsim.ttnn.Op_173.out[10x197x768]:bfloat8_b,,"{""inputs"": [{""layout"": ""TILE_LAYOUT"", ""memory"": ""L1_BLOCK_SHARDED"", ""dtype"": ""bfloat8_b""}, {""layout"": ""TILE_LAYOUT"", ""memory"": null, ""dtype"": ""bfloat8_b""}, {""layout"": ""TILE_LAYOUT"", ""memory"": null, ""dtype"": ""bfloat8_b""}], ""outputs"": [{""layout"": ""TILE_LAYOUT"", ""memory"": ""L1_BLOCK_SHARDED"", ""dtype"": ""bfloat8_b""}]}",,None,False,True,ttsim.ttnn.Op_172,2360064,1512960,4720128,3025920,"{'mac': 4647813120, 'add': 1512960}",0,8411904,1512960,4649326080,126122,17780,11398,100.0,NA,0.0,0.0,0.0,0,0,0.0,0.0,0.0,0.0,0.0,0.0,0.0,False,,,
Blackhole,p100a,1350.0,VECTOR,BF16,TTNN,vitoptim_bh,vitoptim_bh_b16,1,173,ttsim.ttnn.Op_174,False,False,Add,1,{},"['ttsim.ttnn.Op_173.out', 'ttsim.ttnn.Op_170.out']",['ttsim.ttnn.Op_174.out'],ttsim.ttnn.Op_173.out[10x197x768]:bfloat8_b;ttsim.ttnn.Op_170.out[10x197x768]:bfloat8_b,ttsim.ttnn.Op_174.out[10x197x768]:bfloat8_b,,"{""inputs"": [{""layout"": ""TILE_LAYOUT"", ""memory"": ""L1_BLOCK_SHARDED"", ""dtype"": ""bfloat8_b""}, {""layout"": ""TILE_LAYOUT"", ""memory"": ""L1_BLOCK_SHARDED"", ""dtype"": ""bfloat8_b""}], ""outputs"": [{""layout"": ""TILE_LAYOUT"", ""memory"": ""L1_BLOCK_SHARDED"", ""dtype"": ""bfloat8_b""}]}",,None,False,False,NA,3025920,1512960,6051840,3025920,{'add': 1512960},0,3025920,1512960,1512960,657,22796,11398,100.0,MEM,34294.0,0.025402962962962964,42868.0,0,657,0.03175407407407407,0.0,0.0114947221088237,0.531778153612877,0.2658890768064385,0.0,0.0,False,,,
Blackhole,p100a,1350.0,VECTOR,BF16,TTNN,vitoptim_bh,vitoptim_bh_b16,1,174,ttsim.ttnn.Op_175,True,False,LayerNormalization,1,{'math_fidelity': 'HiFi2'},"['ttsim.ttnn.Op_174.out', 'ttsim.ttnn.Tensor_142', 'ttsim.ttnn.Tensor_143']",['ttsim.ttnn.Op_175.out'],ttsim.ttnn.Op_174.out[10x197x768]:bfloat8_b;ttsim.ttnn.Tensor_142[1x768]:bfloat16;ttsim.ttnn.Tensor_143[1x768]:bfloat16,ttsim.ttnn.Op_175.out[10x197x768]:bfloat8_b,,"{""inputs"": [{""layout"": ""TILE_LAYOUT"", ""memory"": ""L1_BLOCK_SHARDED"", ""dtype"": ""bfloat8_b""}, {""layout"": ""TILE_LAYOUT"", ""memory"": null, ""dtype"": ""bfloat16""}, {""layout"": ""TILE_LAYOUT"", ""memory"": null, ""dtype"": ""bfloat16""}], ""outputs"": [{""layout"": ""TILE_LAYOUT"", ""memory"": ""L1_BLOCK_SHARDED"", ""dtype"": ""bfloat8_b""}]}",,None,False,False,NA,1514496,1512960,3028992,3025920,"{'add': 3027890, 'sub': 1512960, 'mul': 3025920, 'div': 3940, 'mac': 1512960, 'rsqrt': 1970}",0,1514496,1512960,9085640,3946,11410,11398,100.0,MEM,22908.0,0.016968888888888888,28635.0,0,3946,0.02121111111111111,0.0,0.10335254059717129,0.3984634188929632,0.3980443513183167,0.0,0.0,False,,,
Blackhole,p100a,1350.0,MATRIX,BF16,TTNN,vitoptim_bh,vitoptim_bh_b16,1,175,ttsim.ttnn.Op_176,True,False,MatMul,1,{},"['ttsim.ttnn.Op_175.out', 'ttsim.ttnn.Tensor_138', 'ttsim.ttnn.Tensor_139']",['ttsim.ttnn.Op_176.out'],ttsim.ttnn.Op_175.out[10x197x768]:bfloat8_b;ttsim.ttnn.Tensor_138[768x2304]:bfloat8_b;ttsim.ttnn.Tensor_139[1x2304]:bfloat8_b,ttsim.ttnn.Op_176.out[10x197x2304]:bfloat8_b,,"{""inputs"": [{""layout"": ""TILE_LAYOUT"", ""memory"": ""L1_BLOCK_SHARDED"", ""dtype"": ""bfloat8_b""}, {""layout"": ""TILE_LAYOUT"", ""memory"": null, ""dtype"": ""bfloat8_b""}, {""layout"": ""TILE_LAYOUT"", ""memory"": null, ""dtype"": ""bfloat8_b""}], ""outputs"": [{""layout"": ""TILE_LAYOUT"", ""memory"": ""L1_BLOCK_SHARDED"", ""dtype"": ""bfloat8_b""}]}",,None,False,False,NA,1771776,4538880,3543552,9077760,"{'mac': 3485859840, 'add': 4538880}",0,3284736,4538880,3490398720,94684,13348,34194,100.0,COMP,94784.0,0.07021037037037037,118480.0,94684,0,0.08776296296296296,0.5993669817690749,0.0,0.11266036461850103,0.2886056718433491,0.0,0.0,False,,,
Blackhole,p100a,1350.0,VECTOR,BF16,TTNN,vitoptim_bh,vitoptim_bh_b16,1,176,ttsim.ttnn.Op_177,False,False,Reshard,1,"{'element_size': 1, 'memory_config': {'memory_layout': <TensorMemoryLayout.BLOCK_SHARDED: 4>, 'buffer_type': <BufferType.L1: 2>, 'shard_spec': None, 'nd_shard_spec': None}}",['ttsim.ttnn.Op_176.out'],['ttsim.ttnn.Op_177.out'],ttsim.ttnn.Op_176.out[10x197x2304]:bfloat8_b,ttsim.ttnn.Op_177.out[10x197x2304]:bfloat8_b,,"{""inputs"": [{""layout"": ""TILE_LAYOUT"", ""memory"": ""L1_BLOCK_SHARDED"", ""dtype"": ""bfloat8_b""}], ""outputs"": [{""layout"": ""TILE_LAYOUT"", ""memory"": ""L1_BLOCK_SHARDED"", ""dtype"": ""bfloat8_b""}]}",,None,False,False,NA,4538880,4538880,4538880,4538880,{'mov': 4538880},0,4538880,4538880,4538880,1970,17097,17097,100.0,MEM,34294.0,0.025402962962962964,42868.0,0,1970,0.03175407407407407,0.0,0.03446667055461596,0.39883361520965765,0.39883361520965765,0.0,0.0,False,,,
Blackhole,p100a,1350.0,VECTOR,BF16,TTNN,vitoptim_bh,vitoptim_bh_b16,1,177,ttsim.ttnn.Op_178,False,False,CreateQKVHeads,1,"{'num_heads': 12, 'num_kv_heads': 12, 'head_dim': 64, 'transpose_k_heads': True, 'element_size': 1}",['ttsim.ttnn.Op_177.out'],"['ttsim.ttnn.Op_178.out.0', 'ttsim.ttnn.Op_178.out.1', 'ttsim.ttnn.Op_178.out.2']",ttsim.ttnn.Op_177.out[10x197x2304]:bfloat8_b,ttsim.ttnn.Op_178.out.0[10x12x197x64]:bfloat8_b;ttsim.ttnn.Op_178.out.1[10x12x64x197]:bfloat8_b;ttsim.ttnn.Op_178.out.2[10x12x197x64]:bfloat8_b,,"{""inputs"": [{""layout"": ""TILE_LAYOUT"", ""memory"": ""L1_BLOCK_SHARDED"", ""dtype"": ""bfloat8_b""}], ""outputs"": [{""layout"": ""TILE_LAYOUT"", ""memory"": ""L1_HEIGHT_SHARDED"", ""dtype"": ""bfloat8_b""}, {""layout"": ""TILE_LAYOUT"", ""memory"": ""L1_HEIGHT_SHARDED"", ""dtype"": ""bfloat8_b""}, {""layout"": ""TILE_LAYOUT"", ""memory"": ""L1_HEIGHT_SHARDED"", ""dtype"": ""bfloat8_b""}]}",,None,False,False,NA,4538880,4538880,4538880,4538880,{'mov': 4538880},0,4538880,4538880,4538880,1970,17097,17097,100.0,MEM,34294.0,0.025402962962962964,42868.0,0,1970,0.03175407407407407,0.0,0.03446667055461596,0.39883361520965765,0.39883361520965765,0.0,0.0,False,,,
Blackhole,p100a,1350.0,MATRIX,BF16,TTNN,vitoptim_bh,vitoptim_bh_b16,1,178,ttsim.ttnn.Op_179,False,False,MatMul,1,{},"['ttsim.ttnn.Op_178.out.0', 'ttsim.ttnn.Op_178.out.1']",['ttsim.ttnn.Op_179.out'],ttsim.ttnn.Op_178.out.0[10x12x197x64]:bfloat8_b;ttsim.ttnn.Op_178.out.1[10x12x64x197]:bfloat8_b,ttsim.ttnn.Op_179.out[10x12x197x197]:bfloat8_b,,"{""inputs"": [{""layout"": ""TILE_LAYOUT"", ""memory"": ""L1_HEIGHT_SHARDED"", ""dtype"": ""bfloat8_b""}, {""layout"": ""TILE_LAYOUT"", ""memory"": ""L1_HEIGHT_SHARDED"", ""dtype"": ""bfloat8_b""}], ""outputs"": [{""layout"": ""TILE_LAYOUT"", ""memory"": ""L1_HEIGHT_SHARDED"", ""dtype"": ""bfloat8_b""}]}",,None,False,False,NA,0,4657080,0,9314160,{'mac': 298053120},0,3025920,4657080,298053120,8086,0,35085,100.0,MEM,35185.0,0.026062962962962965,43982.0,8086,13346,0.03257925925925926,0.13788830467528776,0.22758561887167827,0.0,0.7977263038226517,0.0,0.0,False,,,
Blackhole,p100a,1350.0,VECTOR,BF16,TTNN,vitoptim_bh,vitoptim_bh_b16,1,179,ttsim.ttnn.Op_180,True,False,Mul,1,{'scalar': 0.125},"['ttsim.ttnn.Op_179.out', 'ttsim.ttnn.Op_180.scalar']",['ttsim.ttnn.Op_180.out'],ttsim.ttnn.Op_179.out[10x12x197x197]:bfloat8_b;ttsim.ttnn.Op_180.scalar[10x12x197x197]:bfloat8_b,ttsim.ttnn.Op_180.out[10x12x197x197]:bfloat8_b,,"{""inputs"": [{""layout"": ""TILE_LAYOUT"", ""memory"": ""L1_HEIGHT_SHARDED"", ""dtype"": ""bfloat8_b""}, {""layout"": ""TILE_LAYOUT"", ""memory"": ""L1_HEIGHT_SHARDED"", ""dtype"": ""bfloat8_b""}], ""outputs"": [{""layout"": ""TILE_LAYOUT"", ""memory"": ""L1_HEIGHT_SHARDED"", ""dtype"": ""bfloat8_b""}]}",,None,False,True,ttsim.ttnn.Op_179,9314160,4657080,18628320,9314160,{'mul': 4657080},0,9314160,4657080,4657080,2022,70169,35085,100.0,NA,0.0,0.0,0.0,0,0,0.0,0.0,0.0,0.0,0.0,0.0,0.0,False,,,
Blackhole,p100a,1350.0,VECTOR,BF16,TTNN,vitoptim_bh,vitoptim_bh_b16,1,180,ttsim.ttnn.Op_181,False,False,Softmax,1,{'dim': -1},['ttsim.ttnn.Op_180.out'],['ttsim.ttnn.Op_181.out'],ttsim.ttnn.Op_180.out[10x12x197x197]:bfloat8_b,ttsim.ttnn.Op_181.out[10x12x197x197]:bfloat8_b,,"{""inputs"": [{""layout"": ""TILE_LAYOUT"", ""memory"": ""L1_HEIGHT_SHARDED"", ""dtype"": ""bfloat8_b""}], ""outputs"": [{""layout"": ""TILE_LAYOUT"", ""memory"": ""L1_HEIGHT_SHARDED"", ""dtype"": ""bfloat8_b""}]}",,None,False,True,ttsim.ttnn.Op_179,4657080,4657080,9314160,9314160,"{'cmp': 4657080, 'sub': 4657080, 'exp': 4657080, 'add': 4657080, 'div': 4657080}",0,4657080,4657080,23285400,10110,35085,35085,100.0,NA,0.0,0.0,0.0,0,0,0.0,0.0,0.0,0.0,0.0,0.0,0.0,False,,,
Blackhole,p100a,1350.0,MATRIX,BF16,TTNN,vitoptim_bh,vitoptim_bh_b16,1,181,ttsim.ttnn.Op_182,False,False,MatMul,1,{},"['ttsim.ttnn.Op_181.out', 'ttsim.ttnn.Op_178.out.2']",['ttsim.ttnn.Op_182.out'],ttsim.ttnn.Op_181.out[10x12x197x197]:bfloat8_b;ttsim.ttnn.Op_178.out.2[10x12x197x64]:bfloat8_b,ttsim.ttnn.Op_182.out[10x12x197x64]:bfloat8_b,,"{""inputs"": [{""layout"": ""TILE_LAYOUT"", ""memory"": ""L1_HEIGHT_SHARDED"", ""dtype"": ""bfloat8_b""}, {""layout"": ""TILE_LAYOUT"", ""memory"": ""L1_HEIGHT_SHARDED"", ""dtype"": ""bfloat8_b""}], ""outputs"": [{""layout"": ""TILE_LAYOUT"", ""memory"": ""L1_HEIGHT_SHARDED"", ""dtype"": ""bfloat8_b""}]}",,None,False,False,NA,0,1512960,0,3025920,{'mac': 298053120},0,6170040,1512960,298053120,8086,0,11398,100.0,MEM,11498.0,0.008517037037037037,14373.0,8086,0,0.010646666666666667,0.4219516437641329,0.0,0.0,0.7930422682205601,0.0,0.0,False,,,
Blackhole,p100a,1350.0,VECTOR,BF16,TTNN,vitoptim_bh,vitoptim_bh_b16,1,182,ttsim.ttnn.Op_183,False,False,ConcatHeads,1,{'element_size': 1},['ttsim.ttnn.Op_182.out'],['ttsim.ttnn.Op_183.out'],ttsim.ttnn.Op_182.out[10x12x197x64]:bfloat8_b,ttsim.ttnn.Op_183.out[10x197x768]:bfloat8_b,,"{""inputs"": [{""layout"": ""TILE_LAYOUT"", ""memory"": ""L1_HEIGHT_SHARDED"", ""dtype"": ""bfloat8_b""}], ""outputs"": [{""layout"": ""TILE_LAYOUT"", ""memory"": ""L1_BLOCK_SHARDED"", ""dtype"": ""bfloat8_b""}]}",,None,False,False,NA,1512960,1512960,1512960,1512960,{'mov': 1512960},0,1512960,1512960,1512960,657,5699,5699,100.0,MEM,11498.0,0.008517037037037037,14373.0,0,657,0.010646666666666667,0.0,0.03428422334319012,0.39652113411028006,0.39652113411028006,0.0,0.0,False,,,
Blackhole,p100a,1350.0,MATRIX,BF16,TTNN,vitoptim_bh,vitoptim_bh_b16,1,183,ttsim.ttnn.Op_184,True,False,MatMul,1,{},"['ttsim.ttnn.Op_183.out', 'ttsim.ttnn.Tensor_140', 'ttsim.ttnn.Tensor_141']",['ttsim.ttnn.Op_184.out'],ttsim.ttnn.Op_183.out[10x197x768]:bfloat8_b;ttsim.ttnn.Tensor_140[768x768]:bfloat8_b;ttsim.ttnn.Tensor_141[1x768]:bfloat8_b,ttsim.ttnn.Op_184.out[10x197x768]:bfloat8_b,,"{""inputs"": [{""layout"": ""TILE_LAYOUT"", ""memory"": ""L1_BLOCK_SHARDED"", ""dtype"": ""bfloat8_b""}, {""layout"": ""TILE_LAYOUT"", ""memory"": null, ""dtype"": ""bfloat8_b""}, {""layout"": ""TILE_LAYOUT"", ""memory"": null, ""dtype"": ""bfloat8_b""}], ""outputs"": [{""layout"": ""TILE_LAYOUT"", ""memory"": ""L1_BLOCK_SHARDED"", ""dtype"": ""bfloat8_b""}]}",,None,False,False,NA,590592,1512960,1181184,3025920,"{'mac': 1161953280, 'add': 1512960}",0,2103552,1512960,1163466240,31562,4450,11398,100.0,COMP,32385.0,0.023988888888888886,40482.0,31562,723,0.02998666666666667,0.5847522000926355,0.013395090319592403,0.10992743554114559,0.2815624517523545,0.0,0.0,False,,,
Blackhole,p100a,1350.0,VECTOR,BF16,TTNN,vitoptim_bh,vitoptim_bh_b16,1,184,ttsim.ttnn.Op_185,False,False,Add,1,{},"['ttsim.ttnn.Op_184.out', 'ttsim.ttnn.Op_174.out']",['ttsim.ttnn.Op_185.out'],ttsim.ttnn.Op_184.out[10x197x768]:bfloat8_b;ttsim.ttnn.Op_174.out[10x197x768]:bfloat8_b,ttsim.ttnn.Op_185.out[10x197x768]:bfloat8_b,,"{""inputs"": [{""layout"": ""TILE_LAYOUT"", ""memory"": ""L1_BLOCK_SHARDED"", ""dtype"": ""bfloat8_b""}, {""layout"": ""TILE_LAYOUT"", ""memory"": ""L1_BLOCK_SHARDED"", ""dtype"": ""bfloat8_b""}], ""outputs"": [{""layout"": ""TILE_LAYOUT"", ""memory"": ""L1_BLOCK_SHARDED"", ""dtype"": ""bfloat8_b""}]}",,None,False,True,ttsim.ttnn.Op_184,3025920,1512960,6051840,3025920,{'add': 1512960},0,3025920,1512960,1512960,657,22796,11398,100.0,NA,0.0,0.0,0.0,0,0,0.0,0.0,0.0,0.0,0.0,0.0,0.0,False,,,
Blackhole,p100a,1350.0,VECTOR,BF16,TTNN,vitoptim_bh,vitoptim_bh_b16,1,185,ttsim.ttnn.Op_186,True,False,LayerNormalization,1,{'math_fidelity': 'HiFi2'},"['ttsim.ttnn.Op_185.out', 'ttsim.ttnn.Tensor_144', 'ttsim.ttnn.Tensor_145']",['ttsim.ttnn.Op_186.out'],ttsim.ttnn.Op_185.out[10x197x768]:bfloat8_b;ttsim.ttnn.Tensor_144[1x768]:bfloat16;ttsim.ttnn.Tensor_145[1x768]:bfloat16,ttsim.ttnn.Op_186.out[10x197x768]:bfloat8_b,,"{""inputs"": [{""layout"": ""TILE_LAYOUT"", ""memory"": ""L1_BLOCK_SHARDED"", ""dtype"": ""bfloat8_b""}, {""layout"": ""TILE_LAYOUT"", ""memory"": null, ""dtype"": ""bfloat16""}, {""layout"": ""TILE_LAYOUT"", ""memory"": null, ""dtype"": ""bfloat16""}], ""outputs"": [{""layout"": ""TILE_LAYOUT"", ""memory"": ""L1_BLOCK_SHARDED"", ""dtype"": ""bfloat8_b""}]}",,None,False,False,NA,1514496,1512960,3028992,3025920,"{'add': 3027890, 'sub': 1512960, 'mul': 3025920, 'div': 3940, 'mac': 1512960, 'rsqrt': 1970}",0,1514496,1512960,9085640,3946,11410,11398,100.0,MEM,22908.0,0.016968888888888888,28635.0,0,3946,0.02121111111111111,0.0,0.10335254059717129,0.3984634188929632,0.3980443513183167,0.0,0.0,False,,,
Blackhole,p100a,1350.0,MATRIX,BF16,TTNN,vitoptim_bh,vitoptim_bh_b16,1,186,ttsim.ttnn.Op_187,True,False,MatMul,1,{'fused_activation': 'gelu'},"['ttsim.ttnn.Op_186.out', 'ttsim.ttnn.Tensor_146', 'ttsim.ttnn.Tensor_147']",['ttsim.ttnn.Op_187.out'],ttsim.ttnn.Op_186.out[10x197x768]:bfloat8_b;ttsim.ttnn.Tensor_146[768x3072]:bfloat8_b;ttsim.ttnn.Tensor_147[1x3072]:bfloat8_b,ttsim.ttnn.Op_187.out[10x197x3072]:bfloat8_b,,"{""inputs"": [{""layout"": ""TILE_LAYOUT"", ""memory"": ""L1_BLOCK_SHARDED"", ""dtype"": ""bfloat8_b""}, {""layout"": ""TILE_LAYOUT"", ""memory"": null, ""dtype"": ""bfloat8_b""}, {""layout"": ""TILE_LAYOUT"", ""memory"": null, ""dtype"": ""bfloat8_b""}], ""outputs"": [{""layout"": ""TILE_LAYOUT"", ""memory"": ""L1_BLOCK_SHARDED"", ""dtype"": ""bfloat8_b""}]}",,None,False,False,NA,2362368,6051840,4724736,12103680,"{'mac': 4647813120, 'add': 18155520, 'mul': 36311040, 'tanh': 6051840}",0,3875328,6051840,4708331520,130185,17797,45592,100.0,COMP,269020.0,0.19927407407407408,336275.0,268920,0,0.2490925925925926,0.5997769682551483,0.0,0.05292394617500558,0.03389487770425991,0.0,0.0,False,,,
Blackhole,p100a,1350.0,MATRIX,BF16,TTNN,vitoptim_bh,vitoptim_bh_b16,1,187,ttsim.ttnn.Op_188,True,False,MatMul,1,{},"['ttsim.ttnn.Op_187.out', 'ttsim.ttnn.Tensor_148', 'ttsim.ttnn.Tensor_149']",['ttsim.ttnn.Op_188.out'],ttsim.ttnn.Op_187.out[10x197x3072]:bfloat8_b;ttsim.ttnn.Tensor_148[3072x768]:bfloat8_b;ttsim.ttnn.Tensor_149[1x768]:bfloat8_b,ttsim.ttnn.Op_188.out[10x197x768]:bfloat8_b,,"{""inputs"": [{""layout"": ""TILE_LAYOUT"", ""memory"": ""L1_BLOCK_SHARDED"", ""dtype"": ""bfloat8_b""}, {""layout"": ""TILE_LAYOUT"", ""memory"": null, ""dtype"": ""bfloat8_b""}, {""layout"": ""TILE_LAYOUT"", ""memory"": null, ""dtype"": ""bfloat8_b""}], ""outputs"": [{""layout"": ""TILE_LAYOUT"", ""memory"": ""L1_BLOCK_SHARDED"", ""dtype"": ""bfloat8_b""}]}",,None,False,True,ttsim.ttnn.Op_187,2360064,1512960,4720128,3025920,"{'mac': 4647813120, 'add': 1512960}",0,8411904,1512960,4649326080,126122,17780,11398,100.0,NA,0.0,0.0,0.0,0,0,0.0,0.0,0.0,0.0,0.0,0.0,0.0,False,,,
Blackhole,p100a,1350.0,VECTOR,BF16,TTNN,vitoptim_bh,vitoptim_bh_b16,1,188,ttsim.ttnn.Op_189,False,False,Add,1,{},"['ttsim.ttnn.Op_188.out', 'ttsim.ttnn.Op_185.out']",['ttsim.ttnn.Op_189.out'],ttsim.ttnn.Op_188.out[10x197x768]:bfloat8_b;ttsim.ttnn.Op_185.out[10x197x768]:bfloat8_b,ttsim.ttnn.Op_189.out[10x197x768]:bfloat8_b,,"{""inputs"": [{""layout"": ""TILE_LAYOUT"", ""memory"": ""L1_BLOCK_SHARDED"", ""dtype"": ""bfloat8_b""}, {""layout"": ""TILE_LAYOUT"", ""memory"": ""L1_BLOCK_SHARDED"", ""dtype"": ""bfloat8_b""}], ""outputs"": [{""layout"": ""TILE_LAYOUT"", ""memory"": ""L1_BLOCK_SHARDED"", ""dtype"": ""bfloat8_b""}]}",,None,False,False,NA,3025920,1512960,6051840,3025920,{'add': 1512960},0,3025920,1512960,1512960,657,22796,11398,100.0,MEM,34294.0,0.025402962962962964,42868.0,0,4998,0.03175407407407407,0.0,0.08744386773196478,0.531778153612877,0.2658890768064385,0.0,0.0,False,,,
Blackhole,p100a,1350.0,VECTOR,BF16,TTNN,vitoptim_bh,vitoptim_bh_b16,1,189,ttsim.ttnn.Op_190,True,False,LayerNormalization,1,{},"['ttsim.ttnn.Op_189.out', 'ttsim.ttnn.Tensor_150', 'ttsim.ttnn.Tensor_151']",['ttsim.ttnn.Op_190.out'],ttsim.ttnn.Op_189.out[10x197x768]:bfloat8_b;ttsim.ttnn.Tensor_150[1x768]:bfloat16;ttsim.ttnn.Tensor_151[1x768]:bfloat16,ttsim.ttnn.Op_190.out[10x197x768]:bfloat8_b,,"{""inputs"": [{""layout"": ""TILE_LAYOUT"", ""memory"": ""L1_BLOCK_SHARDED"", ""dtype"": ""bfloat8_b""}, {""layout"": ""TILE_LAYOUT"", ""memory"": null, ""dtype"": ""bfloat16""}, {""layout"": ""TILE_LAYOUT"", ""memory"": null, ""dtype"": ""bfloat16""}], ""outputs"": [{""layout"": ""TILE_LAYOUT"", ""memory"": ""L1_BLOCK_SHARDED"", ""dtype"": ""bfloat8_b""}]}",,None,False,True,ttsim.ttnn.Op_189,1514496,1512960,3028992,3025920,"{'add': 3027890, 'sub': 1512960, 'mul': 3025920, 'div': 3940, 'mac': 1512960, 'rsqrt': 1970}",0,1514496,1512960,9085640,3946,11410,11398,100.0,NA,0.0,0.0,0.0,0,0,0.0,0.0,0.0,0.0,0.0,0.0,0.0,False,,,
Blackhole,p100a,1350.0,VECTOR,BF16,TTNN,vitoptim_bh,vitoptim_bh_b16,1,190,ttsim.ttnn.Op_191,False,False,Reshard,1,"{'element_size': 1, 'memory_config': {'memory_layout': <TensorMemoryLayout.BLOCK_SHARDED: 4>, 'buffer_type': <BufferType.L1: 2>, 'shard_spec': None, 'nd_shard_spec': None}}",['ttsim.ttnn.Op_190.out'],['ttsim.ttnn.Op_191.out'],ttsim.ttnn.Op_190.out[10x197x768]:bfloat8_b,ttsim.ttnn.Op_191.out[10x197x768]:bfloat8_b,,"{""inputs"": [{""layout"": ""TILE_LAYOUT"", ""memory"": ""L1_BLOCK_SHARDED"", ""dtype"": ""bfloat8_b""}], ""outputs"": [{""layout"": ""TILE_LAYOUT"", ""memory"": ""L1_BLOCK_SHARDED"", ""dtype"": ""bfloat8_b""}]}",,None,False,False,NA,1512960,1512960,1512960,1512960,{'mov': 1512960},0,1512960,1512960,1512960,657,5699,5699,100.0,MEM,11498.0,0.008517037037037037,14373.0,0,657,0.010646666666666667,0.0,0.03428422334319012,0.39652113411028006,0.39652113411028006,0.0,0.0,False,,,
Blackhole,p100a,1350.0,MATRIX,BF16,TTNN,vitoptim_bh,vitoptim_bh_b16,1,191,ttsim.ttnn.Op_192,True,True,MatMul,1,{},"['ttsim.ttnn.Op_191.out', 'ttsim.ttnn.Tensor_152', 'ttsim.ttnn.Tensor_153']",['ttsim.ttnn.Op_192.out'],ttsim.ttnn.Op_191.out[10x197x768]:bfloat8_b;ttsim.ttnn.Tensor_152[768x1152]:bfloat8_b;ttsim.ttnn.Tensor_153[1x1152]:bfloat8_b,ttsim.ttnn.Op_192.out[10x197x1152]:bfloat8_b,,"{""inputs"": [{""layout"": ""TILE_LAYOUT"", ""memory"": ""L1_BLOCK_SHARDED"", ""dtype"": ""bfloat8_b""}, {""layout"": ""TILE_LAYOUT"", ""memory"": null, ""dtype"": ""bfloat8_b""}, {""layout"": ""TILE_LAYOUT"", ""memory"": null, ""dtype"": ""bfloat8_b""}], ""outputs"": [{""layout"": ""TILE_LAYOUT"", ""memory"": ""L1_BLOCK_SHARDED"", ""dtype"": ""bfloat8_b""}]}",,None,False,False,NA,885888,2269440,1771776,4538880,"{'mac': 1742929920, 'add': 2269440}",0,2398848,2269440,1745199360,47342,6674,17097,100.0,COMP,47442.0,0.03514222222222222,59303.0,47342,0,0.04392814814814815,0.5987352978373592,0.0,0.11254162977952026,0.28830150499557355,0.0,0.0,False,,,
